OBJECTID,Id,LASTUPDATE,LASTEDITOR,created_user,created_date,last_edited_user,last_edited_date,Name,Phone,Address,Email,ImageLink,Shape__Area,Shape__Length
1,1,2023/12/14 00:00:00+00,ANB - post-2023 Election Info Update,NPJACKSON,2022/01/13 17:00:00+00,ABOWEN,2023/12/14 18:31:49+00,ED GRIMES,(334) 544-0248,P.O. BOX 1111,egrimes@montgomeryal.gov,https://www.montgomeryal.gov/home/showpublishedimage/12614/637677209485700000,53227371.671875,86930.9850742246
2,3,2023/12/14 00:00:00+00,ANB - post-2023 Election Info Update,NPJACKSON,2022/01/13 17:00:00+00,ABOWEN,2023/12/14 18:31:49+00,MARCHE JOHNSON,(334) 721-6003,P.O. BOX 1111,mtjohnson@montgomeryal.gov,https://www.montgomeryal.gov/home/showpublishedimage/12335/637595113999270000,47208535.2890625,46451.2782051614
3,8,2023/12/14 00:00:00+00,ANB - post-2023 Election Info Update,NPJACKSON,2022/01/13 17:00:00+00,ABOWEN,2023/12/14 18:31:49+00,"GLEN O. PRUITT, JR",(334) 300-3611,P.O. BOX 1111,gpruitt@montgomeryal.gov,https://www.montgomeryal.gov/home/showpublishedimage/1996/635883781245000000,79495294.7914734,104888.586037527
4,9,2023/12/14 00:00:00+00,ANB - post-2023 Election Info Update,NPJACKSON,2022/01/13 17:00:00+00,ABOWEN,2023/12/14 18:31:49+00,CHARLES W. JINRIGHT,(334) 625-2097,P.O. BOX 1111,cjinright@montgomeryal.gov,https://www.montgomeryal.gov/home/showpublishedimage/1990/635883781240130000,44282584.0507812,35868.9202129056
5,2,2023/12/14 00:00:00+00,ANB - post-2023 Election Info Update,NPJACKSON,2022/01/13 17:00:00+00,ABOWEN,2023/12/14 18:31:49+00,JULIE T. BEARD,(334) 868-7196,P.O. BOX 1111,jbeard@montgomeryal.gov,https://www.montgomeryal.gov/home/showpublishedimage/15594/638356525227970000,58848834.75,38287.3579901372
6,4,2024/09/19 00:00:00+00,ACB-Annex ORD 47-2024,NPJACKSON,2022/01/13 17:00:00+00,ABENEFIELD,2024/09/19 14:23:21+00,FRANETTA D. RILEY,(334) 414-5305,P.O. BOX 1111,friley@montgomeryal.gov,https://www.montgomeryal.gov/home/showpublishedimage/15592/638356525223570000,199152151.677567,96614.151093464
7,5,2023/12/14 00:00:00+00,ANB - post-2023 Election Info Update,NPJACKSON,2022/01/13 17:00:00+00,ABOWEN,2023/12/14 18:31:49+00,CORNELIUS CALHOUN,(334) 399-3360,P.O. BOX 1111,cccalhoun@montgomeryal.gov,https://www.montgomeryal.gov/home/showpublishedimage/8098/637158180101230000,42097725.71875,46334.9427473481
8,6,2023/12/14 00:00:00+00,ANB - post-2023 Election Info Update,NPJACKSON,2022/01/13 17:00:00+00,ABOWEN,2023/12/14 18:31:49+00,ORONDE K. MITCHELL,(334) 221-5975,P.O. BOX 1111,omitchell@montgomeryal.gov,https://www.montgomeryal.gov/home/showpublishedimage/8104/637158181270230000,47529505.9375,36515.7489472569
9,7,2023/12/14 00:00:00+00,ANB - post-2023 Election Info Update,NPJACKSON,2022/01/13 17:00:00+00,ABOWEN,2023/12/14 18:31:49+00,ANDREW SZYMANSKI,(334) 209-4757,P.O. BOX 1111,aszymanski@montgomeryal.gov,https://www.montgomeryal.gov/home/showpublishedimage/15590/638356525216700000,29709306.1679688,33900.1689889211
