OBJECTID,Id,LASTUPDATE,LASTEDITOR,created_user,created_date,last_edited_user,last_edited_date,Name,Phone,Address,Email,ImageLink,District,Shape.STArea(),Shape.STLength()
4150,1,1702512000000,ANB - post-2023 Election Info Update,ABOWEN,1740675256000,NPJACKSON,1744835989000,ED GRIMES,(334) 544-0248,P.O. BOX 1111,egrimes@montgomeryal.gov,https://www.montgomeryal.gov/home/showpublishedimage/12614/637677209485700000,District 1,400243838.2904008,240598.7708053845
4151,3,1702512000000,ANB - post-2023 Election Info Update,ABOWEN,1740675256000,NPJACKSON,1744835989000,MARCHE JOHNSON,(334) 721-6003,P.O. BOX 1111,mtjohnson@montgomeryal.gov,https://www.montgomeryal.gov/home/showpublishedimage/12335/637595113999270000,District 3,361222925.9311646,128489.09559673473
4152,8,1702512000000,ANB - post-2023 Election Info Update,ABOWEN,1740675256000,NPJACKSON,1744835989000,"GLEN O. PRUITT, JR",(334) 300-3611,P.O. BOX 1111,gpruitt@montgomeryal.gov,https://www.montgomeryal.gov/home/showpublishedimage/1996/635883781245000000,District 8,599388660.9455723,290431.37328328646
4153,9,1702512000000,ANB - post-2023 Election Info Update,ABOWEN,1740675256000,NPJACKSON,1744835989000,CHARLES W. JINRIGHT,(334) 625-2097,P.O. BOX 1111,cjinright@montgomeryal.gov,https://www.montgomeryal.gov/home/showpublishedimage/1990/635883781240130000,District 9,339122516.9317924,99327.86445122938
4154,2,1702512000000,ANB - post-2023 Election Info Update,ABOWEN,1740675256000,NPJACKSON,1744835989000,JULIE T. BEARD,(334) 868-7196,P.O. BOX 1111,jbeard@montgomeryal.gov,https://www.montgomeryal.gov/home/showpublishedimage/15594/638356525227970000,District 2,450152976.74439126,105959.34742932886
4155,4,1726704000000,ACB-Annex ORD 47-2024,ABOWEN,1740675256000,NPJACKSON,1744835989000,FRANETTA D. RILEY,(334) 414-5305,P.O. BOX 1111,friley@montgomeryal.gov,https://www.montgomeryal.gov/home/showpublishedimage/15592/638356525223570000,District 4,1526043024.6240468,267343.6548108338
4156,5,1702512000000,ANB - post-2023 Election Info Update,ABOWEN,1740675256000,NPJACKSON,1744835989000,CORNELIUS CALHOUN,(334) 399-3360,P.O. BOX 1111,cccalhoun@montgomeryal.gov,https://www.montgomeryal.gov/home/showpublishedimage/8098/637158180101230000,District 5,322630196.0460511,128286.59164889946
4157,6,1702512000000,ANB - post-2023 Election Info Update,ABOWEN,1740675256000,NPJACKSON,1744835989000,ORONDE K. MITCHELL,(334) 221-5975,P.O. BOX 1111,omitchell@montgomeryal.gov,https://www.montgomeryal.gov/home/showpublishedimage/8104/637158181270230000,District 6,364403599.5941648,101169.23667887342
4158,7,1702512000000,ANB - post-2023 Election Info Update,ABOWEN,1740675256000,NPJACKSON,1744835989000,ANDREW SZYMANSKI,(334) 209-4757,P.O. BOX 1111,aszymanski@montgomeryal.gov,https://www.montgomeryal.gov/home/showpublishedimage/15590/638356525216700000,District 7,227554652.46545956,93828.22850346369
