OBJECTID,OBJECTID_1,FACILITYID,Type,FULLADDR,OPERDAYS,OPERHOURS,PARKAREA,PARKURL,NUMPARKING,RESTROOM,ADACOMPLY,CAMPING,SWIMMING,HIKING,FISHING,PICNIC,BOATING,HUNTING,ROADCYCLE,MTBCYCLE,PLAYGROUND,GOLF,SKI,SOCCER,BASEBALL,SOFTBALL,BASKETBALL,TENNIS,SKATEBOARD,INFORMATION,PETS,LASTUPDATE,LASTEDITOR,created_user,created_date,last_edited_user,last_edited_date,ORIG_FID,X,Y
1,1,Alabama State Capitol,Museum,"Montgomery, AL 36104, United States",,,,,,,,,,,,,,,,,,,,,,,,,,,,,,,,,,,-86.3224638,32.3989318
2,2,AlabamaMosaic,Museum,"624 Washington Ave, Montgomery, AL 36104, United States",,,,,,,,,,,,,,,,,,,,,,,,,,,,,,,,,,,-86.300518,32.3757537
3,3,Armory Learning Arts Center,Recreation,1018 MADISON AVE,Mon-Fri,8:00AM-5:00PM,2.24812956,http://www.funinmontgomery.com/parks-items/Armory,70,Y,Y,N,N,N,N,N,N,N,N,N,N,N,N,N,N,N,N,N,N,Y,N,2017/11/03 00:00:00+00,SLH,,,ABOWEN,2021/12/02 16:39:56+00,1,-86.29440802,32.37944736
5,5,AUM/Ron Nunn Complex,Sports Field,250 BROWN SPRINGS RD,Sun-Sat,Daylight,27.77297621,http://www.funinmontgomery.com/parks-items/aum-ron-nunn-montgomery-east,300,Y,Y,N,N,N,N,Y,N,N,N,N,Y,N,N,N,5,2,N,N,N,N,Y,2013/08/21 00:00:00+00,SLH,shutcheson,2017/11/03 16:26:27+00,ABOWEN,2021/12/02 16:39:56+00,84,-86.1832935,32.37479859
12,12,Chisholm Community Center,Community Center,329 E VANDIVER BLVD,Sun-Sat,Daylight,28.20692249,http://www.funinmontgomery.com/parks-items/Chisholm,0,N,N,N,N,N,N,N,N,N,N,N,N,N,N,N,Y,Y,Y,N,N,N,N,2013/08/21 00:00:00+00,SLH,,,ABOWEN,2021/12/02 16:39:56+00,6,-86.27330726,32.41932342
13,13,Civil Rights Memorial,Museum,"400 Washington Ave, Montgomery, AL 36104, United States",,,,,,,,,,,,,,,,,,,,,,,,,,,,,,,,,,,-86.303246,32.3761442
18,18,Court Square,Historical Place,1 DEXTER AVE,Sun-Sat,Daylight,0.79432368,http://www.funinmontgomery.com/parks-items/court-square,0,N,N,N,N,N,N,N,N,N,N,N,N,N,N,N,N,N,N,N,N,N,N,2017/11/03 00:00:00+00,SLH,,,ABOWEN,2021/12/02 16:39:56+00,10,-86.30911598,32.37712843
19,19,Cramton Bowl ,Sports Field,1022 MADISON AVE,Mon-Fri,8:00AM-5:00PM,16.07607995,http://www.funinmontgomery.com/parks-items/cramton-bowl,0,Y,Y,N,N,N,N,N,N,N,N,N,N,N,N,N,N,N,N,N,N,Y,N,2013/08/29 00:00:00+00,SLH,,,ABOWEN,2021/12/02 16:39:56+00,11,-86.29362581,32.37892183
20,20,Crump Senior Center,Community Center,1751 CONG W L DICKINSON DR,Mon-Fri,8:00AM-5:00PM,1.84549616,http://www.funinmontgomery.com/parks-items/crump-senior-center,,Y,Y,N,N,N,N,N,N,N,N,N,N,N,N,N,N,N,N,N,N,N,,2017/11/03 00:00:00+00,,shutcheson,2017/11/03 15:03:17+00,ABOWEN,2021/12/02 16:39:56+00,82,-86.26384116,32.40732897
25,25,Dexter Parsonage Museum,Museum,"309 S Jackson St, Montgomery, AL 36104, United States",,,,,,,,,,,,,,,,,,,,,,,,,,,,,,,,,,,-86.2960648,32.3730404
29,29,E.D. Nixon Community Center (Goode),Community Center,1000 Edgar D Nixon Ave,"Mon-
Mon-Fri",8:00AM-5:00PM,1.65449065,http://www.funinmontgomery.com/parks-items/goode-street,,,Y,N,N,N,N,N,N,N,N,N,Y,N,N,N,N,N,Y,N,N,Y,,2017/11/03 00:00:00+00,,shutcheson,2017/11/03 15:22:23+00,ABOWEN,2021/12/02 16:39:56+00,83,-86.31428545,32.3634274
30,30,Earl D. James Center (Capital Heights),Community Center,206 FEDERAL DR,Mon-Fri,8:00AM-5:00PM,9.17844068,http://www.funinmontgomery.com/parks-items/capitol-heights,30,Y,Y,N,N,N,N,N,N,N,N,N,N,N,N,Y,1,1,Y,N,N,Y,N,2013/08/29 00:00:00+00,SLH,,,ABOWEN,2021/12/02 16:39:56+00,4,-86.27137695,32.38416219
31,31,Emory Folmar Soccer Complex,Sports Field,3000 BROWN SPRINGS RD,Sun-Sat,Daylight,52.30991847,http://www.funinmontgomery.com/parks-items/emory-folmar-ymca-soccer-complex,300,Y,Y,N,N,N,N,N,N,N,N,N,N,N,N,10,N,N,N,N,N,N,Y,2013/08/21 00:00:00+00,SLH,,,ABOWEN,2021/12/02 16:39:56+00,14,-86.18305642,32.37746095
35,35,Floyd Community Center,Community Center,3450 LEBRON RD,Mon-Fri,8:00AM-5:00PM,0.75672686,http://www.funinmontgomery.com/parks-items/Floyd,60,Y,Y,N,Y,N,N,N,N,N,N,N,Y,N,N,N,N,N,N,N,N,Y,N,2013/08/29 00:00:00+00,SLH,,,ABOWEN,2021/12/02 16:39:56+00,22,-86.29555005,32.34031475
38,38,Freedom Rides Museum,Museum,"210 S Court St, Montgomery, AL 36104, United States",,,,,,,,,,,,,,,,,,,,,,,,,,,,,,,,,,,-86.3091165,32.374636
40,40,Goodwyn Community Center,Community Center,205 PERRY HILL RD,Mon-Fri,8:00AM-5:00PM,0.29132404,http://www.funinmontgomery.com/parks-items/Goodwyn,20,Y,Y,N ,N,N,N,N,N,N,N,N,N,N,N,N,N,N,Y,N,N,Y,N,2017/11/03 00:00:00+00,SLH,,,ABOWEN,2021/12/02 16:39:56+00,77,-86.24529258,32.38080913
42,42,Harriot II,Recreation,255 Commerce St,Mon-Fri,8:00AM-5:00PM,0.13515902,http://www.funinmontgomery.com/parks-items/harriot-ii-riverboat,,Y,Y,N,N,N,N,N,N,N,N,N,N,N,N,N,N,N,N,N,N,N,N,2017/11/03 00:00:00+00,,shutcheson,2017/11/03 16:45:07+00,ABOWEN,2021/12/02 16:39:56+00,86,-86.31390223,32.38216385
43,43,Hayneville Road Community Center,Community Center,3315 HAYNEVILLE RD,Mon-Fri,8:00AM-5:00PM,23.82768895,http://www.funinmontgomery.com/parks-items/hayneville-road,0,Y,Y,N,N,N,N,N,N,N,N,N,Y,N,N,N,N,N,Y,N,N,Y,N,2017/11/03 00:00:00+00,SLH,,,ABOWEN,2021/12/02 16:39:56+00,69,-86.35501401,32.34789358
45,45,Highland Gardens Community Center,Community Center,2805 WILLENA AVE,Sun-Sat,Daylight,5.34762405,http://www.funinmontgomery.com/parks-items/highland-gardens,0,Y,Y,N,N,N,N,N,N,N,N,N,Y,N,N,N,1,1,Y,N,N,Y,N,2013/08/22 00:00:00+00,SLH,,,ABOWEN,2021/12/02 16:39:56+00,28,-86.28080241,32.39904434
47,47,Houston Hill Community Center,Community Center,207 HALL ST,Mon-Fri,8:00AM-5:00PM,10.97497262,http://www.funinmontgomery.com/parks-items/houston-hill,0,Y,Y,N,Y,N,N,N,N,N,N,N,Y,N,N,1,1,1,Y,N,N,Y,N,2017/11/03 00:00:00+00,SLH,,,ABOWEN,2021/12/02 16:39:56+00,30,-86.29060886,32.37686458
48,48,Hunter Station Community Center,Community Center,20 MELTON ST,Sun-Sat,Daylight,3.87568228,http://www.funinmontgomery.com/parks-items/hunter-station,18,Y,Y,N,N,Y,N,Y,N,N,N,N,Y,N,N,N,N,N,Y,N,N,Y,N,2017/11/03 00:00:00+00,SLH,,,ABOWEN,2021/12/02 16:39:56+00,31,-86.39189354,32.39119508
53,53,King Hill Community Center,Community Center,814 E CLAREMONT ST,Sun-Sat,Daylight,15.15821864,http://www.funinmontgomery.com/parks-items/king-hill,0,Y,Y,N,N,N,N,Y,N,N,Y,N,Y,N,N,1,1,1,Y,N,N,Y,N,2017/11/03 00:00:00+00,SLH,,,ABOWEN,2021/12/02 16:39:56+00,36,-86.27767809,32.39036074
56,56,Landmarks Foundation of Montgomery,Museum,"301 Columbus St, Montgomery, AL 36104, United States",,,,,,,,,,,,,,,,,,,,,,,,,,,,,,,,,,,-86.3048903999999,32.3824118
60,60,Loveless Community Center,Community Center,911 W JEFF DAVIS AVE,Sun-Sat,Daylight,0.90038378,http://www.funinmontgomery.com/parks-items/Loveless,0,Y,Y,N,N,N,N,N,N,N,N,N,N,N,N,N,N,N,N,N,N,Y,N,2017/11/03 00:00:00+00,SLH,,,ABOWEN,2021/12/02 16:39:56+00,43,-86.32325426,32.36559996
62,62,Mann Wildlife Learning Museum,Museum,"325 E Vandiver Blvd, Montgomery, AL 36110, United States",,,,,,,,,,,,,,,,,,,,,,,,,,,,,,,,,,,-86.2780753999999,32.417899
63,63,McIntyre Community Center,Community Center,1240 HUGH ST,Sun-Sat,Daylight,19.41937771,http://www.funinmontgomery.com/parks-items/McIntyre,0,Y,N,N,Y,N,N,Y,N,N,N,N,Y,N,N,1,1,1,Y,N,N,N,N,2013/08/23 00:00:00+00,SLH,,,ABOWEN,2021/12/02 16:39:56+00,44,-86.33375739,32.36054504
65,65,Montgomery Interpretive Center of Selma to Montgomery National Historic Trail,Museum,"1521 Harris Way, Montgomery, AL 36106, United States",,,,,,,,,,,,,,,,,,,,,,,,,,,,,,,,,,,-86.2912362,32.3651157
66,66,Montgomery Museum of Fine Arts,Museum,"1 Museum Dr, Montgomery, AL 36117, United States",,,,,,,,,,,,,,,,,,,,,,,,,,,,,,,,,,,-86.2064199,32.3510269
67,67,Montgomery Whitewater,Recreation,1100 MAXWELL BLVD,Sun-Sat,10:00AM-8:00PM,,,,,,,,,,,,,,,,,,,,,,,,,,,,,,,,,-86.328981917,32.3785661
68,68,Montgomery Zoo,Zoo,2301 COLISEUM PKWY,Sun-Sat,9:00AM-5:00PM,60.81671295,http://www.montgomeryzoo.com,,Y,Y,N,N,N,N,N,N,N,N,N,N,N,N,N,N,N,N,N,N,Y,N,2015/08/21 00:00:00+00,BWR,brandolph,2015/08/21 20:26:09+00,ABOWEN,2021/12/02 16:39:56+00,78,-86.27720354,32.42031238
69,69,Montgomery Zoo & Mann Wildlife Learning Museum,Museum,"2301 Coliseum Pkwy, Montgomery, AL 36110, United States",,,,,,,,,,,,,,,,,,,,,,,,,,,,,,,,,,,-86.2751933,32.4198404
70,70,Multiplex at Cramton Bowl ,Sports Field,220 HALL ST,Mon-Fri,8:00AM-5:00PM,2.75814596,http://www.funinmontgomery.com/parks-items/multiplex-at-cramton-bowl,0,Y,Y,N,N,N,N,N,N,N,N,N,N,N,N,Y,N,N,Y,Y,N,N,N,2013/08/29 00:00:00+00,SLH,shutcheson,2017/11/03 16:59:42+00,ABOWEN,2021/12/02 16:39:56+00,88,-86.2929517,32.37838791
71,71,Museum of Alabama,Museum,"142-158 S Union St, Montgomery, AL 36104, United States",,,,,,,,,,,,,,,,,,,,,,,,,,,,,,,,,,,-86.3003892999999,32.3758403
73,73,Newtown Community Center,Community Center,1765 N DECATUR ST ,Sun-Sat,Daylight,6.03315154,http://www.funinmontgomery.com/parks-items/Newtown,30,Y,Y,N,N,N,N,Y,N,N,N,N,Y,N,N,N,N,N,Y,N,N,Y,N,2017/11/03 00:00:00+00,SLH,,,ABOWEN,2021/12/02 16:39:56+00,72,-86.29489495,32.39687119
76,76,Old Selma Road Community Center,Community Center,3200 OLD SELMA RD,Sun-Sat,Daylight,10.17586202,http://www.funinmontgomery.com/parks-items/old-selma-road,20,Y,Y,N,N,N,N,Y,N,N,N,N,N,N,N,1,1,1,N,N,N,N,N,2017/11/03 00:00:00+00,SLH,,,ABOWEN,2021/12/02 16:39:56+00,48,-86.37291471,32.36052935
77,77,Ordeman House Museum,Museum,"230 N Hull St, Montgomery, AL 36104, United States",,,,,,,,,,,,,,,,,,,,,,,,,,,,,,,,,,,-86.3036484,32.3809555
78,78,Paterson Field,Sports Field,1215 MADISON AVE,Mon-Fri,8:00AM-5:00PM,15.68679038,http://www.funinmontgomery.com/parks-items/paterson-field,300,N,N,N,N,N,N,N,N,N,N,N,N,N,N,N,1,1,N,N,N,N,N,2013/08/29 00:00:00+00,SLH,,,ABOWEN,2021/12/02 16:39:56+00,50,-86.29141375,32.38181261
85,85,Riverfront Amphitheater,Recreation,335 COOSA ST,Sun-Sat,Daylight,3.43980347,http://www.funinmontgomery.com/parks-items/riverwalk-amphitheater,0,Y,Y,N,N,Y,N,Y,N,N,N,N,N,N,N,N,N,N,N,N,N,N,N,2013/08/27 00:00:00+00,SLH,shutcheson,2017/11/03 17:17:44+00,ABOWEN,2021/12/02 16:39:56+00,89,-86.31246847,32.38298448
87,87,Riverwalk Stadium,Sports Field,355 COOSA ST,Mon-Fri,8:00AM-5:00PM,8.10955767,http://www.funinmontgomery.com/parks-items/riverwalk-buscuits-stadium,0,Y,Y,N,N,N,N,N,N,N,N,N,N,N,N,N,1,N,N,N,N,Y,N,2013/08/27 00:00:00+00,SLH,,,ABOWEN,2021/12/02 16:39:56+00,71,-86.31047527,32.38234343
89,89,Rosa Parks Library & Museum Childrens Wing,Museum,"208 Montgomery St, Montgomery, AL 36104, United States",,,,,,,,,,,,,,,,,,,,,,,,,,,,,,,,,,,-86.3110181,32.3767767
90,90,Rosa Parks Museum,Museum,"252 Montgomery St, Montgomery, AL 36104, United States",,,,,,,,,,,,,,,,,,,,,,,,,,,,,,,,,,,-86.3111705,32.3768141
94,94,Sheridan Heights Community Center,Community Center,3501 FARO DR,Sun-Sat,Daylight,18.96266811,http://www.funinmontgomery.com/parks-items/sheridan-heights,100,Y,Y,N,Y,Y,N,Y,N,N,N,N,Y,N,N,N,2,2,Y,N,N,Y,N,2013/08/27 00:00:00+00,SLH,,,ABOWEN,2021/12/02 16:39:56+00,56,-86.28524248,32.43537425
95,95,The First White House of the Confederacy,Museum,"644 Washington Ave, Montgomery, AL 36130, United States",,,,,,,,,,,,,,,,,,,,,,,,,,,,,,,,,,,-86.2999236,32.3761348
96,96,The Hank Williams Museum,Museum,"118 Commerce St, Montgomery, AL 36104, United States",,,,,,,,,,,,,,,,,,,,,,,,,,,,,,,,,,,-86.31067,32.3794619
97,97,The Legacy Museum,Museum,"400 N Court St, Montgomery, AL 36104, United States",,,,,,,,,,,,,,,,,,,,,,,,,,,,,,,,,,,-86.3087554999999,32.3821078
98,98,The MOOseum,Museum,"201 S Bainbridge St, Montgomery, AL 36104, United States",,,,,,,,,,,,,,,,,,,,,,,,,,,,,,,,,,,-86.3007863,32.3751849
99,99,The National Memorial for Peace and Justice,Museum,"417 Caroline St, Montgomery, AL 36104, United States",,,,,,,,,,,,,,,,,,,,,,,,,,,,,,,,,,,-86.3132907,32.3726988
100,100,The Scott and Zelda Fitzgerald Museum,Museum,"919 Felder Ave, Montgomery, AL 36106, United States",,,,,,,,,,,,,,,,,,,,,,,,,,,,,,,,,,,-86.2923017999999,32.3586895
101,101,Therapeutic Recreation Center,Community Center,604 AUGUSTA AVE,Mon-Fri,8:00AM-5:00PM,2.63897632,http://www.funinmontgomery.com/parks-items/therapeudic-recreation,60,Y,Y,N,Y,N,N,N,N,N,N,N,Y,N,N,N,N,N,Y,N,N,Y,N,2013/08/29 00:00:00+00,SLH,shutcheson,2017/11/03 17:40:38+00,ABOWEN,2021/12/02 16:39:56+00,91,-86.2977552,32.34102755
105,105,Union Station Train Shed,Historical Place,300 WATER ST,Mon-Fri,8:00AM-5:00PM,2.63350892,http://www.funinmontgomery.com/parks-items/union-station-train-shed,,Y,Y,N,N,N,N,N,N,N,N,N,N,N,N,N,N,N,N,N ,N,Y,N,2017/11/03 00:00:00+00,,shutcheson,2017/11/03 17:29:20+00,ABOWEN,2021/12/02 16:39:56+00,90,-86.31430729,32.3804616
109,109,W.A. Gayle Planetarium,Recreation,1010 FOREST AVE,Mon-Fri,8:00AM-5:00PM,0.84144595,http://www.funinmontgomery.com/parks-items/w-a-gayle-planetarium,0,Y,Y,N,N,N,N,N,N,N,N,N,N,N,N,N,N,N,N,N,N,Y,Y,2013/08/27 00:00:00+00,SLH,shutcheson,2017/11/03 18:03:19+00,ABOWEN,2021/12/02 16:39:56+00,92,-86.28734822,32.36807907
113,113,Willie Cook Community Center (Macedonia),Community Center,6050 WOODLEY RD,Sun-Sat,Daylight,5.68041116,http://www.funinmontgomery.com/parks-items/macedonia-willie-cook,0,N,Y,N,N,Y,N,Y,N,N,N,N,N,N,N,N,N,1,1,N,N,N,Y,2013/08/27 00:00:00+00,SLH,,,ABOWEN,2021/12/02 16:39:56+00,73,-86.22532156,32.29459093
