OBJECTID,Id,Name,Phone,Email,Address,Link,Shape__Area,Shape__Length
1,1,ED GRIMES,(334) 544-0248,egrimes@montgomeryal.gov,P.O. BOX 1111,https://www.montgomeryal.gov/government/city-government/city-council/councillor-district-1,52292143.55859375,86930.97381409595
2,3,MARCHE JOHNSON,(334) 721-6003,mtjohnson@montgomeryal.gov,P.O. BOX 1111,https://www.montgomeryal.gov/government/city-government/city-council/councillor-district-3,47208535.36328125,46451.27820515377
3,8,"GLEN O. PRUITT, JR",(334) 300-3611,gpruitt@montgomeryal.gov,P.O. BOX 1111,https://www.montgomeryal.gov/government/city-government/city-council/councillor-district-8,78190431.9921875,104888.5854197872
4,9,CHARLES W. JINRIGHT,(334) 625-2097,cjinright@montgomeryal.gov,P.O. BOX 1111,https://www.montgomeryal.gov/government/city-government/city-council/councillor-district-9,44282584.296875,35868.92021292444
5,2,JULIE T. BEARD,(334) 868-7196,jbeard@montgomeryal.gov,P.O. BOX 1111,https://www.montgomeryal.gov/government/city-government/city-council,58848834.71875,38287.35799013717
6,4,FRANETTA D. RILEY,(334) 414-5305,friley@montgomeryal.gov,P.O. BOX 1111,https://www.montgomeryal.gov/government/city-government/city-council,199152141.92578125,96614.13426205498
7,5,CORNELIUS CALHOUN,(334) 399-3360,cccalhoun@montgomeryal.gov,P.O. BOX 1111,https://www.montgomeryal.gov/government/city-government/city-council/councillor-district-5,42097725.734375,46334.94274734609
8,6,ORONDE K. MITCHELL,(334) 221-5975,omitchell@montgomeryal.gov,P.O. BOX 1111,https://www.montgomeryal.gov/government/city-government/city-council/councillor-district-6,47529505.98828125,36515.74894726457
9,7,ANDREW SZYMANSKI,(334) 209-4757,aszymanski@montgomeryal.gov,P.O. BOX 1111,https://www.montgomeryal.gov/government/city-government/city-council,29709306.109375,33900.16898895794
