X,Y,OBJECTID,FacilityName,LicenseeName,Director,Phone,Address,City,ZipCode,Day_Hours,Day_Ages,Day_Capacity,Night_Hours,Night_Ages,Night_Capacity,Status,License_Ex,Consultant,ContactPerson,Notes,LastUpdate,LastEditor,created_user,created_date,last_edited_user,last_edited_date
-9604512.75182405,3806872.23356258,1,7 HEAVEN LLC,,DANA BULLOCK,(334)538-4748,2109 MONA LISA DRIVE,MONTGOMERY,36111,06:30 AM - 05:00 PM,6 WKS Through 5 YRS,,,N/A,,Licensed Family,,,,Licensed Family,2024/09/20,IAM - updated from DHR Interactive Map 9/16/24,ABOWEN,2024/09/20 17:43:46+00,ABOWEN,2024/09/21 04:48:43+00
-9611148.17077194,3808449.83806875,2,AGAPE CHILD DEVELOPMENT CENTER,,ERMA FRANKLIN,(334)593-0502,2640 WESTGATE STREET,MONTGOMERY,36108,06:30 AM - 05:30 PM,6 WKS Through 12 YRS,,,N/A,,Licensed Center,,,,Licensed Center,2024/09/20,IAM - updated from DHR Interactive Map 9/16/24,ABOWEN,2024/09/20 17:43:46+00,ABOWEN,2024/09/21 04:48:43+00
-9596261.41563997,3807952.84232171,3,ALDERSGATE WEEKDAY CHILDREN'S MINISTRIES,,ELLEN BRUCH,(334)277-0880,6610 VAUGHN ROAD,MONTGOMERY,36116,07:00 AM - 05:30 PM,6 WKS Through 18 YRS,,,N/A,,Licensed Center,,,,Licensed Center,2024/09/20,IAM - updated from DHR Interactive Map 9/16/24,ABOWEN,2024/09/20 17:43:46+00,ABOWEN,2024/09/21 04:48:43+00
-9597780.59227259,3814376.60918205,4,ALABAMA CHRISTIAN ACADEMY,,GREG GLENN,(334)277-1985,4700 WARES FERRY ROAD,MONTGOMERY,36109,,N/A,,,N/A,,Exempt Center,,,,Exempt Center,2024/09/20,IAM - updated from DHR Interactive Map 9/16/24,ABOWEN,2024/09/20 17:43:46+00,ABOWEN,2024/09/21 04:48:43+00
-9604183.68635302,3806099.58373329,5,ALFA CHILD CARE AND DEVELOPMENT CENTER,,KIMBERLY CARTER,(334)281-7439,2120 E SO BLVD,MONTGOMERY,36116,06:45 AM - 05:30 PM,6 WKS Through 6 YRS,,,N/A,,Licensed Center,,,,Licensed Center,2024/09/20,IAM - updated from DHR Interactive Map 9/16/24,ABOWEN,2024/09/20 17:43:46+00,ABOWEN,2024/09/21 04:48:43+00
-9596551.5162426,3810704.08907108,6,ALL ABOARD ACADEMY-CHILDCARE,,TYESHA MOORE,(334)239-8014,5833 CARMICHAEL RD,MONTGOMERY,36117,06:00 AM - 06:00 PM,6 WKS Through 12 YRS,,,N/A,,Licensed Center,,,,Licensed Center,2024/09/20,IAM - updated from DHR Interactive Map 9/16/24,ABOWEN,2024/09/20 17:43:46+00,ABOWEN,2024/09/21 04:48:43+00
-9611219.97041146,3802611.87593881,7,ALICE M GLOVER,,ALICE GLOVER,(334)281-2754,5616 E SHADES VALLEY DR,MONTGOMERY,36108,06:00 AM - 07:00 PM,0 WKS Through 10 YRS,,07:00 PM - 12:00 AM,0 WKS Through 10 YRS,,Licensed Family,,,,Licensed Family,2024/09/20,IAM - updated from DHR Interactive Map 9/16/24,ABOWEN,2024/09/20 17:43:46+00,ABOWEN,2024/09/21 04:48:43+00
-9602054.59040422,3811640.85849815,8,ALL ABOUT KIDZ LEARNING & DEV. CENTER,,TOMEKA KNIGHT,(334)676-3100,3305 HARRISON ROAD,MONTGOMERY,36109,06:00 AM - 07:00 PM,6 WKS Through 12 YRS,,07:00 PM - 12:00 AM,6 WKS Through 12 YRS,,Licensed Center,,,,Licensed Center,2024/09/20,IAM - updated from DHR Interactive Map 9/16/24,ABOWEN,2024/09/20 17:43:46+00,ABOWEN,2024/09/21 04:48:43+00
-9602028.8750438,3811510.64768295,9,ALL ABOUT KIDZ TOO,,SADE LEWIS,(334)676-3100,3364 HARRISON ROAD,MONTGOMERY,36109,06:00 AM - 06:00 PM,3 YRS Through 12 YRS,,,N/A,,Licensed Center,,,,Licensed Center,2024/09/20,IAM - updated from DHR Interactive Map 9/16/24,ABOWEN,2024/09/20 17:43:46+00,ABOWEN,2024/09/21 04:48:43+00
-9606052.52131649,3804836.43927756,10,ALL KID CHILDCARE SERVICES,,PATRICIA CARTER,(334)384-3414,1733 CORAL LN,MONTGOMERY,36116,07:00 AM - 05:30 PM,12 MOS Through 15 YRS,,,N/A,,Licensed Family,,,,Licensed Family,2024/09/20,IAM - updated from DHR Interactive Map 9/16/24,ABOWEN,2024/09/20 17:43:46+00,ABOWEN,2024/09/21 04:48:43+00
-9598445.50673637,3805765.37723492,11,AREATHA'S LOVE AND CARE,,AREATHA WILLIAMS,(334)538-4777,3659 CARRIAGE OAKS DRIVE,MONTGOMERY,36116,07:30 AM - 04:00 PM,6 WKS Through 4 YRS,,,N/A,,Licensed Family,,,,Licensed Family,2024/09/20,IAM - updated from DHR Interactive Map 9/16/24,ABOWEN,2024/09/20 17:43:46+00,ABOWEN,2024/09/21 04:48:43+00
-9604288.66596767,3814105.57707925,12,ANITA  THOMAS,,ANITA THOMAS,(334)269-5478,2129 WINDSOR AVE,MONTGOMERY,,06:00 AM - 06:00 PM,4 WKS Through 12 YRS,,,N/A,,Licensed Family,,,,Licensed Family,2024/09/20,IAM - updated from DHR Interactive Map 9/16/24,ABOWEN,2024/09/20 17:43:46+00,ABOWEN,2024/09/21 04:48:43+00
-9605482.45331138,3812057.7371052,13,BEE SMART TUTORIAL & CDC,,PATRICIA DEAN,(334)356-9201,1625 LAKE STREET,MONTGOMERY,36106,06:00 AM - 07:00 PM,6 WKS Through 13 YRS,,07:00 PM - 12:00 AM,6 WKS Through 13 YRS,,Licensed Center,,,,Licensed Center,2024/09/20,IAM - updated from DHR Interactive Map 9/16/24,ABOWEN,2024/09/20 17:43:46+00,ABOWEN,2024/09/21 04:48:43+00
-9605726.90813599,3812183.47969695,14,BETHANY CHILD DEVELOPMENT CENTER,,FENYSA HAYES,(334)265-5521,714 CEDAR STREET,MONTGOMERY,36106,06:30 AM - 06:00 PM,6 WKS Through 12 YRS,,,N/A,,Licensed Center,,,,Licensed Center,2024/09/20,IAM - updated from DHR Interactive Map 9/16/24,ABOWEN,2024/09/20 17:43:46+00,ABOWEN,2024/09/21 04:48:43+00
-9590858.63715242,3807019.39389968,15,AVALON MONTESSORI SCHOOL,,SONIA CHAUDHURI,(334)725-6797,395 RAY THORINGTON RD,MONTGOMERY,36117,07:00 AM - 05:30 PM,6 WKS Through 6 YRS,,,N/A,,Licensed Center,,,,Licensed Center,2024/09/20,IAM - updated from DHR Interactive Map 9/16/24,ABOWEN,2024/09/20 17:43:46+00,ABOWEN,2024/09/21 04:48:43+00
-9605636.91700834,3806330.31225188,16,AMAZING KIDS ACADEMY,,DINAH ROBINSON-ALLEN,(334)356-7121,1125 E S BLVD,MONTGOMERY,36116,05:00 AM - 07:00 PM,6 WKS Through 13 YRS,,07:00 PM - 12:00 AM,6 WKS Through 13 YRS,,Licensed Center,,,,Licensed Center,2024/09/20,IAM - updated from DHR Interactive Map 9/16/24,ABOWEN,2024/09/20 17:43:46+00,ABOWEN,2024/09/21 04:48:43+00
-9600561.46504365,3808614.01498867,17,BEYOND PLAY LEARNING ACADEMY,,YOLANDA GREEN,(334)239-8331,3873 LLYDE LANE,MONTGOMERY,36106,07:00 AM - 05:30 PM,2 WKS Through 5 YRS,,,N/A,,Licensed Family,,,,Licensed Family,2024/09/20,IAM - updated from DHR Interactive Map 9/16/24,ABOWEN,2024/09/20 17:43:46+00,ABOWEN,2024/09/21 04:48:43+00
-9596774.1559561,3815175.37180317,18,BIBLE BABIES LEARNING ACADEMY,,COURTNEY HARKLESS,(334)272-6731,444 TWAIN CURVE,MONTGOMERY,36117,05:30 AM - 06:00 PM,6 WKS Through 13 YRS,,,N/A,,Licensed Center,,,,Licensed Center,2024/09/20,IAM - updated from DHR Interactive Map 9/16/24,ABOWEN,2024/09/20 17:43:46+00,ABOWEN,2024/09/21 04:48:43+00
-9595274.23788169,3807579.06003769,19,BELL ROAD PRESCHOOL,,HEIDI CAWTHORNE,(334)356-1789,3241 BELL ROAD,MONTGOMERY,36116,06:45 AM - 06:00 PM,4 WKS Through 12 YRS,,,N/A,,Licensed Center,,,,Licensed Center,2024/09/20,IAM - updated from DHR Interactive Map 9/16/24,ABOWEN,2024/09/20 17:43:46+00,ABOWEN,2024/09/21 04:48:43+00
-9596467.02673726,3812996.85566667,20,BIBLE BABIES LEARNING ACADEMY SITE II,,COURTNEY HARKLESS,(334)649-1722,209 GUNN ROAD,MONTGOMERY,36117,05:30 AM - 07:00 PM,3 YRS Through 13 YRS,,,N/A,,Licensed Center,,,,Licensed Center,2024/09/20,IAM - updated from DHR Interactive Map 9/16/24,ABOWEN,2024/09/20 17:43:46+00,ABOWEN,2024/09/21 04:48:43+00
-9600835.64747541,3814655.0288172,21,BLAKELYN'S DAYCARE,,LYNNE MOODY,(334)220-3331,435 DALRAIDA ROAD,MONTGOMERY,36109,07:30 AM - 05:30 PM,3 WKS Through 5 YRS,,,N/A,,Licensed Center,,,,Licensed Center,2024/09/20,IAM - updated from DHR Interactive Map 9/16/24,ABOWEN,2024/09/20 17:43:46+00,ABOWEN,2024/09/21 04:48:43+00
-9608711.60979736,3806634.57088509,22,BETHLEHEM TEMPLE EDUCATIONAL DEV. CTR.,,JULIET CRAWFORD,(334)288-8366,4214 ROSA L. PARKS AVENUE,MONTGOMERY,36105,05:30 AM - 05:30 PM,6 WKS Through 14 YRS,,,N/A,,Licensed Center,,,,Licensed Center,2024/09/20,IAM - updated from DHR Interactive Map 9/16/24,ABOWEN,2024/09/20 17:43:46+00,ABOWEN,2024/09/21 04:48:43+00
-9596375.40868024,3810754.4321582,23,BIBLE BABIES LEARNING ACADEMY SITE 3,,COURTNEY HARKLESS,(334)356-4374,5783 CARMICHAEL PARKWAY,MONTGOMERY,36117,06:30 AM - 05:30 PM,6 WKS Through 12 YRS,,,N/A,,Licensed Center,,,,Licensed Center,2024/09/20,IAM - updated from DHR Interactive Map 9/16/24,ABOWEN,2024/09/20 17:43:46+00,ABOWEN,2024/09/21 04:48:43+00
-9599673.79895805,3810111.99007337,24,BRIDGET'S CHRISTIAN CHILDCARE & LRN. CTR,,BRIDGET TUCK,(334)492-0364,4112 TANDY DRIVE,MONTGOMERY,36106,07:00 AM - 05:30 PM,6 WKS Through 5 YRS,,,N/A,,Licensed Family,,,,Licensed Family,2024/09/20,IAM - updated from DHR Interactive Map 9/16/24,ABOWEN,2024/09/20 17:43:46+00,ABOWEN,2024/09/21 04:48:43+00
-9606647.52085313,3808234.67348538,25,BRIGHT PATHS ACADEMY LLC,,VICKIE MOORE,(334)593-3772,524 AUGUSTA AVENUE,MONTGOMERY,36111,06:00 AM - 06:00 PM,6 WKS Through 12 YRS,,,N/A,,Licensed Center,,,,Licensed Center,2024/09/20,IAM - updated from DHR Interactive Map 9/16/24,ABOWEN,2024/09/20 17:43:46+00,ABOWEN,2024/09/21 04:48:43+00
-9603083.52312461,3807657.98096003,26,BRENDA'S DEV AND LEARNING HOME DAYCARE,,TANGERLERIA RONEY,(334)616-5783,2828 GREENBRIAR RD,MONTGOMERY,36111,07:00 AM - 05:30 PM,6 WKS Through 12 YRS,,07:00 PM - 12:00 AM,6 WKS Through 12 YRS,,Licensed Family,,,,Licensed Family,2024/09/20,IAM - updated from DHR Interactive Map 9/16/24,ABOWEN,2024/09/20 17:43:46+00,ABOWEN,2024/09/21 04:48:43+00
-9602687.78044268,3804261.4897173,27,BROWN'S HOME DAY CARE,,BARBARA BROWN,(334)281-4084,261 SMALLBROOK DR,MONTGOMERY,,06:30 AM - 05:30 PM,6 WKS Through 5 YRS,,,N/A,,Licensed Family,,,,Licensed Family,2024/09/20,IAM - updated from DHR Interactive Map 9/16/24,ABOWEN,2024/09/20 17:43:46+00,ABOWEN,2024/09/21 04:48:43+00
-9592993.18214329,3813701.41024785,28,BY HIS GRACE D/C & LEARNING CENTER,,LATRICE RUSH,(334)676-2167,6933 ATLANTA HWY,MONTGOMERY,36117,05:00 AM - 07:00 PM,6 WKS Through 12 YRS,,07:00 PM - 12:00 AM,6 WKS Through 12 YRS,,Licensed Center,,,,Licensed Center,2024/09/20,IAM - updated from DHR Interactive Map 9/16/24,ABOWEN,2024/09/20 17:43:46+00,ABOWEN,2024/09/21 04:48:43+00
-9598795.37963608,3807392.36916039,29,BY HIS GRACE D/C & LEARNING CENTER II,,ALEXIS MCCALL,(334)593-9180,3025 BUCKBOARD RD,MONTGOMERY,36116,05:00 AM - 07:00 PM,6 WKS Through 12 YRS,,07:00 PM - 12:00 AM,6 WKS Through 12 YRS,,Licensed Center,,,,Licensed Center,2024/09/20,IAM - updated from DHR Interactive Map 9/16/24,ABOWEN,2024/09/20 17:43:46+00,ABOWEN,2024/09/21 04:48:43+00
-9592506.9412189,3809580.53039131,30,BY HIS GRACE DAYCARE & LEARNING CENTER V,,LAMARLA BUCHANAN,(334)593-9439,1767 HALCYON BOULEVARD,MONTGOMERY,36117,05:00 AM - 07:00 PM,6 WKS Through 12 YRS,,07:00 PM - 12:00 AM,6 WKS Through 12 YRS,,Licensed Center,,,,Licensed Center,2024/09/20,IAM - updated from DHR Interactive Map 9/16/24,ABOWEN,2024/09/20 17:43:46+00,ABOWEN,2024/09/21 04:48:43+00
-9604157.42052663,3806720.5970388,31,CAROLYN WHITE,,CAROLYN WHITE,(334)593-9848,2175 BEVERLY DRIVE,MONTGOMERY,36111,05:00 AM - 05:30 PM,0 WKS Through 12 YRS,,,N/A,,Licensed Family,,,,Licensed Family,2024/09/20,IAM - updated from DHR Interactive Map 9/16/24,ABOWEN,2024/09/20 17:43:46+00,ABOWEN,2024/09/21 04:48:43+00
-9601129.8628241,3808187.63771306,32,CASA ALEGRIA,,JAQUELINE TORRES,(562)209-5184,2513 CAPSTONE DRIVE,MONTGOMERY,36106,07:00 AM - 07:00 PM,1 YRS Through 15 YRS,,07:00 PM - 12:00 AM,18 MOS Through 15 YRS,,Licensed Family,,,,Licensed Family,2024/09/20,IAM - updated from DHR Interactive Map 9/16/24,ABOWEN,2024/09/20 17:43:46+00,ABOWEN,2024/09/21 04:48:43+00
-9610704.89759607,3809154.64852284,33,CARVER ELEMENTARY PRE-K,,ASHLEY WILLIAMS,(334)415-3843,3100 MOBILE DRIVE,MONTGOMERY,36108,07:30 AM - 03:30 PM,3 YRS Through 5 YRS,,,N/A,,Licensed Center,,,,Licensed Center,2024/09/20,IAM - updated from DHR Interactive Map 9/16/24,ABOWEN,2024/09/20 17:43:46+00,ABOWEN,2024/09/21 04:48:43+00
-9607297.07699626,3810602.61378201,34,CHURCH OF THE ASCENSION,,MURREY ZIMMERMAN,(334)261-7974,315 CLANTON AVENUE,MONTGOMERY,36104,,N/A,,,N/A,,Exempt Center,,,,Exempt Center,2024/09/20,IAM - updated from DHR Interactive Map 9/16/24,ABOWEN,2024/09/20 17:43:46+00,ABOWEN,2024/09/21 04:48:43+00
-9607611.10146993,3812532.75858705,35,CHILDREN'S LEARNING CENTER,,KIMBERLY HERBERT,(334)834-7475,305 SOUTH PERRY STREET,MONTGOMERY,36104,06:30 AM - 05:30 PM,6 WKS Through 5 YRS,,,N/A,,Licensed Center,,,,Licensed Center,2024/09/20,IAM - updated from DHR Interactive Map 9/16/24,ABOWEN,2024/09/20 17:43:46+00,ABOWEN,2024/09/21 04:48:43+00
-9604516.86661108,3818415.54181937,36,CHISHOLM ELEM HEAD START PROGRAM,,LATONYA SLAYTON,(334)263-3474,307 E. VANDIVER BLVD,MONTGOMERY,36106,06:30 AM - 07:00 PM,3 YRS Through 5 YRS,,,N/A,,Licensed Center,,,,Licensed Center,2024/09/20,IAM - updated from DHR Interactive Map 9/16/24,ABOWEN,2024/09/20 17:43:46+00,ABOWEN,2024/09/21 04:48:43+00
-9600141.78930762,3803988.05446259,37,CENTURY 2000 DAY CARE & NIGHTTIME CENTER,,CARLINE DERAMUS,(334)288-7740,4714 VIRGINIA LOOP ROAD,MONTGOMERY,36116,05:00 AM - 07:00 PM,3 WKS Through 15 YRS,,07:00 PM - 12:00 AM,3 WKS Through 15 YRS,,Licensed Center,,,,Licensed Center,2024/09/20,IAM - updated from DHR Interactive Map 9/16/24,ABOWEN,2024/09/20 17:43:46+00,ABOWEN,2024/09/21 04:48:43+00
-9606603.77857781,3809522.94664193,38,CLOVERDALE BAPTIST CHURCH,,ASHLEY TIDWELL,(334)265-7488,608 EAST FAIRVIEW AVENUE,MONTGOMERY,36106,,N/A,,,N/A,,Exempt Center,,,,Exempt Center,2024/09/20,IAM - updated from DHR Interactive Map 9/16/24,ABOWEN,2024/09/20 17:43:46+00,ABOWEN,2024/09/21 04:48:43+00
-9608671.87041987,3810630.94706999,39,CULTURAL ARTS HEAD START CENTER,,ERIC HYATT,(334)386-4520,1400 AARON STREET,MONTGOMERY,36108,06:30 AM - 07:00 PM,3 YRS Through 5 YRS,,,N/A,,Licensed Center,,,,Licensed Center,2024/09/20,IAM - updated from DHR Interactive Map 9/16/24,ABOWEN,2024/09/20 17:43:46+00,ABOWEN,2024/09/21 04:48:43+00
-9610457.10241954,3810380.55639731,40,COMMON GROUND MONTGOMERY PRESCHOOL,,LASARA QUINN,(334)676-2299,1623 MOBILE ROAD,MONTGOMERY,36108,07:00 AM - 03:00 PM,4 YRS Through 5 YRS,,,N/A,,Licensed Center,,,,Licensed Center,2024/09/20,IAM - updated from DHR Interactive Map 9/16/24,ABOWEN,2024/09/20 17:43:46+00,ABOWEN,2024/09/21 04:48:43+00
-9596040.11026172,3817214.77913738,41,DEBORAH SPEARS,,DEBORAH SPEARS,(334)782-8935,1349 SUMMERFIELD PLACE,MONTGOMERY,36117,06:30 AM - 07:00 PM,0 WKS Through 10 YRS,,,N/A,,Licensed Family,,,,Licensed Family,2024/09/20,IAM - updated from DHR Interactive Map 9/16/24,ABOWEN,2024/09/20 17:43:46+00,ABOWEN,2024/09/21 04:48:43+00
-9607802.68857715,3811475.84994202,42,"DOROTHY'S ANGELS CHILDCARE, LLC",,TERESA ELEM,(334)593-8558,789 SOUTH COURT STREET,MONTGOMERY,36104,05:00 AM - 07:00 PM,6 WKS Through 12 YRS,,07:00 PM - 12:00 AM,6 WKS Through 12 YRS,,Licensed Center,,,,Licensed Center,2024/09/20,IAM - updated from DHR Interactive Map 9/16/24,ABOWEN,2024/09/20 17:43:46+00,ABOWEN,2024/09/21 04:48:43+00
-9606083.58320058,3810193.42966345,43,EARLY CHILDHOOD DEVELOPMENT CENTER,,VICKY MOORE,(334)834-8964,2416 W. CLOVERDALE PARK,MONTGOMERY,36106,07:00 AM - 05:30 PM,6 WKS Through 6 YRS,,,N/A,,Licensed Center,,,,Licensed Center,2024/09/20,IAM - updated from DHR Interactive Map 9/16/24,ABOWEN,2024/09/20 17:43:46+00,ABOWEN,2024/09/21 04:48:43+00
-9607037.14261619,3811615.15760449,44,EASTERN OAKS ACADEMY,,DESHOWNE HARRIS,(334)265-0779,500 ARBA STREET,MONTGOMERY,36104,05:30 AM - 07:00 PM,0 WKS Through 12 YRS,,,N/A,,Licensed Center,,,,Licensed Center,2024/09/20,IAM - updated from DHR Interactive Map 9/16/24,ABOWEN,2024/09/20 17:43:46+00,ABOWEN,2024/09/21 04:48:43+00
-9599330.27095236,3809832.88123266,45,EASTWOOD CHRISTIAN SCHOOL,,JOEL BIUS,(334)272-8195,1701 EAST TRINITY BLVD,MONTGOMERY,36106,,N/A,,,N/A,,Exempt Center,,,,Exempt Center,2024/09/20,IAM - updated from DHR Interactive Map 9/16/24,ABOWEN,2024/09/20 17:43:46+00,ABOWEN,2024/09/21 04:48:43+00
-9598811.5217841,3813672.41237841,46,EASTMONT BAPTIST CHURCH,,LYNN BLACKWELL,(334)239-8555,4505 ATLANTA HIGHWAY,MONTGOMERY,36109,,N/A,,,N/A,,Exempt Center,,,,Exempt Center,2024/09/20,IAM - updated from DHR Interactive Map 9/16/24,ABOWEN,2024/09/20 17:43:46+00,ABOWEN,2024/09/21 04:48:43+00
-9609226.13213404,3808621.26019415,47,EDGEMONT HEAD START CENTER,,ERIC HYATT,(334)262-2666,830 W EDGEMONT AVENUE,MONTGOMERY,36105,06:30 AM - 07:00 PM,3 YRS Through 5 YRS,,,N/A,,Licensed Center,,,,Licensed Center,2024/09/20,IAM - updated from DHR Interactive Map 9/16/24,ABOWEN,2024/09/20 17:43:46+00,ABOWEN,2024/09/21 04:48:43+00
-9607349.5061388,3812440.75772689,48,EDUCARE ACADEMY DC & TUTORING SERVICES,,COURTNEY BYNUM,(334)322-7549,312 SCOTT STREET,MONTGOMERY,36104,06:30 AM - 07:00 PM,4 WKS Through 12 YRS,,07:00 PM - 12:00 AM,4 WKS Through 12 YRS,,Licensed Center,,,,Licensed Center,2024/09/20,IAM - updated from DHR Interactive Map 9/16/24,ABOWEN,2024/09/20 17:43:46+00,ABOWEN,2024/09/21 04:48:43+00
-9601984.348896,3813096.77142899,49,EASTERN HILLS BAPTIST CHURCH,,LISA MONTGOMERY,(334)277-5424,3604 PLEASANT RIDGE ROAD,MONTGOMERY,36109,,N/A,,,N/A,,Exempt Center,,,,Exempt Center,2024/09/20,IAM - updated from DHR Interactive Map 9/16/24,ABOWEN,2024/09/20 17:43:46+00,ABOWEN,2024/09/21 04:48:43+00
-9603558.29674101,3813677.02536456,50,EASTWOOD PRESBYTERIAN CHURCH,,DONNA JONES,(334)356-9110,9 ARDEN ROAD,MONTGOMERY,36109,,N/A,,,N/A,,Exempt Center,,,,Exempt Center,2024/09/20,IAM - updated from DHR Interactive Map 9/16/24,ABOWEN,2024/09/20 17:43:46+00,ABOWEN,2024/09/21 04:48:43+00
-9604957.58329932,3812013.320936,51,"EDUCARE LEARNING CENTER, LLC.",,COURTNEY BYNUM,(334)262-7227,1901 CHERRY STREET,MONTGOMERY,36107,06:30 AM - 07:00 PM,6 WKS Through 13 YRS,,07:00 PM - 12:00 AM,6 WKS Through 13 YRS,,Licensed Center,,,,Licensed Center,2024/09/20,IAM - updated from DHR Interactive Map 9/16/24,ABOWEN,2024/09/20 17:43:46+00,ABOWEN,2024/09/21 04:48:43+00
-9600338.71348852,3809262.56718393,52,EVANGEL CHURCH,,ROSEMARY HEAN,(334)273-0730,3975 VAUGHN ROAD,MONTGOMERY,36106,,N/A,,,N/A,,Exempt Center,,,,Exempt Center,2024/09/20,IAM - updated from DHR Interactive Map 9/16/24,ABOWEN,2024/09/20 17:43:46+00,ABOWEN,2024/09/21 04:48:43+00
-9595902.07215159,3813993.39362283,53,ELC LEARNING CENTER,,COURTNEY BYNUM,(334)593-7133,3442 EASTDALE CIRCLE,MONTGOMERY,36117,06:30 AM - 07:00 PM,0 WKS Through 12 YRS,,07:00 PM - 08:00 PM,0 WKS Through 12 YRS,,Licensed Center,,,,Licensed Center,2024/09/20,IAM - updated from DHR Interactive Map 9/16/24,ABOWEN,2024/09/20 17:43:46+00,ABOWEN,2024/09/21 04:48:43+00
-9604471.6687798,3813078.05545081,54,EDUCARE LEARNING CENTER LLC,,COURTNEY BYNUM,(334)676-3233,130 S MARYLAND ST,MONTGOMERY,36107,06:30 AM - 07:00 PM,6 WKS Through 12 YRS,,07:00 PM - 12:00 AM,6 WKS Through 12 YRS,,Licensed Center,,,,Licensed Center,2024/09/20,IAM - updated from DHR Interactive Map 9/16/24,ABOWEN,2024/09/20 17:43:46+00,ABOWEN,2024/09/21 04:48:43+00
-9604641.76734748,3813612.95816069,55,EXTRAORDINARY LEADERS ACADEMY LLC,,BRIAN PLEASANT,(334)593-0655,2000 WINONA AVE,MONTGOMERY,36106,05:30 AM - 07:00 PM,6 WKS Through 12 YRS,,07:00 PM - 12:00 AM,6 WKS Through 12 YRS,,Licensed Center,,,,Licensed Center,2024/09/20,IAM - updated from DHR Interactive Map 9/16/24,ABOWEN,2024/09/20 17:43:46+00,ABOWEN,2024/09/21 04:48:43+00
-9601528.83385763,3813819.3917045,56,FAITH CHRISTIAN,,SAMETRA NELSON,(334)201-9849,3734 ATLANTA HIGHWAY,MONTGOMERY,36109,05:00 AM - 07:00 PM,6 WKS Through 12 YRS,,07:00 PM - 12:00 AM,6 WKS Through 12 YRS,,Licensed Center,,,,Licensed Center,2024/09/20,IAM - updated from DHR Interactive Map 9/16/24,ABOWEN,2024/09/20 17:43:46+00,ABOWEN,2024/09/21 04:48:43+00
-9602855.64893122,3805876.55569163,57,FEED THE LAMB CHILD DEVELOPMENT CENTER,,LILETTA RAINES-HILL,(334)356-9450,3100 WOODLEY ROAD,MONTGOMERY,36116,06:00 AM - 06:00 PM,6 WKS Through 12 YRS,,,N/A,,Licensed Center,,,,Licensed Center,2024/09/20,IAM - updated from DHR Interactive Map 9/16/24,ABOWEN,2024/09/20 17:43:46+00,ABOWEN,2024/09/21 04:48:43+00
-9597615.28038918,3813320.59205306,58,FAULKNER UNIVERSITY PRE-K,,SANDRA LEDWELL,(334)386-7106,5344 ATLANTA HWY,MONTGOMERY,36108,07:00 AM - 06:00 PM,4 YRS Through 5 YRS,,,N/A,,Licensed Center,,,,Licensed Center,2024/09/20,IAM - updated from DHR Interactive Map 9/16/24,ABOWEN,2024/09/20 17:43:46+00,ABOWEN,2024/09/21 04:48:43+00
-9606083.58320058,3810193.42966345,59,FIRST UNITED METHODIST CHURCH,,VIRGINIA WILKERSON,(334)834-8990,2416 WEST CLOVERDALE PARK,MONTGOMERY,,,N/A,,,N/A,,Exempt Center,,,,Exempt Center,2024/09/20,IAM - updated from DHR Interactive Map 9/16/24,ABOWEN,2024/09/20 17:43:46+00,ABOWEN,2024/09/21 04:48:43+00
-9602424.06716527,3808981.89887932,60,GIFTS AND GIGGLES HOME DAYCARE,,ERICA FRAZIER-HODRICK,(334)328-7381,3316 WALTON DRIVE,MONTGOMERY,36111,06:00 AM - 06:00 PM,0 WKS Through 10 YRS,,,N/A,,Licensed Family,,,,Licensed Family,2024/09/20,IAM - updated from DHR Interactive Map 9/16/24,ABOWEN,2024/09/20 17:43:46+00,ABOWEN,2024/09/21 04:48:43+00
-9599145.0381357,3815118.15882827,61,G & G'S PLAYHOUSE NIGHT-CARE,,AVIS STALLWORTH,(334)652-2144,752 LEDYARD PLACE,MONTGOMERY,36109,06:00 PM - 06:00 AM,5 YRS Through 12 YRS,,,N/A,,Licensed Family,,,,Licensed Family,2024/09/20,IAM - updated from DHR Interactive Map 9/16/24,ABOWEN,2024/09/20 17:43:46+00,ABOWEN,2024/09/21 04:48:43+00
-9599452.50291785,3810150.9922318,62,GOD'S LITTLE ANGELS,,BRIGETTE BRYANT,(334)430-4042,1617 CHATEAU CIRCLE,MONTGOMERY,36106,06:00 AM - 05:00 PM,0 WKS Through 5 YRS,,,N/A,,Licensed Family,,,,Licensed Family,2024/09/20,IAM - updated from DHR Interactive Map 9/16/24,ABOWEN,2024/09/20 17:43:46+00,ABOWEN,2024/09/21 04:48:43+00
-9607365.08832457,3806360.41862918,63,FUTURE GENERATIONS LEARNING CTR & SCHOOL,,CALLIE ZINNERMAN,(334)593-5100,109 EAST SOUTH BOULEVARD,MONTGOMERY,36105,06:30 AM - 06:00 PM,2 MOS Through 12 YRS,,,N/A,,Licensed Center,,,,Licensed Center,2024/09/20,IAM - updated from DHR Interactive Map 9/16/24,ABOWEN,2024/09/20 17:43:46+00,ABOWEN,2024/09/21 04:48:43+00
-9597961.59831094,3807202.65008111,64,GREAT EXPECTATIONS CHILD CARE,,TRICIA JOHNSON,(334)593-7189,5886 BRIDLE PATH LANE,MONTGOMERY,36116,07:00 AM - 05:30 PM,0 WKS Through 16 YRS,,,N/A,,Licensed Family,,,,Licensed Family,2024/09/20,IAM - updated from DHR Interactive Map 9/16/24,ABOWEN,2024/09/20 17:43:46+00,ABOWEN,2024/09/21 04:48:43+00
-9607885.84367297,3806334.33702768,65,GOOD NEWS CHILD DEVELOPMENT CENTER,,TONJA THOMAS,(334)676-2674,88 WEST SOUTH BOULEVARD,MONTGOMERY,36105,06:30 AM - 06:00 PM,6 WKS Through 12 YRS,,,N/A,,Licensed Center,,,,Licensed Center,2024/09/20,IAM - updated from DHR Interactive Map 9/16/24,ABOWEN,2024/09/20 17:43:46+00,ABOWEN,2024/09/21 04:48:43+00
-9597684.18761224,3807925.04551128,66,GROWING MINDS CHILDCARE,,KIESHA JOHNSON,(334)296-0516,2082 REXFORD RD,MONTGOMERY,36116,07:00 AM - 07:00 PM,2 YRS Through 12 YRS,,07:00 PM - 12:00 AM,2 YRS Through 12 YRS,,Licensed Family,,,,Licensed Family,2024/09/20,IAM - updated from DHR Interactive Map 9/16/24,ABOWEN,2024/09/20 17:43:46+00,ABOWEN,2024/09/21 04:48:43+00
-9588330.23423688,3804682.06298665,67,GRACE POINTE CHURCH,,JENNIFER MATHIS,(334)271-2525,1565 RAY THORINGTON ROAD,MONTGOMERY,36117,,N/A,,,N/A,,Exempt Center,,,,Exempt Center,2024/09/20,IAM - updated from DHR Interactive Map 9/16/24,ABOWEN,2024/09/20 17:43:46+00,ABOWEN,2024/09/21 04:48:43+00
-9605763.20461586,3804892.42144815,68,GUARDIAN ANGEL HOME DEVELOPMENT,,TOWONDALYN MCKINNEY,(334)221-9437,1035 QUEENSBURY DRIVE,MONTGOMERY,36116,06:30 AM - 07:00 PM,12 MOS Through 14 YRS,,07:00 PM - 12:00 AM,18 MOS Through 14 YRS,,Licensed Family,,,,Licensed Family,2024/09/20,IAM - updated from DHR Interactive Map 9/16/24,ABOWEN,2024/09/20 17:43:46+00,ABOWEN,2024/09/21 04:48:43+00
-9607741.12460671,3811137.14575866,69,HAPPY STARS LEARNING CENTER,,DENISA STRICKLAND,(334)356-0641,31 EAST HANNON STREET,MONTGOMERY,36104,07:00 AM - 05:30 PM,6 WKS Through 12 YRS,,,N/A,,Licensed Center,,,,Licensed Center,2024/09/20,IAM - updated from DHR Interactive Map 9/16/24,ABOWEN,2024/09/20 17:43:46+00,ABOWEN,2024/09/21 04:48:43+00
-9602062.82940136,3806240.14262325,70,HEAVENS LITTLE ONE'S CHILDCARE CENTER,,EBONEY BYRSE,(334)430-7573,2530 EAST SOUTH BLVD,MONTGOMERY,36116,06:30 AM - 07:00 PM,12 MOS Through 12 YRS,,07:00 PM - 12:00 AM,12 MOS Through 12 YRS,,Licensed Center,,,,Licensed Center,2024/09/20,IAM - updated from DHR Interactive Map 9/16/24,ABOWEN,2024/09/20 17:43:46+00,ABOWEN,2024/09/21 04:48:43+00
-9591676.50024245,3809716.65695118,71,HALCYON ELEMENTARY HEAD START,,SYLVIA BURCH,(334)399-3405,1501 PARKVIEW DRIVE SOUTH,MONTGOMERY,36117,07:30 AM - 03:30 PM,3 YRS Through 5 YRS,,,N/A,,Licensed Center,,,,Licensed Center,2024/09/20,IAM - updated from DHR Interactive Map 9/16/24,ABOWEN,2024/09/20 17:43:46+00,ABOWEN,2024/09/21 04:48:43+00
-9596223.23448168,3808272.88544876,72,HELPING HANDS,,CORINTHIAN DANIEL,(334)328-6016,6445 CHAPRICE LANE,MONTGOMERY,36117,07:00 AM - 05:30 PM,6 WKS Through 12 YRS,,,N/A,,Licensed Family,,,,Licensed Family,2024/09/20,IAM - updated from DHR Interactive Map 9/16/24,ABOWEN,2024/09/20 17:43:46+00,ABOWEN,2024/09/21 04:48:43+00
-9608671.31055298,3810726.09863535,73,HISTORIC CLEVELAND AVENUE YMCA,,ARIANN CHARITY,(334)265-0566,1201 ROSA PARKS AVENUE,MONTGOMERY,36108,06:30 AM - 06:00 PM,3 YRS Through 14 YRS,,,N/A,,Licensed Center,,,,Licensed Center,2024/09/20,IAM - updated from DHR Interactive Map 9/16/24,ABOWEN,2024/09/20 17:43:46+00,ABOWEN,2024/09/21 04:48:43+00
-9600502.57902326,3809631.65832353,74,HERITAGE CHILD DEVELOPMENT CENTER,,ASHLEY LOOMIS,(334)279-0643,1849 PERRY HILL ROAD,MONTGOMERY,36106,07:00 AM - 05:30 PM,6 WKS Through 12 YRS,,,N/A,,Licensed Center,,,,Licensed Center,2024/09/20,IAM - updated from DHR Interactive Map 9/16/24,ABOWEN,2024/09/20 17:43:46+00,ABOWEN,2024/09/21 04:48:43+00
-9607880.72103488,3809890.59901362,75,HOLT STREET MEMORIAL BAPT CHURCH,,ALLISON MCCLUNG,(334)263-0522,1870 SOUTH COURT STREET,MONTGOMERY,36104,,N/A,,,N/A,,Exempt Center,,,,Exempt Center,2024/09/20,IAM - updated from DHR Interactive Map 9/16/24,ABOWEN,2024/09/20 17:43:46+00,ABOWEN,2024/09/21 04:48:43+00
-9605163.08244837,3810663.36745567,76,HONEY BEE'Z LEARNING CENTER,,BIANCA SHABAZZ,(334)523-1001,1926 WALNUT STREET,MONTGOMERY,36106,05:30 AM - 06:00 PM,4 WKS Through 4 YRS,,,N/A,,Licensed Center,,,,Licensed Center,2024/09/20,IAM - updated from DHR Interactive Map 9/16/24,ABOWEN,2024/09/20 17:43:46+00,ABOWEN,2024/09/21 04:48:43+00
-9600583.50421666,3806946.53949578,77,HOPE CHRISTIAN OUTRCH. MIN./KIDS DYNASTY,,AUNDRA SMITH,(334)356-4180,3447 MCGEHEE ROAD SUITE I,MONTGOMERY,36111,05:30 AM - 07:00 PM,6 WKS Through 12 YRS,,,N/A,,Licensed Center,,,,Licensed Center,2024/09/20,IAM - updated from DHR Interactive Map 9/16/24,ABOWEN,2024/09/20 17:43:46+00,ABOWEN,2024/09/21 04:48:43+00
-9609570.10823908,3811479.93717595,78,HSW LEARNING ACADEMY I,,NATASHA JACKSON,(334)294-7081,972 W. FRED D GRAY AVE,MONTGOMERY,36108,05:00 AM - 06:00 PM,0 WKS Through 17 YRS,,,N/A,,Licensed Center,,,,Licensed Center,2024/09/20,IAM - updated from DHR Interactive Map 9/16/24,ABOWEN,2024/09/20 17:43:46+00,ABOWEN,2024/09/21 04:48:43+00
-9595367.8526977,3814316.62672162,79,JACKIE'S HOME DAY CARE,,JACQUELINE JAMES,(334)676-3136,325 KROY DRIVE,MONTGOMERY,36117,07:00 AM - 05:00 PM,6 WKS Through 10 YRS,,,N/A,,Licensed Family,,,,Licensed Family,2024/09/20,IAM - updated from DHR Interactive Map 9/16/24,ABOWEN,2024/09/20 17:43:46+00,ABOWEN,2024/09/21 04:48:43+00
-9600059.63249696,3804193.92379057,80,JAAD'S CHILD CARE & DEV  CENTER INC.,,THERESA HARDWICK,(334)284-9055,4002 ST LOUIS ROAD,MONTGOMERY,36116,06:00 AM - 05:30 PM,4 WKS Through 12 YRS,,07:00 PM - 12:00 AM,4 WKS Through 12 YRS,,Licensed Center,,,,Licensed Center,2024/09/20,IAM - updated from DHR Interactive Map 9/16/24,ABOWEN,2024/09/20 17:43:46+00,ABOWEN,2024/09/21 04:48:43+00
-9609511.99667947,3807073.93424884,81,JENNY'S KINDERCARE,,CLEMENTINE MCCALL,(334)288-1603,4324 ESMOND RD,MONTGOMERY,36105,05:00 AM - 06:45 PM,0 WKS Through 10 YRS,,,N/A,,Licensed Family,,,,Licensed Family,2024/09/20,IAM - updated from DHR Interactive Map 9/16/24,ABOWEN,2024/09/20 17:43:46+00,ABOWEN,2024/09/21 04:48:43+00
-9606852.34819322,3806756.82756562,82,"HUMPTY DUMPTY CHILDCARE, LLC",,MILDRED JEFFERSON,(334)612-0903,3784 NORMAN BRIDGE RD,MONTGOMERY,36105,05:30 AM - 06:00 PM,6 WKS Through 12 YRS,,,N/A,,Licensed Center,,,,Licensed Center,2024/09/20,IAM - updated from DHR Interactive Map 9/16/24,ABOWEN,2024/09/20 17:43:46+00,ABOWEN,2024/09/21 04:48:43+00
-9607810.14418211,3811794.32828026,83,HAPPY FACES CHILD DEV. CENTER,,CARRIE MOORE,(334)593-9993,15 E. S ST,MONTGOMERY,36104,06:00 AM - 05:30 PM,6 WKS Through 12 YRS,,,N/A,,Licensed Center,,,,Licensed Center,2024/09/20,IAM - updated from DHR Interactive Map 9/16/24,ABOWEN,2024/09/20 17:43:46+00,ABOWEN,2024/09/21 04:48:43+00
-9600132.21588014,3804475.13635232,84,JOHNSON'S IN HOME DAYCARE,,GLORIA DUBOSE JOHNSON,(334)233-9240,3265 VIRGINIA LOOP CT,MONTGOMERY,36116,06:00 AM - 07:00 PM,0 WKS Through 14 YRS,,07:00 PM - 12:00 AM,0 WKS Through 14 YRS,,Licensed Family,,,,Licensed Family,2024/09/20,IAM - updated from DHR Interactive Map 9/16/24,ABOWEN,2024/09/20 17:43:46+00,ABOWEN,2024/09/21 04:48:43+00
-9595808.79321374,3807389.33785965,85,JOEANNAH CHAVIS,,JOEANNAH CHAVIS,(334)593-1299,2136 BRIAR GATE DR,MONTGOMERY,36116,05:00 AM - 07:00 PM,3 WKS Through 12 YRS,,07:00 PM - 12:00 AM,3 WKS Through 12 YRS,,Licensed Family,,,,Licensed Family,2024/09/20,IAM - updated from DHR Interactive Map 9/16/24,ABOWEN,2024/09/20 17:43:46+00,ABOWEN,2024/09/21 04:48:43+00
-9610183.25597566,3810811.23206799,86,KAMP A DEMICS LEARNING CENTER,,VIVIAN GADSON,(334)262-3912,2308 DILLARD STREET,MONTGOMERY,36108,06:30 AM - 07:00 PM,8 WKS Through 12 YRS,,07:00 PM - 12:00 AM,8 WKS Through 12 YRS,,Licensed Center,,,,Licensed Center,2024/09/20,IAM - updated from DHR Interactive Map 9/16/24,ABOWEN,2024/09/20 17:43:46+00,ABOWEN,2024/09/21 04:48:43+00
-9610386.07720751,3809283.91684699,87,KERSHAW HEAD START,,ERIC HYATT,,2225 W. FAIRVIEW AVE,MONTGOMERY,36108,06:30 AM - 07:00 PM,3 YRS Through 5 YRS,,,N/A,,Licensed Center,,,,Licensed Center,2024/09/20,IAM - updated from DHR Interactive Map 9/16/24,ABOWEN,2024/09/20 17:43:46+00,ABOWEN,2024/09/21 04:48:43+00
-9607865.02687213,3811046.21072331,88,KC CUBS CHILDCARE LLC,,CHRISTIE CLEMONS,(334)523-1953,1022 S COURT ST,MONTGOMERY,36104,05:00 AM - 06:00 PM,6 WKS Through 14 YRS,,,N/A,,Licensed Center,,,,Licensed Center,2024/09/20,IAM - updated from DHR Interactive Map 9/16/24,ABOWEN,2024/09/20 17:43:46+00,ABOWEN,2024/09/21 04:48:43+00
-9599345.85323319,3804846.5856074,89,JUST LOVE ALL KIDS CHILDCARE CENTER,,LAKEITA CARTER,(334)239-7330,5060 BUSINESS PARKWAY DR,MONTGOMERY,36116,06:45 AM - 05:30 PM,2 1/2 YRS Through 12 YRS,,,N/A,,Licensed Center,,,,Licensed Center,2024/09/20,IAM - updated from DHR Interactive Map 9/16/24,ABOWEN,2024/09/20 17:43:46+00,ABOWEN,2024/09/21 04:48:43+00
-9600177.07781964,3806761.17281697,90,KIDS AT HEART DEVELOPMENT CENTER,,HAZEL MARTIN,(334)517-5968,3600 RICHARD ROAD,MONTGOMERY,36111,06:30 AM - 05:30 PM,0 MOS Through 16 YRS,,,N/A,,Licensed Center,,,,Licensed Center,2024/09/20,IAM - updated from DHR Interactive Map 9/16/24,ABOWEN,2024/09/20 17:43:46+00,ABOWEN,2024/09/21 04:48:43+00
-9596293.69982968,3813364.22297508,91,JUST BE YOU SCHOOL AGE PROGRAM,,CARINAH MCKINNIE,(334)593-4322,121 EASTDALE RD S,MONTGOMERY,36117,06:45 AM - 05:45 PM,2 1/2 YRS Through 13 YRS,,,N/A,,Licensed Center,,,,Licensed Center,2024/09/20,IAM - updated from DHR Interactive Map 9/16/24,ABOWEN,2024/09/20 17:43:46+00,ABOWEN,2024/09/21 04:48:43+00
-9610386.07720751,3809283.91684699,92,KERSHAW PRE-K,,ELEANOR THOMAS,(334)265-1433,2225-A W FAIRVIEW AVE.,MONTGOMERY,36108,07:00 AM - 04:00 PM,4 YRS Through 5 YRS,,,N/A,,Licensed Center,,,,Licensed Center,2024/09/20,IAM - updated from DHR Interactive Map 9/16/24,ABOWEN,2024/09/20 17:43:46+00,ABOWEN,2024/09/21 04:48:43+00
-9602175.82406939,3814433.951214,93,KIDS DYNASTY CARE 2,,BRYANT SMITH,(334)315-2448,155 COLISEUM BLVD,MONTGOMERY,36109,06:00 AM - 05:00 PM,21/2 YRS Through 12 YRS,,,N/A,,Licensed Center,,,,Licensed Center,2024/09/20,IAM - updated from DHR Interactive Map 9/16/24,ABOWEN,2024/09/20 17:43:46+00,ABOWEN,2024/09/21 04:48:43+00
-9596749.10301355,3810689.72355748,94,KID'S COLLAGE CHILD CENTER,,ALECIA GASTON,(334)395-4446,5723 CARMICHAEL PKWY.,MONTGOMERY,36117,07:00 AM - 05:30 PM,6 WKS Through 12 YRS,,,N/A,,Licensed Center,,,,Licensed Center,2024/09/20,IAM - updated from DHR Interactive Map 9/16/24,ABOWEN,2024/09/20 17:43:46+00,ABOWEN,2024/09/21 04:48:43+00
-9602284.02275543,3804766.36379613,95,KIDZ R KIDZ LEARNING ACADEMY,,CHIQUITTA THOMAS,(334)593-2560,2601 WOODLEY PARK DRIVE,MONTGOMERY,36116,05:30 AM - 06:30 PM,3 WKS Through 13 YRS,,,N/A,,Licensed Center,,,,Licensed Center,2024/09/20,IAM - updated from DHR Interactive Map 9/16/24,ABOWEN,2024/09/20 17:43:46+00,ABOWEN,2024/09/21 04:48:43+00
-9604952.79658198,3805133.34507113,96,KIDZ 'R' KIDZ LEARNING CENTER,,CHIQUITTA THOMAS,(334)676-2226,4540 NARROW LANE ROAD,MONTGOMERY,36116,05:00 AM - 07:00 PM,6 WKS Through 13 YRS,,07:00 PM - 12:00 AM,6 WKS Through 13 YRS,,Licensed Center,,,,Licensed Center,2024/09/20,IAM - updated from DHR Interactive Map 9/16/24,ABOWEN,2024/09/20 17:43:46+00,ABOWEN,2024/09/21 04:48:43+00
-9598382.04875083,3804587.09763929,97,KIDZ VISIONS LEARNING CENTER,,VALERIE FRANK,(334)593-2489,5741 KYSER COURT,MONTGOMERY,36116,05:00 AM - 06:00 PM,6 WKS Through 14 YRS,,,N/A,,Licensed Center,,,,Licensed Center,2024/09/20,IAM - updated from DHR Interactive Map 9/16/24,ABOWEN,2024/09/20 17:43:46+00,ABOWEN,2024/09/21 04:48:43+00
-9590618.40918174,3815484.79602113,98,KIDZ R STARS,,TATANYA BROWN,(334)538-0317,519 BENTWOOD TRAIL,MONTGOMERY,36117,06:00 AM - 07:00 PM,0 WKS Through 12 YRS,,07:00 PM - 12:00 AM,0 WKS Through 12 YRS,,Licensed Family,,,,Licensed Family,2024/09/20,IAM - updated from DHR Interactive Map 9/16/24,ABOWEN,2024/09/20 17:43:46+00,ABOWEN,2024/09/21 04:48:43+00
-9592099.84314589,3812523.00332047,99,"KIDZ UNIVERSITY OF MONTGOMERY, LLC",,TIFFANY THOMAS,(334)676-3883,445 COTTON GIN ROAD,MONTGOMERY,36117,05:30 AM - 06:00 PM,4 WKS Through 13 YRS,,,N/A,,Licensed Center,,,,Licensed Center,2024/09/20,IAM - updated from DHR Interactive Map 9/16/24,ABOWEN,2024/09/20 17:43:46+00,ABOWEN,2024/09/21 04:48:43+00
-9601275.46832868,3806231.32009679,100,KIDZ ZONE LEARNING ACADEMY II,,TRACEY HILL,(334)593-7703,4011 WALLACE DRIVE,MONTGOMERY,36116,05:30 AM - 06:30 PM,3 YRS Through 12 YRS,,,N/A,,Licensed Center,,,,Licensed Center,2024/09/20,IAM - updated from DHR Interactive Map 9/16/24,ABOWEN,2024/09/20 17:43:46+00,ABOWEN,2024/09/21 04:48:43+00
-9601141.99281839,3804736.73058485,101,KIMBERLY WILLIAMS,,KIMBERLY WILLIAMS,(334)202-0944,3909 STRATHMORE DRIVE,MONTGOMERY,36116,05:00 AM - 07:00 PM,4 WKS Through 13 YRS,,07:00 PM - 12:00 AM,18 MOS Through 13 YRS,,Licensed Family,,,,Licensed Family,2024/09/20,IAM - updated from DHR Interactive Map 9/16/24,ABOWEN,2024/09/20 17:43:46+00,ABOWEN,2024/09/21 04:48:43+00
-9601104.14749563,3806258.05820994,102,KIDZ ZONE LEARNING ACADEMY LLC,,TRACY HILL,(334)649-1999,2850 E. SOUTH BLVD,MONTGOMERY,36116,05:30 AM - 07:00 PM,6 WKS Through 12 YRS,,07:00 PM - 12:00 AM,6 WKS Through 12 YRS,,Licensed Center,,,,Licensed Center,2024/09/20,IAM - updated from DHR Interactive Map 9/16/24,ABOWEN,2024/09/20 17:43:46+00,ABOWEN,2024/09/21 04:48:43+00
-9592957.67894022,3808709.67521313,103,KINDER CARE LEARNING CENTER #2500,,COURTNEY TATE,(334)270-5955,6955 HALCYON PARK DRIVE,MONTGOMERY,36117,06:30 AM - 06:00 PM,6 WKS Through 6 YRS,,,N/A,,Licensed Center,,,,Licensed Center,2024/09/20,IAM - updated from DHR Interactive Map 9/16/24,ABOWEN,2024/09/20 17:43:46+00,ABOWEN,2024/09/21 04:48:43+00
-9604037.75440342,3816897.6676039,104,LEARNING KIDZ ACADEMY,,ASHLEY JONES,(334)649-2389,2061 RIGBY STREET,MONTGOMERY,36110,05:30 AM - 07:00 PM,4 WKS Through 12 YRS,,,N/A,,Licensed Center,,,,Licensed Center,2024/09/20,IAM - updated from DHR Interactive Map 9/16/24,ABOWEN,2024/09/20 17:43:46+00,ABOWEN,2024/09/21 04:48:43+00
-9607001.29408871,3808435.07758801,105,KINGDOM KIDS,,SHANEKA WRIGHT,(334)477-0271,3448 WILMINGTON RD,MONTGOMERY,36105,06:00 AM - 07:00 PM,6 WKS Through 12 YRS,,07:00 PM - 12:00 AM,18 MOS Through 12 YRS,,Licensed Family,,,,Licensed Family,2024/09/20,IAM - updated from DHR Interactive Map 9/16/24,ABOWEN,2024/09/20 17:43:46+00,ABOWEN,2024/09/21 04:48:43+00
-9595955.62093528,3815817.82191152,106,LEARNING EXPRESS,,MAUNA CAMERON,(334)396-7030,5756 HYDE PARK DRIVE,MONTGOMERY,36117,06:30 AM - 07:00 PM,0 WKS Through 12 YRS,,,N/A,,Licensed Family,,,,Licensed Family,2024/09/20,IAM - updated from DHR Interactive Map 9/16/24,ABOWEN,2024/09/20 17:43:46+00,ABOWEN,2024/09/21 04:48:43+00
-9605857.60314574,3806123.5558073,107,LITTLE DREAMERS LEARNING CENTER,,LATRICIA HORTON,(334)593-2494,4211 SUNSHINE DRIVE,MONTGOMERY,36116,06:00 AM - 06:00 PM,6 WKS Through 12 YRS,,,N/A,,Licensed Center,,,,Licensed Center,2024/09/20,IAM - updated from DHR Interactive Map 9/16/24,ABOWEN,2024/09/20 17:43:46+00,ABOWEN,2024/09/21 04:48:43+00
-9601201.66240354,3808168.39921808,108,LITTLE LEARNING DAYCARE,,NIKKI HILL,(334)531-3385,2506 CAPSTONE DRIVE,MONTGOMERY,36106,05:30 AM - 05:30 PM,6 WKS Through 12 YRS,,,N/A,,Licensed Family,,,,Licensed Family,2024/09/20,IAM - updated from DHR Interactive Map 9/16/24,ABOWEN,2024/09/20 17:43:46+00,ABOWEN,2024/09/21 04:48:43+00
-9591536.12941753,3813709.58649198,109,LITTLE EXPLORER'S LEARNING CENTER,,JENNIFER MITCHELL,(334)593-7106,7735 ATLANTA HIGHWAY,MONTGOMERY,36117,06:30 AM - 06:00 PM,0 MOS Through 18 YRS,,,N/A,,Licensed Center,,,,Licensed Center,2024/09/20,IAM - updated from DHR Interactive Map 9/16/24,ABOWEN,2024/09/20 17:43:46+00,ABOWEN,2024/09/21 04:48:43+00
-9595320.87265997,3806756.43002347,110,LIGHTHOUSE CHURCH,,JANELLE FORD,(334)271-4200,3570 BELL ROAD,MONTGOMERY,36116,,N/A,,,N/A,,Exempt Center,,,,Exempt Center,2024/09/20,IAM - updated from DHR Interactive Map 9/16/24,ABOWEN,2024/09/20 17:43:46+00,ABOWEN,2024/09/21 04:48:43+00
-9594945.95618628,3808965.43139938,111,LEGACY ANGLICAN CHURCH,,TARA HARRIS,(334)649-4601,2323 BELL ROAD,MONTGOMERY,36117,,N/A,,,N/A,,Exempt Center,,,,Exempt Center,2024/09/20,IAM - updated from DHR Interactive Map 9/16/24,ABOWEN,2024/09/20 17:43:46+00,ABOWEN,2024/09/21 04:48:43+00
-9600018.44678979,3808085.26176602,112,LIVING VICTORIOUS HOME DAY CARE,,LA'SHEIKA JOHNSON,(334)221-9031,2112 KINGSBURY DRIVE,MONTGOMERY,36106,07:00 AM - 05:30 PM,2 MOS Through 5 YRS,,,N/A,,Licensed Family,,,,Licensed Family,2024/09/20,IAM - updated from DHR Interactive Map 9/16/24,ABOWEN,2024/09/20 17:43:46+00,ABOWEN,2024/09/21 04:48:43+00
-9601675.9534253,3801970.82041025,113,MCKEE ELEM HEAD START,,CYNTHIA MCLAMB,(334)399-2467,4017 MCINNIS ROAD,MONTGOMERY,36116,06:30 AM - 07:00 PM,03 YRS Through 05 YRS,,,N/A,,Licensed Center,,,,Licensed Center,2024/09/20,IAM - updated from DHR Interactive Map 9/16/24,ABOWEN,2024/09/20 17:43:46+00,ABOWEN,2024/09/21 04:48:43+00
-9599849.90658654,3805787.23970001,114,MARY'S LITTLE LAMBS CHILDCARE CENTER,,MARY WILLIAMS,(334)593-9956,4017 TROY HIGHWAY,MONTGOMERY,36116,06:30 AM - 05:30 PM,0 WKS Through 15 YRS,,,N/A,,Licensed Center,,,,Licensed Center,2024/09/20,IAM - updated from DHR Interactive Map 9/16/24,ABOWEN,2024/09/20 17:43:46+00,ABOWEN,2024/09/21 04:48:43+00
-9594556.55838492,3814897.33230745,115,MAMA NELL'S DAY CARE,,INELL HILSON,(334)271-5860,6374 PINEBROOK DRIVE,MONTGOMERY,36117,06:30 AM - 05:30 PM,0 WKS Through 12 YRS,,,N/A,,Licensed Family,,,,Licensed Family,2024/09/20,IAM - updated from DHR Interactive Map 9/16/24,ABOWEN,2024/09/20 17:43:46+00,ABOWEN,2024/09/21 04:48:43+00
-9605576.51598763,3806048.07328992,116,MELISSA P DAVIS,,MELISSA DAVIS,(334)286-7171,1215 MARLOWE DR,MONTGOMERY,36116,07:00 AM - 06:00 PM,0 WKS Through 13 YRS,,,N/A,,Licensed Family,,,,Licensed Family,2024/09/20,IAM - updated from DHR Interactive Map 9/16/24,ABOWEN,2024/09/20 17:43:46+00,ABOWEN,2024/09/21 04:48:43+00
-9596389.99265588,3811419.96919393,117,METRO CHRISTIAN ACADEMY,,LATOYA PIERCE,(334)233-3350,5991 MONTICELLO DRIVE,MONTGOMERY,36117,07:00 AM - 05:00 PM,3 YRS Through 12 YRS,,,N/A,,Licensed Center,,,,Licensed Center,2024/09/20,IAM - updated from DHR Interactive Map 9/16/24,ABOWEN,2024/09/20 17:43:46+00,ABOWEN,2024/09/21 04:48:43+00
-9604822.22289572,3812799.27499091,118,MINI MIRACLES CHILDCARE CENTER TOO,,JAWANNA EVANS,(334)676-1440,317 ARTHUR ST.,MONTGOMERY,36107,06:00 AM - 06:00 PM,0 WKS Through 5 YRS,,,N/A,,Licensed Center,,,,Licensed Center,2024/09/20,IAM - updated from DHR Interactive Map 9/16/24,ABOWEN,2024/09/20 17:43:46+00,ABOWEN,2024/09/21 04:48:43+00
-9605359.89473214,3817491.41951573,119,MINI MIRACLES CHILDCARE CENTER,,JAWANNA EVANS,(334)593-0808,2650 LOWER WETUMPKA RD,MONTGOMERY,36110,05:30 AM - 07:00 PM,6 WKS Through 12 YRS,,07:00 PM - 12:00 AM,6 WKS Through 12 YRS,,Licensed Center,,,,Licensed Center,2024/09/20,IAM - updated from DHR Interactive Map 9/16/24,ABOWEN,2024/09/20 17:43:46+00,ABOWEN,2024/09/21 04:48:43+00
-9601976.6696976,3814604.93444398,120,MONT. E. YMCA KINDERGRTN. & C.C.,,ARIANN CHARITY,(334)272-3390,3407 PELZER AVENUE,MONTGOMERY,36109,07:00 AM - 06:00 PM,6 WKS Through 5 YRS,,,N/A,,Licensed Center,,,,Licensed Center,2024/09/20,IAM - updated from DHR Interactive Map 9/16/24,ABOWEN,2024/09/20 17:43:46+00,ABOWEN,2024/09/21 04:48:43+00
-9596654.37776501,3814842.62359677,121,MILES OF SMILES CHILDCARE 2 LLC,,DIANCA WRIGHT,(334)593-1918,5524 WARES FERRY ROAD,MONTGOMERY,36117,06:00 AM - 05:30 PM,21/2 YRS Through 12 YRS,,,N/A,,Licensed Center,,,,Licensed Center,2024/09/20,IAM - updated from DHR Interactive Map 9/16/24,ABOWEN,2024/09/20 17:43:46+00,ABOWEN,2024/09/21 04:48:43+00
-9596635.78164826,3814849.21491247,122,MILES OF SMILES CHILDCARE LLC,,DIANCA WRIGHT,(334)593-1751,5528 WARES FERRY ROAD,MONTGOMERY,36117,06:00 AM - 07:00 PM,6 WKS Through 12 YRS,,07:00 PM - 12:00 AM,6 WKS Through 12 YRS,,Licensed Center,,,,Licensed Center,2024/09/20,IAM - updated from DHR Interactive Map 9/16/24,ABOWEN,2024/09/20 17:43:46+00,ABOWEN,2024/09/21 04:48:43+00
-9601097.13080358,3813654.22031158,123,MONTGOMERY CATHOLIC PREP. SCHOOL SITE I,,JUSTIN CASTANZA,(334)272-3033,3850 ATLANTA HIGHWAY,MONTGOMERY,36109,,N/A,,,N/A,,Exempt Center,,,,Exempt Center,2024/09/20,IAM - updated from DHR Interactive Map 9/16/24,ABOWEN,2024/09/20 17:43:46+00,ABOWEN,2024/09/21 04:48:43+00
-9604893.23886921,3810576.38489473,124,MONTESSORI AT MULBERRY,,AMBER LONG,(334)265-7733,2034 CLUBVIEW ST,MONTGOMERY,36106,07:00 AM - 05:30 PM,12 MOS Through 6 YRS,,,N/A,,Licensed Center,,,,Licensed Center,2024/09/20,IAM - updated from DHR Interactive Map 9/16/24,ABOWEN,2024/09/20 17:43:46+00,ABOWEN,2024/09/21 04:48:43+00
-9590393.42753635,3807687.09682745,125,MONTGOMERY CATHOLIC PREP. SCHOOL SITE II,,JUSTIN CASTANZA,(334)649-4404,8580 VAUGHN ROAD,MONTGOMERY,36117,,N/A,,,N/A,,Exempt Center,,,,Exempt Center,2024/09/20,IAM - updated from DHR Interactive Map 9/16/24,ABOWEN,2024/09/20 17:43:46+00,ABOWEN,2024/09/21 04:48:43+00
-9607196.43610119,3811177.20633432,126,MONTESSORI ACADEMY,,VIRGINIA REMKO,(334)262-8685,1025 SOUTH HULL STREET,MONTGOMERY,36104,06:30 AM - 05:30 PM,12 MOS Through 6 YRS,,,N/A,,Licensed Center,,,,Licensed Center,2024/09/20,IAM - updated from DHR Interactive Map 9/16/24,ABOWEN,2024/09/20 17:43:46+00,ABOWEN,2024/09/21 04:48:43+00
-9605100.74407138,3810587.85066424,127,MORE ROOM TO GROW,,VIRGINIA BASS,(334)669-0902,1955 WALNUT STREET,MONTGOMERY,36106,06:30 AM - 07:00 PM,0 MOS Through 12 YRS,,07:00 PM - 12:00 AM,0 MOS Through 12 YRS,,Licensed Center,,,,Licensed Center,2024/09/20,IAM - updated from DHR Interactive Map 9/16/24,ABOWEN,2024/09/20 17:43:46+00,ABOWEN,2024/09/21 04:48:43+00
-9603713.2514907,3810912.44405936,128,MU THETA CHI CHRISTIAN INC.,,LISA WILLIAMS,(334)265-6086,1562 ANN STREET,MONTGOMERY,36107,06:00 AM - 07:00 PM,3 WKS Through 14 YRS,,07:00 PM - 11:00 PM,3 WKS Through 14 YRS,,Licensed Center,,,,Licensed Center,2024/09/20,IAM - updated from DHR Interactive Map 9/16/24,ABOWEN,2024/09/20 17:43:46+00,ABOWEN,2024/09/21 04:48:43+00
-9594578.26155513,3813811.48063001,129,NANCY'S CHILD CARE AND LEARNING CENTER,,NANCY BACK,(334)467-2362,84 ASHBURTON DR,MONTGOMERY,36117,06:00 AM - 07:00 PM,6 WKS Through 14 YRS,,07:00 PM - 08:00 PM,6 WKS Through 14 YRS,,Licensed Center,,,,Licensed Center,2024/09/20,IAM - updated from DHR Interactive Map 9/16/24,ABOWEN,2024/09/20 17:43:46+00,ABOWEN,2024/09/21 04:48:43+00
-9614800.45557886,3810603.6686851,130,MOORE'S ACADEMY,,TRIFARI MOORE,(334)400-9324,3129 OLD SELMA RD.,MONTGOMERY,36108,06:30 AM - 07:00 PM,1 YRS Through 10 YRS,,07:00 PM - 11:30 PM,1 YRS Through 10 YRS,,Licensed Center,,,,Licensed Center,2024/09/20,IAM - updated from DHR Interactive Map 9/16/24,ABOWEN,2024/09/20 17:43:46+00,ABOWEN,2024/09/21 04:48:43+00
-9604715.90897297,3805509.94915821,131,NARROW LANE ROAD HEAD START,,DEMETRIA THOMAS,(334)281-2895,4437 NARROW LANE ROAD,MONTGOMERY,36116,06:30 AM - 07:00 PM,12 MOS Through 5 YRS,,,N/A,,Licensed Center,,,,Licensed Center,2024/09/20,IAM - updated from DHR Interactive Map 9/16/24,ABOWEN,2024/09/20 17:43:46+00,ABOWEN,2024/09/21 04:48:43+00
-9608168.25571929,3811548.99701234,132,NEW BEGINNINGS CHILD CARE CENTER,,CHIQUITA BALDWIN,(334)356-8606,661 HOLCOMB ST,MONTGOMERY,36104,06:45 AM - 07:00 PM,4 WKS Through 13 YRS,,07:00 PM - 11:30 PM,21/2 YRS Through 13 YRS,,Licensed Center,,,,Licensed Center,2024/09/20,IAM - updated from DHR Interactive Map 9/16/24,ABOWEN,2024/09/20 17:43:46+00,ABOWEN,2024/09/21 04:48:43+00
-9606852.57208518,3807107.0021454,133,MY KIDS 2 CHILD CARE CENTER,,VANESSA BALL,(334)593-2351,3730 NORMAN BRIDGE ROAD,MONTGOMERY,36105,06:30 AM - 07:00 PM,2 WKS Through 13 YRS,,,N/A,,Licensed Center,,,,Licensed Center,2024/09/20,IAM - updated from DHR Interactive Map 9/16/24,ABOWEN,2024/09/20 17:43:46+00,ABOWEN,2024/09/21 04:48:43+00
-9608281.91282419,3811513.9396894,134,NEW BEGINNING'S CHILD CARE #2,,CHIQUITA BALDWIN,(334)819-0808,224 W FRED D GRAY AVE,MONTGOMERY,36104,07:30 AM - 05:45 PM,4 YRS Through 12 YRS,,,N/A,,Licensed Center,,,,Licensed Center,2024/09/20,IAM - updated from DHR Interactive Map 9/16/24,ABOWEN,2024/09/20 17:43:46+00,ABOWEN,2024/09/21 04:48:43+00
-9615831.16103252,3809466.55056433,135,NEW GENERATION PRESCHOOL IN MONTGOMERY,,JEFFREY STRAUGHN,(334)263-9660,3461 OLD SELMA RD,MONTGOMERY,36108,06:30 AM - 06:00 PM,6 WKS Through 15 YRS,,,N/A,,Licensed Center,,,,Licensed Center,2024/09/20,IAM - updated from DHR Interactive Map 9/16/24,ABOWEN,2024/09/20 17:43:46+00,ABOWEN,2024/09/21 04:48:43+00
-9604971.49531692,3812866.23228104,136,NEW HORIZON PRESCHOOL & LEARNING CTR LLC,,CAMILLA THOMAS,(334)834-9403,213 S. MADISON TERRACE,MONTGOMERY,36107,05:00 AM - 07:00 PM,6 WKS Through 12 YRS,,07:00 PM - 12:00 AM,6 WKS Through 12 YRS,,Licensed Center,,,,Licensed Center,2024/09/20,IAM - updated from DHR Interactive Map 9/16/24,ABOWEN,2024/09/20 17:43:46+00,ABOWEN,2024/09/21 04:48:43+00
-9606370.1194759,3815465.0209248,137,NEW TOWN HEAD START CENTER,,ERIC HYATT,(334)386-3571,1765 NORTH DECATUR,MONTGOMERY,36104,06:30 AM - 07:00 PM,3 YRS Through 5 YRS,,,N/A,,Licensed Center,,,,Licensed Center,2024/09/20,IAM - updated from DHR Interactive Map 9/16/24,ABOWEN,2024/09/20 17:43:46+00,ABOWEN,2024/09/21 04:48:43+00
-9607221.71299752,3808677.12755053,138,NEW GROWTH CHILDCARE,,SONDRA HARRIS,(334)356-1110,3388 SOUTH HULL STREET,MONTGOMERY,36105,06:00 AM - 06:00 PM,6 WKS Through 13 YRS,,,N/A,,Licensed Center,,,,Licensed Center,2024/09/20,IAM - updated from DHR Interactive Map 9/16/24,ABOWEN,2024/09/20 17:43:46+00,ABOWEN,2024/09/21 04:48:43+00
-9599994.17767899,3805478.99465938,139,NEXT STEP LEARNING CENTER LLC,,LATRICE RENEE HORTON,(334)324-1006,4355 VIRGINIA LOOP RD,MONTGOMERY,36116,06:00 AM - 06:00 PM,6 WKS Through 15 YRS,,,N/A,,Licensed Center,,,,Licensed Center,2024/09/20,IAM - updated from DHR Interactive Map 9/16/24,ABOWEN,2024/09/20 17:43:46+00,ABOWEN,2024/09/21 04:48:43+00
-9602796.3150611,3805964.29345042,140,NOW FAITH MINISTRIES,,MELVA DUPREE,(334)288-1611,3085 WOODLEY RD,MONTGOMERY,36116,06:00 AM - 06:00 PM,6 WKS Through 13 YRS,,,N/A,,Licensed Center,,,,Licensed Center,2024/09/20,IAM - updated from DHR Interactive Map 9/16/24,ABOWEN,2024/09/20 17:43:46+00,ABOWEN,2024/09/21 04:48:43+00
-9604953.46833452,3812785.82940398,141,NURTURE AND GROW CHILDCARE,,NEIKI MOTLEY,(334)782-6402,1806 MT. MEIGS ROAD,MONTGOMERY,36107,06:00 AM - 06:00 PM,0 WKS Through 12 YRS,,,N/A,,Licensed Center,,,,Licensed Center,2024/09/20,IAM - updated from DHR Interactive Map 9/16/24,ABOWEN,2024/09/20 17:43:46+00,ABOWEN,2024/09/21 04:48:43+00
-9604934.42455644,3810635.29375447,142,NOVA GRACE CHILD DEVELOPMENT CTR,,KENDRETTA WATKINS,(334)296-3032,2019 CLUBVIEW ST,MONTGOMERY,36106,06:00 AM - 06:00 PM,6 WKS Through 13 YRS,,,N/A,,Licensed Center,,,,Licensed Center,2024/09/20,IAM - updated from DHR Interactive Map 9/16/24,ABOWEN,2024/09/20 17:43:46+00,ABOWEN,2024/09/21 04:48:43+00
-9596139.51947248,3811569.42849099,143,"OUR CHILDREN'S ACADEMY, LLC",,KAY CULLERS,(334)647-1113,1000 MONTICELLO COURT,MONTGOMERY,36117,06:30 AM - 06:00 PM,0 WKS Through 6 YRS,,,N/A,,Licensed Center,,,,Licensed Center,2024/09/20,IAM - updated from DHR Interactive Map 9/16/24,ABOWEN,2024/09/20 17:43:46+00,ABOWEN,2024/09/21 04:48:43+00
-9605579.63251884,3816841.75602224,144,OUTREACH DELIVERANCE CHURCH DAY CARE,,CASSANDRA LODER,(334)593-8562,1624 RIGBY STREET,MONTGOMERY,36110,06:00 AM - 07:00 PM,6 WKS Through 12 YRS,,07:00 PM - 12:00 AM,6 WKS Through 12 YRS,,Licensed Center,,,,Licensed Center,2024/09/20,IAM - updated from DHR Interactive Map 9/16/24,ABOWEN,2024/09/20 17:43:46+00,ABOWEN,2024/09/21 04:48:43+00
-9611362.90730995,3808570.52849858,145,PEE WEE ANGELS CHRISTIAN LRN CTR,,LINDA JOINER,(334)241-0725,2972 WEST EDGEMONT AVE,MONTGOMERY,36108,06:00 AM - 05:30 PM,3 WKS Through 11 YRS,,,N/A,,Licensed Center,,,,Licensed Center,2024/09/20,IAM - updated from DHR Interactive Map 9/16/24,ABOWEN,2024/09/20 17:43:46+00,ABOWEN,2024/09/21 04:48:43+00
-9591364.80861483,3815531.07049864,146,PEGGY'S DAYCARE,,PEGGY PEACOCK,(334)272-6408,7297 OLD MITYLENE ROAD,MONTGOMERY,36117,07:00 AM - 05:00 PM,6 WKS Through 5 YRS,,,N/A,,Licensed Family,,,,Licensed Family,2024/09/20,IAM - updated from DHR Interactive Map 9/16/24,ABOWEN,2024/09/20 17:43:46+00,ABOWEN,2024/09/21 04:48:43+00
-9602651.38146579,3805432.62666462,147,PRESHUS JEWELS DEVELOPMENT CENTER,,NEKIA PARKS,(334)538-8757,3225 WOODLEY ROAD,MONTGOMERY,36116,06:00 AM - 07:00 PM,6 WKS Through 8 YRS,,07:00 PM - 12:00 AM,6 WKS Through 8 YRS,,Licensed Family,,,,Licensed Family,2024/09/20,IAM - updated from DHR Interactive Map 9/16/24,ABOWEN,2024/09/20 17:43:46+00,ABOWEN,2024/09/21 04:48:43+00
-9602160.34444771,3815094.68817879,148,PROVIDENCE EARLY CHILDHOOD LEARN.ACADEMY,,ANGELA WILLIAMS,(334)271-2223,508 COLISEUM BOULEVARD,MONTGOMERY,36109,06:30 AM - 05:45 PM,4 WKS Through 12 YRS,,,N/A,,Licensed Center,,,,Licensed Center,2024/09/20,IAM - updated from DHR Interactive Map 9/16/24,ABOWEN,2024/09/20 17:43:46+00,ABOWEN,2024/09/21 04:48:43+00
-9593821.17849828,3807335.45320952,149,PROVIDENCE EARLY CHILDHOOD LEARN. ACAD.E,,ANGELA WILLIAMS,(334)356-2300,3410 KESSINGER DRIVE,MONTGOMERY,36116,06:30 AM - 05:45 PM,4 WKS Through 12 YRS,,,N/A,,Licensed Center,,,,Licensed Center,2024/09/20,IAM - updated from DHR Interactive Map 9/16/24,ABOWEN,2024/09/20 17:43:46+00,ABOWEN,2024/09/21 04:48:43+00
-9602406.80539521,3804222.1093239,150,PRISCILLA WRIGHT,,PRISCILLA WRIGHT,(334)398-8271,125 SPRING VALLEY RD,MONTGOMERY,36116,06:00 AM - 07:00 PM,0 WKS Through 6 YRS,,07:00 PM - 12:00 AM,0 WKS Through 6 YRS,,Licensed Family,,,,Licensed Family,2024/09/20,IAM - updated from DHR Interactive Map 9/16/24,ABOWEN,2024/09/20 17:43:46+00,ABOWEN,2024/09/21 04:48:43+00
-9605526.75551503,3819184.64119581,151,RESURRECTION PRESCHOOL,,MARTHA PETTWAY,(334)230-1970,2815 FORBES DRIVE,MONTGOMERY,36110,07:00 AM - 05:30 PM,2 1/2 YRS Through 5 YRS,,,N/A,,Licensed Center,,,,Licensed Center,2024/09/20,IAM - updated from DHR Interactive Map 9/16/24,ABOWEN,2024/09/20 17:43:46+00,ABOWEN,2024/09/21 04:48:43+00
-9601880.82489945,3813122.07775813,152,RITA'S DAY CARE,,RITA HIPPS,(334)315-9579,513 KAREN ROAD,MONTGOMERY,36109,07:00 AM - 05:30 PM,6 WKS Through 4 YRS,,,N/A,,Licensed Family,,,,Licensed Family,2024/09/20,IAM - updated from DHR Interactive Map 9/16/24,ABOWEN,2024/09/20 17:43:46+00,ABOWEN,2024/09/21 04:48:43+00
-9596859.64374257,3812203.11670765,153,RIVER REGION KIDS I,,CAMILLA THOMAS,(334)215-3499,620 EASTERN BLVD,MONTGOMERY,36117,05:00 AM - 06:00 PM,6 WKS Through 12 YRS,,,N/A,,Licensed Center,,,,Licensed Center,2024/09/20,IAM - updated from DHR Interactive Map 9/16/24,ABOWEN,2024/09/20 17:43:46+00,ABOWEN,2024/09/21 04:48:43+00
-9595164.13566975,3809328.44979716,154,PROVIDENCE PRESBYTERIAN PRESCHOOL,,MEGAN JOLLEY,(334)274-1018,2130 BELL ROAD,MONTGOMERY,36117,07:00 AM - 05:30 PM,6 WKS Through 5 YRS,,,N/A,,Licensed Center,,,,Licensed Center,2024/09/20,IAM - updated from DHR Interactive Map 9/16/24,ABOWEN,2024/09/20 17:43:46+00,ABOWEN,2024/09/21 04:48:43+00
-9596109.24150478,3813371.33835316,155,RIVER REGIONS KIDS III,,CAMILLA THOMAS,(334)593-3825,5690 ATLANTA HWY,MONTGOMERY,36117,05:00 AM - 06:00 PM,6 WKS Through 14 YRS,,,N/A,,Licensed Center,,,,Licensed Center,2024/09/20,IAM - updated from DHR Interactive Map 9/16/24,ABOWEN,2024/09/20 17:43:46+00,ABOWEN,2024/09/21 04:48:43+00
-9605036.73546719,3811289.36325563,156,ROOM TO GROW,,VIRGINIA BASS,(334)269-3411,1825 WEST SECOND STREET,MONTGOMERY,36106,05:00 AM - 07:00 PM,0 WKS Through 12 YRS,,07:00 PM - 12:00 AM,0 WKS Through 12 YRS,,Licensed Center,,,,Licensed Center,2024/09/20,IAM - updated from DHR Interactive Map 9/16/24,ABOWEN,2024/09/20 17:43:46+00,ABOWEN,2024/09/21 04:48:43+00
-9607800.57045707,3807350.60420783,157,"RIVER REGION KIDS II, LLC",,CAMILLA THOMAS,(334)398-8109,3874 S. COURT ST,MONTGOMERY,36105,06:00 AM - 06:00 PM,6 YRS Through 12 YRS,,,N/A,,Licensed Center,,,,Licensed Center,2024/09/20,IAM - updated from DHR Interactive Map 9/16/24,ABOWEN,2024/09/20 17:43:46+00,ABOWEN,2024/09/21 04:48:43+00
-9607361.0290716,3813100.47859356,158,RSA HEAD START,,ERIC HYATT,(334)223-9604,300 MONROE STREET,MONTGOMERY,36105,06:30 AM - 07:00 PM,0 WKS Through 5 YRS,,,N/A,,Licensed Center,,,,Licensed Center,2024/09/20,IAM - updated from DHR Interactive Map 9/16/24,ABOWEN,2024/09/20 17:43:46+00,ABOWEN,2024/09/21 04:48:43+00
-9612364.00655815,3804751.48089976,159,SCHOOL HOUSE ROCK DAYCARE,,SHARON HARRIS,(334)286-8100,4521 MOBILE HWY,MONTGOMERY,36108,05:30 AM - 07:00 PM,0 WKS Through 12 YRS,,,N/A,,Licensed Center,,,,Licensed Center,2024/09/20,IAM - updated from DHR Interactive Map 9/16/24,ABOWEN,2024/09/20 17:43:46+00,ABOWEN,2024/09/21 04:48:43+00
-9604415.78734139,3817631.85300756,160,SHINING STARS LEARNING CENTER,,VERONICA HINKLE,(334)593-9001,239 BROADWAY STREET,MONTGOMERY,36110,06:00 AM - 07:00 PM,6 WKS Through 12 YRS,,07:00 PM - 12:00 AM,6 WKS Through 12 YRS,,Licensed Center,,,,Licensed Center,2024/09/20,IAM - updated from DHR Interactive Map 9/16/24,ABOWEN,2024/09/20 17:43:46+00,ABOWEN,2024/09/21 04:48:43+00
-9603870.43638514,3812328.59571366,161,SECOND MOM CHILD CARE CENTER,,OLLIE GRAY,(334)832-9403,2703 HIGHLAND AVENUE,MONTGOMERY,36107,05:30 AM - 07:00 PM,6 WKS Through 12 YRS,,,N/A,,Licensed Center,,,,Licensed Center,2024/09/20,IAM - updated from DHR Interactive Map 9/16/24,ABOWEN,2024/09/20 17:43:46+00,ABOWEN,2024/09/21 04:48:43+00
-9601425.4125175,3808139.28222272,162,SMILING FACES,,VERETTA PETTY,(334)531-5526,3412 FERNWAY DRIVE,MONTGOMERY,36111,06:30 AM - 07:00 PM,0 WKS Through 12 YRS,,07:00 PM - 12:00 AM,0 WKS Through 12 YRS,,Licensed Family,,,,Licensed Family,2024/09/20,IAM - updated from DHR Interactive Map 9/16/24,ABOWEN,2024/09/20 17:43:46+00,ABOWEN,2024/09/21 04:48:43+00
-9603791.84389998,3812254.52117073,163,SECOND MOM'S TOO,,OLLIE GRAY,(334)832-1876,2726 HIGHLAND AVE,MONTGOMERY,36107,06:00 AM - 07:00 PM,2 1/2 YRS Through 14 YRS,,,N/A,,Licensed Center,,,,Licensed Center,2024/09/20,IAM - updated from DHR Interactive Map 9/16/24,ABOWEN,2024/09/20 17:43:46+00,ABOWEN,2024/09/21 04:48:43+00
-9596493.7405794,3808019.64535461,164,ST JAMES FRANK LEU ELEM.PRESCHOOL,,ERIN CAPILOUTO SOMMER,(334)277-8033,6000 VAUGHN ROAD,MONTGOMERY,,07:30 AM - 05:45 PM,18 MOS Through 11 YRS,,,N/A,,Licensed Center,,,,Licensed Center,2024/09/20,IAM - updated from DHR Interactive Map 9/16/24,ABOWEN,2024/09/20 17:43:46+00,ABOWEN,2024/09/21 04:48:43+00
-9612188.01114006,3802857.88666798,165,SOUTHLAWN CHILD CARE CENTER,,TONYA HARRIS,(334)286-1056,125 GREENLEAF DRIVE,MONTGOMERY,36108,05:30 AM - 05:30 PM,3 WKS Through 15 YRS,,,N/A,,Licensed Center,,,,Licensed Center,2024/09/20,IAM - updated from DHR Interactive Map 9/16/24,ABOWEN,2024/09/20 17:43:46+00,ABOWEN,2024/09/21 04:48:43+00
-9604925.74696563,3804985.81580375,166,SUCCESS BY 6/ SETH JOHNSON ELEM SCH PREK,,ANITA MCCANTS,(334)284-8016,4550 NARROW LANE RD,MONTGOMERY,36116,07:30 AM - 02:00 PM,3 YRS Through 5 YRS,,,N/A,,Licensed Center,,,,Licensed Center,2024/09/20,IAM - updated from DHR Interactive Map 9/16/24,ABOWEN,2024/09/20 17:43:46+00,ABOWEN,2024/09/21 04:48:43+00
-9607279.48861828,3813382.9394162,167,STEPPING STONE CHRISTIAN ACADEMY,,SHENIKA BURNS,(334)604-1219,220 NORTH HULL STREET,MONTGOMERY,36104,06:00 AM - 06:00 PM,6 WKS Through 5 YRS,,,N/A,,Licensed Center,,,,Licensed Center,2024/09/20,IAM - updated from DHR Interactive Map 9/16/24,ABOWEN,2024/09/20 17:43:46+00,ABOWEN,2024/09/21 04:48:43+00
-9600839.09976913,3814563.93436663,168,SUGAR PLUM CHILD DEV. CENTER TOO!,,"ROBERT SMITH, JR.",(334)356-4270,417 DALRAIDA ROAD,MONTGOMERY,36109,06:00 AM - 07:00 PM,6 WKS Through 18 YRS,,07:00 PM - 12:00 AM,6 WKS Through 18 YRS,,Licensed Center,,,,Licensed Center,2024/09/20,IAM - updated from DHR Interactive Map 9/16/24,ABOWEN,2024/09/20 17:43:46+00,ABOWEN,2024/09/21 04:48:43+00
-9592375.5837895,3811854.23952995,169,TAYLOR ROAD HEAD START,,ERIC HYATT,(334)279-5065,7050-7060 UNIVERSITY CT,MONTGOMERY,36117,,N/A,,,N/A,,Licensed Center,,,,Licensed Center,2024/09/20,IAM - updated from DHR Interactive Map 9/16/24,ABOWEN,2024/09/20 17:43:46+00,ABOWEN,2024/09/21 04:48:43+00
-9598542.23799829,3807014.78363719,170,TENDER LOVING KARE,,JANICE DOTSON,(334)284-3783,3332 ROYAL CARRIAGE DR,MONTGOMERY,36116,07:30 AM - 05:30 PM,0 WKS Through 12 YRS,,,N/A,,Licensed Family,,,,Licensed Family,2024/09/20,IAM - updated from DHR Interactive Map 9/16/24,ABOWEN,2024/09/20 17:43:46+00,ABOWEN,2024/09/21 04:48:43+00
-9606345.85018107,3812392.65024576,171,THE HEART LEARNING CENTER,,QUEEN HARVEY,(334)649-1121,934 CENTENNIAL WAY,MONTGOMERY,36104,05:30 AM - 07:00 PM,0 MOS Through 16 YRS,,,N/A,,Licensed Center,,,,Licensed Center,2024/09/20,IAM - updated from DHR Interactive Map 9/16/24,ABOWEN,2024/09/20 17:43:46+00,ABOWEN,2024/09/21 04:48:43+00
-9616210.87365529,3804046.14136189,172,SUCCESS BY6/MLK ELEMENTARY PRE-K CLASS,,ANITA MCCANTS,(334)284-8080,4655 GATEWAY STREET,MONTGOMERY,36108,07:30 AM - 03:00 PM,3 YRS Through 5 YRS,,,N/A,,Licensed Center,,,,Licensed Center,2024/09/20,IAM - updated from DHR Interactive Map 9/16/24,ABOWEN,2024/09/20 17:43:46+00,ABOWEN,2024/09/21 04:48:43+00
-9600346.06603391,3810232.82985214,173,THE LEARNING TREE - CARMICHAEL RD LOCATI,,RUBY DAVIS,(334)271-4733,4120 CARMICHAEL RD,MONTGOMERY,36106,06:30 AM - 06:00 PM,12 MOS Through 12 YRS,,,N/A,,Licensed Center,,,,Licensed Center,2024/09/20,IAM - updated from DHR Interactive Map 9/16/24,ABOWEN,2024/09/20 17:43:46+00,ABOWEN,2024/09/21 04:48:43+00
-9602513.78173232,3804999.64461877,174,THE LEARNING TREE - WOODLEY RD LOCATION,,MALIKA MATTHEWS,(334)284-5560,3335 WOODLEY RD,MONTGOMERY,36116,06:30 AM - 06:00 PM,6 WKS Through 12 YRS,,,N/A,,Licensed Center,,,,Licensed Center,2024/09/20,IAM - updated from DHR Interactive Map 9/16/24,ABOWEN,2024/09/20 17:43:46+00,ABOWEN,2024/09/21 04:48:43+00
-9592345.97747297,3811866.76165245,175,THE SOURCE,,JOE WILLIAMS,(334)202-4033,7070 UNIVERSITY COURT,MONTGOMERY,36117,,N/A,,,N/A,,Exempt Center,,,,Exempt Center,2024/09/20,IAM - updated from DHR Interactive Map 9/16/24,ABOWEN,2024/09/20 17:43:46+00,ABOWEN,2024/09/21 04:48:43+00
-9605018.36335306,3810930.10156964,176,THE MCFORD KIDS ACADEMY INC,,TRELLIS COSBY,(334)356-0125,1720 MULBERRY ST,MONTGOMERY,36107,05:00 AM - 07:00 PM,6 WKS Through 12 YRS,,07:00 PM - 12:00 AM,6 WKS Through 12 YRS,,Licensed Center,,,,Licensed Center,2024/09/20,IAM - updated from DHR Interactive Map 9/16/24,ABOWEN,2024/09/20 17:43:46+00,ABOWEN,2024/09/21 04:48:43+00
-9597474.46154651,3804138.99921118,177,TRAIN THEM UP ACADEMY,,DORIS NICHOLS,(334)239-9100,6160 BREWBAKER BLVD,MONTGOMERY,36116,,N/A,,,N/A,,Exempt Center,,,,Exempt Center,2024/09/20,IAM - updated from DHR Interactive Map 9/16/24,ABOWEN,2024/09/20 17:43:46+00,ABOWEN,2024/09/21 04:48:43+00
-9610033.08778009,3811564.15350525,178,THELMA SMILEY MORRIS ELEMEN HEAD START,,LISA BANKS,(334)399-0841,801 HILL STREET,MONTGOMERY,36108,06:30 AM - 07:00 PM,3 YRS Through 5 YRS,,,N/A,,Licensed Center,,,,Licensed Center,2024/09/20,IAM - updated from DHR Interactive Map 9/16/24,ABOWEN,2024/09/20 17:43:46+00,ABOWEN,2024/09/21 04:48:43+00
-9599530.31163203,3809864.6422804,179,TRINITY PRESBYTERIAN SCHOOL,,LINDA HELMS,(334)213-2140,1700 EAST TRINITY BLVD,MONTGOMERY,36106,,N/A,,,N/A,,Exempt Center,,,,Exempt Center,2024/09/20,IAM - updated from DHR Interactive Map 9/16/24,ABOWEN,2024/09/20 17:43:46+00,ABOWEN,2024/09/21 04:48:43+00
-9597726.71690782,3804099.34879623,180,TRUE DIVINE CHILD CARE DEVELOPMENT CTR.,,ALETHEA MACK,(334)288-4558,4601 TROY HIGHWAY,MONTGOMERY,36116,06:00 AM - 06:00 PM,6 WKS Through 12 YRS,,,N/A,,Licensed Center,,,,Licensed Center,2024/09/20,IAM - updated from DHR Interactive Map 9/16/24,ABOWEN,2024/09/20 17:43:46+00,ABOWEN,2024/09/21 04:48:43+00
-9605464.75298744,3817458.05758929,181,TRANSFORMATION CENTER,,DEBBIE PEAVY,(334)398-8147,2625 LOWER WETUMPKA RD,MONTGOMERY,36110,07:00 AM - 03:00 PM,4 YRS Through 5 YRS,,,N/A,,Licensed Center,,,,Licensed Center,2024/09/20,IAM - updated from DHR Interactive Map 9/16/24,ABOWEN,2024/09/20 17:43:46+00,ABOWEN,2024/09/21 04:48:43+00
-9607242.96827317,3810385.56577525,182,TRINITY PRESBYTERIAN CHURCH,,BETTY CARROLL,(334)262-3892,1728 SOUTH HULL STREET,MONTGOMERY,36104,,N/A,,,N/A,,Exempt Center,,,,Exempt Center,2024/09/20,IAM - updated from DHR Interactive Map 9/16/24,ABOWEN,2024/09/20 17:43:46+00,ABOWEN,2024/09/21 04:48:43+00
-9603099.76790037,3809792.16264971,183,VANESSA B TULLO,,VANESSA TULLO,(334)322-2688,1828 SYLVAN DRIVE,MONTGOMERY,36106,07:00 AM - 06:00 PM,0 WKS Through 12 YRS,,,N/A,,Licensed Family,,,,Licensed Family,2024/09/20,IAM - updated from DHR Interactive Map 9/16/24,ABOWEN,2024/09/20 17:43:46+00,ABOWEN,2024/09/21 04:48:43+00
-9607473.29634318,3808980.05457217,184,TWINKLE TOES PLAYHOUSE,,PAMELA ROBINSON,(334)221-9609,3284 SOUTHMONT DRIVE,MONTGOMERY,36105,07:30 AM - 05:00 PM,6 WKS Through 18 YRS,,,N/A,,Licensed Family,,,,Licensed Family,2024/09/20,IAM - updated from DHR Interactive Map 9/16/24,ABOWEN,2024/09/20 17:43:46+00,ABOWEN,2024/09/21 04:48:43+00
-9595621.33030129,3815044.19960123,185,TRUE WORD OF LIFE CH/OPEN ARMS LEARN.&DC,,EWANDER PAYNE,(334)649-1065,5855 WARES FERRY ROAD,MONTGOMERY,36117,06:30 AM - 06:00 PM,6 WKS Through 12 YRS,,,N/A,,Licensed Center,,,,Licensed Center,2024/09/20,IAM - updated from DHR Interactive Map 9/16/24,ABOWEN,2024/09/20 17:43:46+00,ABOWEN,2024/09/21 04:48:43+00
-9601364.19381569,3806694.77427927,186,UNITY COMMUNITY OUTREACH MINISTRIES,,CAROL JONES,(334)233-0924,2813 EAST SOUTH BLVD,MONTGOMERY,36116,,N/A,,,N/A,,Exempt Center,,,,Exempt Center,2024/09/20,IAM - updated from DHR Interactive Map 9/16/24,ABOWEN,2024/09/20 17:43:46+00,ABOWEN,2024/09/21 04:48:43+00
-9605396.51766253,3813894.13341342,187,VANESSA SUGGS,,VANESSA SUGGS,(334)262-3368,1602 LYNDLE ROAD,MONTGOMERY,36107,05:30 AM - 06:00 PM,0 WKS Through 12 YRS,,,N/A,,Licensed Family,,,,Licensed Family,2024/09/20,IAM - updated from DHR Interactive Map 9/16/24,ABOWEN,2024/09/20 17:43:46+00,ABOWEN,2024/09/21 04:48:43+00
-9589137.7496598,3807827.28238374,188,"VAUGHN ROAD PRESCHOOL, LLC",,BARBARA ANDERSON,(334)277-4815,8790 VAUGHN ROAD,MONTGOMERY,36117,06:00 AM - 06:00 PM,6 WKS Through 12 YRS,,,N/A,,Licensed Center,,,,Licensed Center,2024/09/20,IAM - updated from DHR Interactive Map 9/16/24,ABOWEN,2024/09/20 17:43:46+00,ABOWEN,2024/09/21 04:48:43+00
-9593414.19235475,3814706.70908546,189,W.S. GARRETT ELEM. SCHOOL HEAD START,,KYERIA WILLIAMS,(334)399-2456,555 MCLEMORE DR,MONTGOMERY,36117,06:30 AM - 07:00 PM,3 YRS Through 5 YRS,,,N/A,,Licensed Center,,,,Licensed Center,2024/09/20,IAM - updated from DHR Interactive Map 9/16/24,ABOWEN,2024/09/20 17:43:46+00,ABOWEN,2024/09/21 04:48:43+00
-9594623.1235116,3816035.63207566,190,WARES FERRY ROAD ELEM. SCHOOL HEAD START,,KIRK HATCHER,(334)840-6435,6425 WARES FERRY ROAD,MONTGOMERY,36117,06:30 AM - 07:00 PM,3 YRS Through 5 YRS,,,N/A,,Licensed Center,,,,Licensed Center,2024/09/20,IAM - updated from DHR Interactive Map 9/16/24,ABOWEN,2024/09/20 17:43:46+00,ABOWEN,2024/09/21 04:48:43+00
-9611056.77660877,3809521.63232117,191,WESTLAKE ACADEMY LLC,,DESHOWNE HARRIS,(334)832-7222,3010 MOBILE HIGHWAY,MONTGOMERY,36108,07:00 AM - 05:30 PM,0 YRS Through 12 YRS,,,N/A,,Licensed Center,,,,Licensed Center,2024/09/20,IAM - updated from DHR Interactive Map 9/16/24,ABOWEN,2024/09/20 17:43:46+00,ABOWEN,2024/09/21 04:48:43+00
-9605180.99733021,3818330.22143078,192,WONDERLAND ACADEMY I,,LULA GOLDSBY,(334)832-9815,3118 LOWER WETUMPKA ROAD,MONTGOMERY,36110,06:30 AM - 07:00 PM,6 WKS Through 12 YRS,,,N/A,,Licensed Center,,,,Licensed Center,2024/09/20,IAM - updated from DHR Interactive Map 9/16/24,ABOWEN,2024/09/20 17:43:46+00,ABOWEN,2024/09/21 04:48:43+00
-9602787.30158595,3806001.57056774,193,WOODLEY ROAD HEAD START,,ERIC HYATT,(334)288-6535,3065 WOODLEY ROAD,MONTGOMERY,36108,06:30 AM - 07:00 PM,3 YRS Through 5 YRS,,,N/A,,Licensed Center,,,,Licensed Center,2024/09/20,IAM - updated from DHR Interactive Map 9/16/24,ABOWEN,2024/09/20 17:43:46+00,ABOWEN,2024/09/21 04:48:43+00
-9602488.62618975,3805088.82218552,194,WORD OF LIFE CHURCH,,SHERRY JORDAN,(334)356-2765,3325 WOODLEY ROAD,MONTGOMERY,36116,06:00 AM - 05:30 PM,6 WKS Through 14 YRS,,,N/A,,Licensed Center,,,,Licensed Center,2024/09/20,IAM - updated from DHR Interactive Map 9/16/24,ABOWEN,2024/09/20 17:43:46+00,ABOWEN,2024/09/21 04:48:43+00
-9605897.90235274,3812414.26515861,195,YMCA OF GREATER MONTG TULANE GARD PRE-K,,ARIANN CHARITY,(334)265-0566,1101 VICTOR TULANE CIRCLE,MONTGOMERY,36104,07:00 AM - 03:00 PM,4 YRS Through 5 YRS,,,N/A,,Licensed Center,,,,Licensed Center,2024/09/20,IAM - updated from DHR Interactive Map 9/16/24,ABOWEN,2024/09/20 17:43:46+00,ABOWEN,2024/09/21 04:48:43+00
-9606226.84804805,3811563.73772111,196,ZELIA STEPHENS HEAD START CENTER,,ERIC HYATT,(334)229-4470,1100 TUSCALOOSA ST,MONTGOMERY,36104,06:30 AM - 07:00 PM,3 YRS Through 5 YRS,,,N/A,,Licensed Center,,,,Licensed Center,2024/09/20,IAM - updated from DHR Interactive Map 9/16/24,ABOWEN,2024/09/20 17:43:46+00,ABOWEN,2024/09/21 04:48:43+00
-9594897.41780104,3808662.76458154,197,YMCA GOODTIMES CENTER,,ARIANN CHARITY,(334)279-8666,2325 MILL RIDGE DRIVE,MONTGOMERY,36117,07:00 AM - 06:00 PM,4 YRS Through 5 YRS,,,N/A,,Licensed Center,,,,Licensed Center,2024/09/20,IAM - updated from DHR Interactive Map 9/16/24,ABOWEN,2024/09/20 17:43:46+00,ABOWEN,2024/09/21 04:48:43+00
-9594330.01847058,3804368.31533995,198,YIELDING VESSEL MINISTRY,,MELANIE MORRISON,(334)356-1969,5251 HAMPSTEAD HIGH ST. UNIT 111,MONTGOMERY,36116,,N/A,,,N/A,,Exempt Center,,,,Exempt Center,2024/09/20,IAM - updated from DHR Interactive Map 9/16/24,ABOWEN,2024/09/20 17:43:46+00,ABOWEN,2024/09/21 04:48:43+00
