X,Y,OBJECTID,Join_Count,TARGET_FID,Offense_No,Item_No,Type,Address,Parcel_No,Remarks,Source_Date,Id
516806.291578136,676588.308310218,1,1,1,C00172683,,NUISANCE,1621 CARTER HILL RD,10 04 20 2 003 001.000,"* LITTER, JUNK, TRASH, OVERGROWN GRASS, WEEDS* THERE IS LITTER JUNK AND TRASH AND OVERGROWN GRASS.ALL OVER THIS PROPERTY..",2025/01/07 00:00:00+00,7
517852.599852975,664391.899304152,2,1,2,C00172632,,NUISANCE,2020 EAST SOUTH BLVD,10 09 32 1 006 004.000,"* DEBRIS, LITTER, JUNK, TRASH, OVERGROWN GRASS, TREE LIMBS, WEEDS",2025/01/07 00:00:00+00,5
493371.139629632,678035.260140739,3,1,3,C00172642,,NUISANCE,105 LONGVIEW CT,11 05 16 4 003 012.000,"* DEBRIS, LITTER, JUNK, TRASH, WEEDS* ENTIRE PARCEL MUST BE CLEANED AND RID OF ALL JUNK IN YARD",2025/01/07 00:00:00+00,4
493581.846229218,677755.540883899,4,1,4,C00172644,,NUISANCE,119 LONGVIEW CT,11 05 16 4 003 018.001,"* JUNK VEHICLES, LITTER, JUNK, TRASH, OVERGROWN GRASS, WEEDS* 1 BLUE SUV",2025/01/07 00:00:00+00,4
493641.944862302,677675.553182982,5,1,5,C00172646,,NUISANCE,123 LONGVIEW CT,11 05 16 4 003 020.000,"* AUTO PARTS, BLDG. MATERIAL, DEBRIS, JUNK VEHICLES, LITTER, JUNK, TRASH, OVERGROWN GRASS, WEEDS* 1 FORD TRUCK1 BLUE VAN ENTIRE PARCEL MUST BE RID OF ALL BUILDING MATERIAL AND RID OF JUNK IN YARD",2025/01/07 00:00:00+00,4
492741.900730629,678548.854914054,6,1,6,C00172636,,NUISANCE,2703 OLD SELMA RD,11 05 16 4 009 001.000,"* JUNK VEHICLES, LITTER, JUNK, TRASH, OVERGROWN GRASS, WEEDS* 1 PURPLE CAR1 BLACK CAR",2025/01/07 00:00:00+00,4
493601.861609135,677345.300234556,7,1,7,C00172635,,NUISANCE,132 LONGVIEW CT,11 05 16 4 009 019.000,"* APPLIANCES, AUTO PARTS, BLDG. MATERIAL, DEBRIS, LITTER, JUNK, TRASH, OVERGROWN GRASS, TIRES, WEEDS, WOOD* ENTIRE PARCEL MUST BE CLEANED AND CLEARED OF JUNK",2025/01/07 00:00:00+00,4
493194.970034469,677870.13448672,8,1,8,C00172641,,NUISANCE,52 LONGVIEW CT,11 05 16 4 009 032.000,"* DEBRIS, LITTER, JUNK, TRASH, WEEDS* ENTIRE PARCEL MUST BE CLEANED AND RID OF ALL JUNK IN YARD",2025/01/07 00:00:00+00,4
492798.692283716,678391.566186637,9,1,9,C00172637,,NUISANCE,6 LONGVIEW CT,11 05 16 4 009 039.000,"* BLDG. MATERIAL, DEBRIS, LITTER, JUNK, TRASH, WEEDS* ALL JUNK AND DEBRIS BE REMOVED FROM PARCEL PLEASE",2025/01/07 00:00:00+00,4
509270.412949134,667394.979255982,10,1,10,C00172656,,NUISANCE,29 WEST PATTON AVE,11 07 25 4 012 011.000,"* JUNK VEHICLES, LITTER, JUNK, TRASH, OVERGROWN GRASS, WEEDS* REMOVE ALL SCATTERED AUTO PARTS AND DEBRIS AND INOPERABLE VEHICLES ON THE LOT",2025/01/07 00:00:00+00,4
529433.906086631,660379.213759981,11,1,11,C00172467,,NUISANCE,3109 GENTILLY CT,15 02 03 1 003 029.000,"* JUNK VEHICLES, LITTER, JUNK, TRASH, OVERGROWN GRASS, WEEDS* THERE IS A BLACK CAR AND A BLACK VAN IN THE BACK. HAVE TO USE THE ALLEYWAY.",2025/01/07 00:00:00+00,6
522780.362307131,655568.671871886,12,1,12,C00172489,,NUISANCE,3541 WOODPARK DR,15 02 04 3 000 009.000,"* LITTER, JUNK, TRASH, OVERGROWN GRASS, WEEDS",2025/01/07 00:00:00+00,6
562768.32071688,675758.086873561,13,1,13,C00172614,,NUISANCE,10510 CHANTILLY PKWY,09 06 23 2 000 003.001,"* DEBRIS, LITTER, JUNK, TRASH, OVERGROWN GRASS, TREE LIMBS, WEEDS",2025/01/21 00:00:00+00,9
509691.795964632,666536.360238314,14,1,14,C00172880,,NUISANCE,4019 SOUTH COURT ST,10 09 30 3 010 013.000,"* LITTER, JUNK, TRASH, TREE LIMBS, TREE STUMPS, TREE VIOLATION* ALL TREE LIMBS IN YARD AND ON HOUSE MUST BE REMOVED FROM PARCEL",2025/01/21 00:00:00+00,7
521182.591224473,697185.259242237,15,1,15,C00172906,,NUISANCE,562 GARDENDALE DR,04 08 33 2 000 043.000,"* AUTO PARTS, JUNK VEHICLES, TIRES* ALL INOPERABLE VEHICLES ON PROPERTY WITH FLAT TIRES, EXPIRED OR NO TAGS, INCOMPLETE, OR INOPERABLE ARE IN VIOLATION OF THE CITY OF MONTGOMERY'S MUNICIPAL CODE.",2025/02/04 00:00:00+00,3
521711.282424297,696770.477591462,16,1,16,C00172910,,NUISANCE,1611 COLISEUM BLVD,04 08 33 2 000 100.000,"* AUTO PARTS, JUNK VEHICLES* REMOVE THE FOLLOWING (4) JUNK VEHICLES FROM PROPERTY: SILVER HYUNDAI GENESIS; WHITE FORD 500, SILVER CHRYSLER 200, AND GOLD DODGE CARAVAN",2025/02/04 00:00:00+00,3
523447.236301459,688696.471429802,17,1,17,C00173042,,NUISANCE,3001 BILTMORE AVE,10 02 04 4 004 016.000,"* AUTO PARTS, DEBRIS, FURNITURE, JUNK VEHICLES, LITTER, JUNK, TRASH, TIRES* WHITE CHEVY SUV, WHITE CADILLAC ESCALADE, SILVER NISSAN",2025/02/04 00:00:00+00,2
524338.109519713,687406.034378149,18,1,18,C00173050,,NUISANCE,3066 PELZER AVE,10 02 04 4 014 002.000,"* BLDG. MATERIAL, DEBRIS, FURNITURE, JUNK VEHICLES, LITTER, JUNK, TRASH, OVERGROWN GRASS, WEEDS* VEHICLE IN BACK YARD",2025/02/04 00:00:00+00,2
523722.505764052,685956.79941573,19,1,19,C00173041,,NUISANCE,17 SALEM DR,10 02 09 1 009 015.000,"* AUTO PARTS, DEBRIS, JUNK VEHICLES, LITTER, JUNK, TRASH, OVERGROWN GRASS, WEEDS* BLACK CAR",2025/02/04 00:00:00+00,2
562832.475772295,676400.274893641,20,0,20,C00172532,,NUISANCE,10480 CHANTILLY PKWY,09 06 23 2 000 003.003,"* DEBRIS, LITTER, JUNK, TRASH, OVERGROWN GRASS, TREE LIMBS, WEEDS",2025/01/07 00:00:00+00,
512822.805122551,661354.341730975,21,1,21,C00168568,,NUISANCE,4411 NORMAN BRIDGE RD,10 09 31 4 002 049.000,"* DEBRIS, LITTER, JUNK, TRASH, OVERGROWN GRASS, TIRES, WEEDS* ENTIRE LOT MUST BE CLEARED OF LITTER AND JUNK. ALSO ANY TALL GRASS AND WEEDS BE CUT  ANY QUESTIONS FEEL FREE TO CALL ME 334-531-6718  THANK YOU",2025/02/04 00:00:00+00,5
507216.953473382,675134.428015903,22,1,22,C00173236,,NUISANCE,524 LINCOLN ST,11 06 24 1 017 038.000,"* DEBRIS, LITTER, JUNK, TRASH, OVERGROWN GRASS, WEEDS* THE OWNER OF THE PROPERTY IS RESPONSIBLE FOR THE YARD UP TO THE CURB.",2025/02/04 00:00:00+00,7
539572.00884188,680287.934441149,23,1,23,C00173003,,NUISANCE,720 EASTERN BLVD,10 06 13 1 009 017.000,"* APPLIANCES, AUTO PARTS, BLDG. MATERIAL, CARPET, DEBRIS, FURNITURE, LITTER, JUNK, TRASH, OVERGROWN GRASS, TIRES, WEEDS, WOOD",2025/02/04 00:00:00+00,1
497338.693702385,657107.079556234,24,1,24,C00172990,,NUISANCE,230 SOUTHLAWN DR,14 02 03 4 004 013.000,"* BLDG. MATERIAL, DEBRIS, FURNITURE, LITTER, JUNK, TRASH, WOOD* A LARGE AMOUNT OF TRASH AND HOUSEHOLD ITEMS LOOKS TO HAVE BEEN DUMPED ON THIS PARCEL AND NEEDS TO BE REMOVED",2025/02/04 00:00:00+00,4
517201.662506547,694988.899789803,25,1,25,C00172685,,NUISANCE,1709 CROUSON ST,04 09 32 3 001 007.000,"* APPLIANCES, AUTO PARTS, BLDG. MATERIAL, DEBRIS, JUNK VEHICLES, LITTER, JUNK, TRASH, WEEDS* REMOVE ALL SCATTERED DEBRIS FROM PROPERTY ALONG WITH INOPERABLE VEHICLES FRONT/REAR",2025/01/07 00:00:00+00,3
518028.775353633,695577.993755981,26,1,26,C00172533,,NUISANCE,3466 BROADVIEW ST,04 09 32 1 015 003.000,"* DEBRIS, LITTER, JUNK, TRASH, OVERGROWN GRASS, WEEDS* REMOVE ALL SCATTERED DEBRIS FROM PROPERTY",2025/01/07 00:00:00+00,3
531642.422338881,683297.270942152,27,1,27,C00172714,9,NUISANCE,332 STERLING DR,10 01 11 3 008 017.000,"* BLDG. MATERIAL, LITTER, JUNK, TRASH",2025/01/21 00:00:00+00,1
535907.324898306,687252.625892311,28,1,28,C00172833,8,NUISANCE,4534 WARES FERRY RD,10 01 11 1 001 001.000,"* BLDG. MATERIAL, DEBRIS, LITTER, JUNK, TRASH",2025/01/21 00:00:00+00,1
517361.651031714,660459.062025473,29,1,29,C00172867,75,NUISANCE,1263 WOODBRIDGE DR,15 03 05 2 001 015.000,"* BLDG. MATERIAL, CARPET, DEBRIS, FURNITURE, LITTER, JUNK, TRASH, OVERGROWN GRASS, TREE LIMBS, WEEDS, WOOD* CLEAN ENTIRE PARCEL",2025/01/21 00:00:00+00,5
517239.308756713,660141.052162811,30,1,30,C00172847,76,NUISANCE,4726 NARROW LANE RD,15 03 05 2 005 002.000,"* AUTO PARTS, BLDG. MATERIAL, CARPET, DEBRIS, FURNITURE, LITTER, JUNK, TRASH, OVERGROWN GRASS, TIRES, TREE LIMBS, TREE STUMPS, WEEDS, WOOD",2025/01/21 00:00:00+00,5
517226.334045131,660597.645737812,31,1,31,C00172869,74,NUISANCE,1250 BASSETT DR,15 03 05 2 001 001.000,"* BLDG. MATERIAL, CARPET, DEBRIS, FURNITURE, LITTER, JUNK, TRASH, OVERGROWN GRASS, TREE LIMBS, WEEDS, WOOD",2025/01/21 00:00:00+00,5
524638.529522546,659073.412237719,32,1,32,C00172715,73,NUISANCE,108 LAUDERDALE ST,15 02 04 1 013 028.000,"* LITTER, JUNK, TRASH, OVERGROWN GRASS, WEEDS",2025/01/21 00:00:00+00,6
509509.132944129,663950.545856133,33,1,33,C00172883,71,NUISANCE,4408 SOUTH COURT ST,11 07 36 1 014 005.000,"* LITTER, JUNK, TRASH, OVERGROWN GRASS, WEEDS",2025/01/21 00:00:00+00,4
509475.052959792,665382.515761219,34,1,34,C00172881,70,NUISANCE,4228 SOUTH COURT ST,11 07 36 1 005 033.000,"* APPLIANCES, AUTO PARTS, DEBRIS, JUNK VEHICLES, LITTER, JUNK, TRASH, OVERGROWN GRASS, WEEDS* 1 RED 4 DOOR CAR1 SILVER SUV1 GREY/GREEN 4 DOOR CARAND A POSSIBLE 4TH     2 IN FRONT 2 IN REAR",2025/01/21 00:00:00+00,4
538848.851823635,682944.441595308,35,1,35,C00173001,7,NUISANCE,225 MELANIE DR,10 01 12 4 004 002.016,"* DEBRIS, LITTER, JUNK, TRASH, OVERGROWN GRASS, WEEDS, WOOD* OVERGROWN GRASS IN BACK YARD",2025/02/04 00:00:00+00,1
509435.808615711,669063.203937896,36,1,36,C00172874,67,NUISANCE,3766 SOUTH COURT ST,11 07 25 1 015 032.000,"* AUTO PARTS, DEBRIS, JUNK VEHICLES, LITTER, JUNK, TRASH, OVERGROWN GRASS, WEEDS* 1 RED CAR",2025/01/21 00:00:00+00,4
505222.134300295,667539.92975349,37,1,37,C00172854,68,NUISANCE,3932 OAK ST,11 07 25 3 005 019.000,"* APPLIANCES, AUTO PARTS, BLDG. MATERIAL, DEBRIS, LITTER, JUNK, TRASH, TIRES* ENTIRE PARCEL MUST BE CLEANED AND RID OF ALL JUNK AND DEBRIS AND PARTS",2025/01/21 00:00:00+00,4
535311.610210463,656851.409135818,38,1,38,C00172816,72,NUISANCE,6109 OAKLEIGH RD,15 01 02 4 001 016.009,"* LITTER, JUNK, TRASH, OVERGROWN GRASS, WEEDS",2025/01/21 00:00:00+00,6
509427.217425548,668020.475380301,39,1,39,C00172876,69,NUISANCE,3860 SOUTH COURT ST,11 07 25 4 001 026.000,"* BLDG. MATERIAL, DEBRIS, LITTER, JUNK, TRASH, OVERGROWN GRASS, WEEDS* INSIDE THE SMALL FENCED AREA ON PARCEL THE LARGE METAL RUSTED FRAMING NEEDS TO BE REMOVED AND GRASS CUT",2025/01/21 00:00:00+00,4
506827.239029717,674734.919956647,40,1,40,C00172899,65,NUISANCE,1814 ROSA L PARKS AVE,11 06 24 2 014 018.000,"* DEBRIS, LITTER, JUNK, TRASH, OVERGROWN GRASS, TREE LIMBS, WEEDS",2025/01/21 00:00:00+00,7
504445.402586043,675452.824688815,41,1,41,C00172801,64,NUISANCE,1651 OAK ST,11 06 24 2 007 011.000,"* DEBRIS, LITTER, JUNK, TRASH, OVERGROWN GRASS, WEEDS",2025/01/21 00:00:00+00,4
504444.878636964,675492.821656063,42,1,42,C00172800,63,NUISANCE,1635 OAK ST,11 06 24 2 007 010.000,"* DEBRIS, LITTER, JUNK, TRASH, OVERGROWN GRASS, WEEDS",2025/01/21 00:00:00+00,4
507131.00581063,674999.107420385,43,1,43,C00172889,62,NUISANCE,LINCOLN ST,11 06 24 1 018 006.000,"* DEBRIS, LITTER, JUNK, TRASH, OVERGROWN GRASS, TREE LIMBS, WEEDS",2025/01/21 00:00:00+00,7
507166.50016221,674999.726513639,44,1,44,C00172890,61,NUISANCE,537 LINCOLN ST,11 06 24 1 018 005.000,"* DEBRIS, LITTER, JUNK, TRASH, OVERGROWN GRASS, TREE LIMBS, WEEDS",2025/01/21 00:00:00+00,7
530932.972314205,687256.344716899,45,1,45,C00173031,6,NUISANCE,339 GROVE PARK DR,10 01 11 2 002 011.000,"* CARPET, DEBRIS, FURNITURE, LITTER, JUNK, TRASH, OVERGROWN GRASS, TIRES, TREE LIMBS, WEEDS, WOOD",2025/02/04 00:00:00+00,2
507237.489849627,675000.966340557,46,1,46,C00172892,59,NUISANCE,521 LINCOLN ST,11 06 24 1 018 003.000,"* DEBRIS, LITTER, JUNK, TRASH, OVERGROWN GRASS, TREE LIMBS, WEEDS",2025/01/21 00:00:00+00,7
507201.994841885,675000.346591145,47,1,47,C00172891,60,NUISANCE,533 LINCOLN ST,11 06 24 1 018 004.000,"* DEBRIS, LITTER, JUNK, TRASH, OVERGROWN GRASS, TREE LIMBS, WEEDS",2025/01/21 00:00:00+00,7
502664.689612046,675141.188501053,48,1,48,C00172920,58,NUISANCE,2237 EDWARD J NETTLES LN,11 06 23 1 017 007.000,"* BLDG. MATERIAL, DEBRIS, FURNITURE, LITTER, JUNK, TRASH",2025/01/21 00:00:00+00,4
502664.689612046,675141.188501053,49,1,49,C00172918,57,NUISANCE,2237 EDWARD J NETTLES LN,11 06 23 1 017 007.000,"* BLDG. MATERIAL, DEBRIS, FURNITURE, LITTER, JUNK, TRASH",2025/01/21 00:00:00+00,4
504254.093913551,675740.936973482,50,1,50,C00172624,62,NUISANCE,1600 OAK ST,11 06 23 1 014 001.000,"* LITTER, JUNK, TRASH, OVERGROWN GRASS, WEEDS* ALL TRASH BAGS ON PORCH OF STRUCTURE ON THIS PARCEL MUST BE REMOVED",2025/01/07 00:00:00+00,4
502733.198333293,675142.98246073,51,1,51,C00172923,56,NUISANCE,2231 EDWARD J NETTLES LN,11 06 23 1 017 005.000,"* BLDG. MATERIAL, DEBRIS, LITTER, JUNK, TRASH",2025/01/21 00:00:00+00,4
502733.198333293,675142.98246073,52,1,52,C00172916,55,NUISANCE,2231 EDWARD J NETTLES LN,11 06 23 1 017 005.000,"* BLDG. MATERIAL, DEBRIS, LITTER, JUNK, TRASH* CLEAN UP SITE WHERE TRAILER HAS BEEN REMOVED.",2025/01/21 00:00:00+00,4
502770.702523388,675143.964742228,53,1,53,C00172915,54,NUISANCE,2229 EDWARD J NETTLES LN,11 06 23 1 017 004.000,"* LITTER, JUNK, TRASH, OVERGROWN GRASS, WEEDS",2025/01/21 00:00:00+00,4
504098.910824966,675885.51476831,54,1,54,C00172835,53,NUISANCE,2016 STELLA ST,11 06 23 1 013 017.000,"* DEBRIS, LITTER, JUNK, TRASH, REPAIR OF MOTOR VEHICLES, WEEDS",2025/01/21 00:00:00+00,4
503260.006662883,675872.332379982,55,1,55,C00172836,52,NUISANCE,2142 STELLA ST,11 06 23 1 012 016.000,"* BLDG. MATERIAL, LITTER, JUNK, TRASH, OVERGROWN GRASS, TREE LIMBS, WEEDS",2025/01/21 00:00:00+00,4
503164.017025467,675870.822868556,56,1,56,C00172838,50,NUISANCE,2152 STELLA ST,11 06 23 1 012 014.000,"* DEBRIS, LITTER, JUNK, TRASH, OVERGROWN GRASS, TREE LIMBS, WEEDS",2025/01/21 00:00:00+00,4
503212.011352047,675871.577460229,57,1,57,C00172837,51,NUISANCE,2148 STELLA ST,11 06 23 1 012 015.000,"* DEBRIS, LITTER, JUNK, TRASH, OVERGROWN GRASS, TREE LIMBS, WEEDS",2025/01/21 00:00:00+00,4
553712.780429047,673920.094814636,58,1,58,C00172823,6,NUISANCE,1341 OLD OAK PL,09 05 21 3 000 001.028,"* DEBRIS, LITTER, JUNK, TRASH, OVERGROWN GRASS, WEEDS",2025/01/21 00:00:00+00,9
503790.413410462,676800.125471905,59,1,59,C00172771,49,NUISANCE,LINCOLN TERR,11 06 14 4 017 089.000,"* LITTER, JUNK, TRASH, OVERGROWN GRASS, WEEDS",2025/01/21 00:00:00+00,4
503710.961797718,676797.350871146,60,1,60,C00172770,48,NUISANCE,LINCOLN TER,11 06 14 4 017 087.000,"* LITTER, JUNK, TRASH, OVERGROWN GRASS, WEEDS",2025/01/21 00:00:00+00,4
541752.244638886,680565.499174736,61,1,61,C00172986,5,NUISANCE,5701 EAST SHIRLEY LN,09 04 18 2 000 002.026,"* DEBRIS, FURNITURE, LITTER, JUNK, TRASH* REMOVE ALL TRASH, FURNITURE, HOUSEHOLD ITEMS, AND DEBRIS FROM AROUND THE DUMPSTERS ON THE PROPERTY",2025/02/04 00:00:00+00,9
501309.90065496,681542.208835483,62,1,62,C00172748,47,NUISANCE,1401 BUNTING ST,11 06 14 2 001 002.002,"* DEBRIS, LITTER, JUNK, TRASH, OVERGROWN GRASS, WEEDS* REMOVE ALL SCATTERED DEBRIS FROM PROPERTY",2025/01/21 00:00:00+00,4
501255.670120381,681550.989985898,63,1,63,C00172747,46,NUISANCE,1407 BUNTING ST *,11 06 14 2 001 002.001,"* DEBRIS, LITTER, JUNK, TRASH, OVERGROWN GRASS, WEEDS* REMOVE ALL SCATTERED DEBRIS ALL OVER PROPERTY",2025/01/21 00:00:00+00,4
543980.766100463,689698.404137239,64,1,64,C00172463,5,NUISANCE,757 HAVELOCK LN,09 03 06 4 006 009.000,"* JUNK VEHICLES, LITTER, JUNK, TRASH, OVERGROWN GRASS, WEEDS* BLUE HONDA, SILVER HONDA, BLACK SUV",2025/01/21 00:00:00+00,2
501190.320513546,681556.068059735,65,1,65,C00172746,45,NUISANCE,411 MAY ST,11 06 14 2 001 002.000,"* DEBRIS, LITTER, JUNK, TRASH, OVERGROWN GRASS, WEEDS* REMOVE ALL SCATTERED DEBRIS FROM PROPERTY",2025/01/21 00:00:00+00,4
502999.538679883,681009.428733066,66,1,66,C00172744,44,NUISANCE,410 LORING ST,11 06 14 1 009 006.000,"* LITTER, JUNK, TRASH, OVERGROWN GRASS, WEEDS",2025/01/21 00:00:00+00,4
503136.864520714,681201.524805568,67,1,67,C00172742,42,NUISANCE,2120 LUVERNE ST,11 06 14 1 004 004.000,"* LITTER, JUNK, TRASH, OVERGROWN GRASS, WEEDS",2025/01/21 00:00:00+00,4
503176.867065378,681201.491341054,68,1,68,C00172741,43,NUISANCE,2116 LUVERNE ST,11 06 14 1 004 005.000,"* LITTER, JUNK, TRASH, OVERGROWN GRASS, WEEDS",2025/01/21 00:00:00+00,4
493521.747268051,677835.529569052,69,1,69,C00171169,40,NUISANCE,115 LONGVIEW CT,11 05 16 4 003 017.000,"* APPLIANCES, BLDG. MATERIAL, DEBRIS, LITTER, JUNK, TRASH, OVERGROWN GRASS, TREE LIMBS, WEEDS",2025/01/07 00:00:00+00,4
503096.862304144,681201.55827006,70,1,70,C00172743,41,NUISANCE,2126 LUVERNE ST,11 06 14 1 004 003.000,"* LITTER, JUNK, TRASH, OVERGROWN GRASS, WEEDS",2025/01/21 00:00:00+00,4
504410.516500961,677956.740940802,71,1,71,C00172802,40,NUISANCE,1049 OAK ST,11 06 13 3 005 015.000,"* DEBRIS, LITTER, JUNK, TRASH, OVERGROWN GRASS, WEEDS",2025/01/21 00:00:00+00,4
518456.477910291,694855.906289406,72,1,72,C00172752,4,NUISANCE,3342 TEXAS ST,04 09 32 4 003 007.000,"* LITTER, JUNK, TRASH, OVERGROWN GRASS, WEEDS* REMOVE PILE OF DEBRIS REAR OF THE PROPERTY",2025/01/21 00:00:00+00,3
506692.057869628,680472.12173681,73,1,73,C00172793,39,NUISANCE,534 ROSA L PARKS AVE,11 06 13 2 012 025.000,"* CARPET, DEBRIS, FURNITURE, JUNK VEHICLES, LITTER, JUNK, TRASH, OVERGROWN GRASS, WEEDS* REMOVE ALL SCATTERED DEBRIS FROM PROPERTY INCLUDING THE STAIRWELL",2025/01/21 00:00:00+00,7
503057.258380722,682604.184073731,74,1,74,C00172575,38,NUISANCE,1001 CLAY ST,11 01 11 4 009 010.000,"* LITTER, JUNK, TRASH, OVERGROWN GRASS, WEEDS",2025/01/07 00:00:00+00,4
504898.369527884,680836.883802556,75,1,75,C00172724,38,NUISANCE,S DICKERSON ST,11 06 13 2 007 026.000,"* DEBRIS, LITTER, JUNK, TRASH, OVERGROWN GRASS, TREE LIMBS, WEEDS* REMOVE PILE OF TREE DEBRIS REAR OF PROPERTY/MISC. DEBRIS",2025/01/21 00:00:00+00,4
541557.756182715,681725.78523998,76,1,76,C00172985,4,NUISANCE,455 EASTDALE RD SOUTH,09 04 18 2 000 002.000,"* BLDG. MATERIAL, LITTER, JUNK, TRASH, TIRES, TREE LIMBS, TREE VIOLATION* REMOVE ALL TRASH ON GROUND BESIDE DUMPSTERS; REMOVE TIRES, AUTO PARTS, AND BUILDING MATERIALS FROM AROUND BUILDING 409 AND 413; REMOVE FALLEN TREES AND TREE LIMBS ON THE OUTSIDE OF ",2025/02/04 00:00:00+00,9
504899.286192719,680686.881149814,77,1,77,C00172726,36,NUISANCE,538 SOUTH DICKERSON ST,11 06 13 2 007 022.000,"* LITTER, JUNK, TRASH, OVERGROWN GRASS, WEEDS",2025/01/21 00:00:00+00,4
504899.05686247,680724.381074809,78,1,78,C00172725,37,NUISANCE,532 SOUTH DICKERSON ST,11 06 13 2 007 023.000,"* LITTER, JUNK, TRASH, OVERGROWN GRASS, WEEDS",2025/01/21 00:00:00+00,4
535435.092903133,658224.058949552,79,1,79,C00172941,36,NUISANCE,5952 PROVOST AVE,15 01 02 1 004 022.012,"* DEBRIS, LITTER, JUNK, TRASH, OVERGROWN GRASS, WEEDS",2025/02/04 00:00:00+00,6
512324.164387554,670497.309337392,80,1,80,C00173052,36,NUISANCE,NORMAN BRIDGE RD,10 09 30 1 005 012.000,"* DEBRIS, LITTER, JUNK, TRASH, OVERGROWN GRASS, TREE LIMBS",2025/02/04 00:00:00+00,7
507804.776116636,680062.081546396,81,1,81,C00172796,35,NUISANCE,571 VIRGINIA AVE,11 06 13 1 008 019.000,"* LITTER, JUNK, TRASH, OVERGROWN GRASS, TREE LIMBS, TREE VIOLATION, WEEDS* REMOVE DOWN TREE FROM PROPERTY",2025/01/21 00:00:00+00,3
488874.10564471,672116.144354314,82,1,82,C00172832,34,NUISANCE,3340 ASHLEY RD,11 05 21 3 003 009.000,"* AUTO PARTS, BLDG. MATERIAL, DEBRIS, LITTER, JUNK, TRASH, OVERGROWN GRASS, TIRES, WOOD* THIS ENTIRE PARCEL MUST BE CLEANED AND RID OF ALL JUNK,SCRAP,AUTO PARTS AND ALL OTHER DEBRIS.IF THE BOAT IS JUNK IT NEEDS TO BE REMOVED FROM PARCEL. FAILURE IN THIS A",2025/01/21 00:00:00+00,4
502999.188286882,682336.780080974,83,1,83,C00172749,33,NUISANCE,1059 HERRON ST,11 01 11 4 013 001.000,"* DEBRIS, LITTER, JUNK, TRASH, OVERGROWN GRASS, WEEDS",2025/01/21 00:00:00+00,4
517005.698003463,660795.316602319,84,1,84,C00172871,32,NUISANCE,1251 BASSETT DR,10 09 32 3 014 047.000,"* APPLIANCES, AUTO PARTS, BLDG. MATERIAL, CARPET, DEBRIS, FURNITURE, LITTER, JUNK, TRASH, OVERGROWN GRASS, TIRES, TREE LIMBS, WEEDS, WOOD",2025/01/21 00:00:00+00,5
508943.71412747,666306.188454561,85,1,85,C00173212,32,NUISANCE,56 SOUTHMONT DR,11 07 25 4 012 045.000,"* LITTER, JUNK, TRASH, OVERGROWN GRASS, TREE LIMBS, WEEDS* ENTIRE PARCEL NEEDS TO BE CLEANED AND STRAIGHTENED UP",2025/02/04 00:00:00+00,4
509701.627309799,666464.380723484,86,1,86,C00172822,31,NUISANCE,4029 SOUTH COURT ST,10 09 30 3 010 014.000,"* LITTER, JUNK, TRASH, OVERGROWN GRASS, WEEDS",2025/01/21 00:00:00+00,7
506100.225063797,667074.985473387,87,1,87,C00172943,31,NUISANCE,727 CLOVER HILL DR,11 07 25 3 011 005.000,"* LITTER, JUNK, TRASH, OVERGROWN GRASS, TREE LIMBS, WEEDS, WOOD",2025/02/04 00:00:00+00,4
494188.157352541,667133.837717898,88,1,88,C00172934,33,NUISANCE,3089 WEST BLVD,11 08 27 3 003 001.000,"* LITTER, JUNK, TRASH, OVERGROWN GRASS, TREE LIMBS, WEEDS",2025/02/04 00:00:00+00,4
507874.038445298,673467.411664896,89,1,89,C00173218,30,NUISANCE,100 DUNCAN DR,11 06 24 4 004 014.000,"* BLDG. MATERIAL, CARPET, DEBRIS, FURNITURE, LITTER, JUNK, TRASH, TREE LIMBS, WOOD* THIS ENTIRE PARCEL MUST BE CLEANED AND RID OF ALL DEBRIS AND JUNK",2025/02/04 00:00:00+00,4
494670.438540213,666855.200807974,90,1,90,C00172955,34,NUISANCE,ESTATE AVE,11 08 27 3 003 002.000,"* LITTER, JUNK, TRASH, OVERGROWN GRASS, TREE LIMBS, WEEDS",2025/02/04 00:00:00+00,4
515233.851481553,695016.705836564,91,1,91,C00172791,3,NUISANCE,3541 MANLEY DR,04 09 32 3 005 002.031,"* JUNK VEHICLES, LITTER, JUNK, TRASH, OVERGROWN GRASS, WEEDS* REMOVE ALL SCATTERED DEBRIS AND INOPERABLE VEHICLES",2025/01/21 00:00:00+00,3
518457.29910288,694750.906171322,92,1,92,C00172754,3,NUISANCE,3330 TEXAS ST,04 09 32 4 003 009.000,"* LITTER, JUNK, TRASH, OVERGROWN GRASS, TREE LIMBS, TREE VIOLATION, WEEDS* REMOVE PILE TREE DEBRIS FROM REAR PROPERTY",2025/02/04 00:00:00+00,3
506839.319058042,674929.117730968,93,1,93,C00173235,29,NUISANCE,ROSA L PARKS AVE,11 06 24 2 014 022.000,"* DEBRIS, LITTER, JUNK, TRASH, OVERGROWN GRASS, WEEDS",2025/02/04 00:00:00+00,7
509653.014218047,670678.130498059,94,1,94,C00172872,29,NUISANCE,3615 SOUTH COURT ST,10 09 30 2 006 007.000,"* BLDG. MATERIAL, LITTER, JUNK, TRASH* BUILDING MATERIAL AND WOOD ON PARCEL MUST BE REMOVED",2025/01/21 00:00:00+00,7
526990.876851968,665063.937002055,95,1,95,C00172712,30,NUISANCE,2801 EAST SOUTH BLVD,10 08 34 2 002 029.000,"* JUNK VEHICLES, LITTER, JUNK, TRASH, OVERGROWN GRASS, WEEDS* CUT ALL THE WAY UP TO THE BLVD; BLACK MUSTANG; WHITE NISSAN",2025/01/07 00:00:00+00,5
523553.531036381,661487.021255635,96,1,96,C00172737,28,NUISANCE,3312 WOODLEY RD,10 08 33 4 013 001.000,"* LITTER, JUNK, TRASH, OVERGROWN GRASS, WEEDS",2025/01/21 00:00:00+00,6
503459.158823635,675678.443003982,97,1,97,C00173238,27,NUISANCE,2121 STELLA ST,11 06 23 1 015 003.000,"* DEBRIS, LITTER, JUNK, TRASH, OVERGROWN GRASS, WEEDS",2025/02/04 00:00:00+00,4
503499.978295803,675876.102057472,98,1,98,C00173237,26,NUISANCE,2116 STELLA ST,11 06 23 1 012 021.000,"* DEBRIS, LITTER, JUNK, TRASH, OVERGROWN GRASS, TREE LIMBS, WEEDS",2025/02/04 00:00:00+00,4
504376.331858043,679266.667782888,99,1,99,C00172567,25,NUISANCE,857 OAK ST,11 06 13 2 024 008.000,"* LITTER, JUNK, TRASH, OVERGROWN GRASS, WEEDS",2025/02/04 00:00:00+00,4
506748.672257718,679311.117825232,100,1,100,C00173057,24,NUISANCE,778 ROSA L PARKS AVE,11 06 13 2 022 023.000,"* DEBRIS, LITTER, JUNK, TRASH, OVERGROWN GRASS, WEEDS",2025/02/04 00:00:00+00,7
506749.522649717,679278.628716983,101,1,101,C00173056,23,NUISANCE,782 ROSA L PARKS AVE,11 06 13 2 022 022.000,"* DEBRIS, LITTER, JUNK, TRASH, OVERGROWN GRASS, TREE LIMBS, WEEDS",2025/02/04 00:00:00+00,7
526952.508162294,667041.488493145,102,1,102,C00172733,27,NUISANCE,3809 FIELDCREST DR,10 08 27 3 008 032.000,"* LITTER, JUNK, TRASH, OVERGROWN GRASS, WEEDS",2025/01/21 00:00:00+00,5
540593.546825051,674651.857130647,103,1,103,C00172786,26,NUISANCE,1607 SANDSTONE CT,10 06 24 1 002 041.003,"* LITTER, JUNK, TRASH, OVERGROWN GRASS, WEEDS* THERE IS JUNK AND TRASH IN THE BACK YARD THAT NEED TO BE TAKEN CARE OF ASAP",2025/01/21 00:00:00+00,9
505758.995759387,680272.756978057,104,1,104,C00173012,22,NUISANCE,613 S HOLT ST,11 06 13 2 020 011.000,"* DEBRIS, LITTER, JUNK, TRASH, OVERGROWN GRASS, TIRES, WEEDS* CLEAR OUT AREA BESIDE BUILDING OF SCATTERED DEBRIS",2025/02/04 00:00:00+00,7
517643.276780803,680801.154871397,105,1,105,C00172810,22,NUISANCE,1922 PLUM ST,10 04 17 1 022 001.000,"* DEBRIS, LITTER, JUNK, TRASH, OVERGROWN GRASS, TREE LIMBS, TREE VIOLATION, WEEDS* ALL AT THE REAR OF THE HOUSE BEHIND PRIVACY FENCE.",2025/01/21 00:00:00+00,3
518335.747508723,682660.8499709,106,1,106,C00172789,21,NUISANCE,350 POLK ST,10 03 08 4 028 013.000,"* BLDG. MATERIAL, DEBRIS, FURNITURE, LITTER, JUNK, TRASH, OVERGROWN GRASS, WEEDS",2025/01/21 00:00:00+00,3
506949.950398467,679874.646881886,107,1,107,C00173058,21,NUISANCE,707 ROSA L PARKS AVE,11 06 13 1 006 024.000,"* OVERGROWN GRASS, WEEDS",2025/02/04 00:00:00+00,3
509594.398193546,673087.569576807,108,1,108,C00172861,23,NUISANCE,3143 SOUTH COURT ST,10 04 19 3 006 009.000,"* BLDG. MATERIAL, DEBRIS, JUNK VEHICLES, LITTER, JUNK, TRASH, OVERGROWN GRASS, WEEDS, WOOD* 1 WHITE AND RED BOX TRUCKALSO NO PARKING IN FRONT YARD UNLESS GRAVEL IS PUT DOWN WITH A BORDER",2025/01/21 00:00:00+00,7
515484.845074054,684201.941376887,109,1,109,C00172819,20,NUISANCE,1416 MADISON AVE,10 03 08 3 019 003.000,"* DEBRIS, LITTER, JUNK, TRASH, OVERGROWN GRASS, TIRES, WEEDS",2025/01/21 00:00:00+00,3
514933.786792971,694688.791466132,110,1,110,C00172792,2,NUISANCE,3513 MANLEY DR,04 09 32 3 005 002.008,"* DEBRIS, JUNK VEHICLES, LITTER, JUNK, TRASH, OVERGROWN GRASS, WEEDS* REMOVE THE LARGE ACCUMULATION OF DEBRIS FROM THE REAR PROPERTY",2025/01/21 00:00:00+00,3
489098.662610296,672739.546322726,111,1,111,C00172929,20,NUISANCE,3325 PATRICK RD,11 05 21 3 003 001.000,"* AUTO PARTS, DEBRIS, LITTER, JUNK, TRASH* PARCEL NEEDS TO BE CLEANED AND ORGANIZED WITH VEHICLES.  ALL AUTO PARTS AND ENGINES LAYING AROUND MUST BE REMOVED",2025/02/04 00:00:00+00,4
518768.854582131,686845.612926804,112,1,112,C00172821,19,NUISANCE,2036 UPPER WETUMPKA RD,10 03 08 1 019 001.000,"* DEBRIS, LITTER, JUNK, TRASH, OVERGROWN GRASS, WEEDS",2025/01/21 00:00:00+00,3
518339.415808465,687201.875337645,113,1,113,C00172727,18,NUISANCE,1933 MARIE JAMES CT,10 03 08 1 004 001.000,"* DEBRIS, LITTER, JUNK, TRASH, OVERGROWN GRASS, WEEDS* REMOVE ALL SCATTERED BUILDING DEBRIS FROM REAR PROPERTY",2025/01/21 00:00:00+00,3
511272.307567384,671214.238677807,114,1,114,C00173055,18,NUISANCE,342 EAST EDGEMONT AVE,10 09 30 2 002 004.000,"* BLDG. MATERIAL, DEBRIS, LITTER, JUNK, TRASH, OVERGROWN GRASS, TREE LIMBS",2025/02/04 00:00:00+00,7
512083.326286551,670054.250184141,115,1,115,C00173053,17,NUISANCE,427 EAST OGDEN AVE,10 09 30 2 001 017.000,"* DEBRIS, LITTER, JUNK, TRASH, OVERGROWN GRASS",2025/02/04 00:00:00+00,7
517480.796134636,680799.079744309,116,1,116,C00172679,15,NUISANCE,1908 PLUM ST,10 04 17 1 022 004.000,"* LITTER, JUNK, TRASH, OVERGROWN GRASS, WEEDS",2025/01/07 00:00:00+00,3
526519.538227718,682646.919224471,117,1,117,C00172762,16,NUISANCE,3530 MILAN DR,10 02 10 3 016 013.000,"* LITTER, JUNK, TRASH, OVERGROWN GRASS, WEEDS",2025/01/21 00:00:00+00,1
519908.835241798,690177.76275856,118,1,118,C00172820,17,NUISANCE,2545 FAIRGROUND RD,10 03 05 1 012 001.000,"* BLDG. MATERIAL, DEBRIS, LITTER, JUNK, TRASH, OVERGROWN GRASS* REMOVE ALL SCATTERED BUILDING DEBRIS BRICKS AND METAL FRAMING FROM PROPERTY",2025/01/21 00:00:00+00,3
540284.825001556,676647.952875979,119,1,119,C00172956,15,NUISANCE,1312 PAMPAS DR,10 06 24 1 002 010.000,"* TREE LIMBS, TREE STUMPS* THERE IS A PILE OF LIMBS AT THE BACK FENCE OF 1312 PAMPAS. IT HAS BEEN THERE FOR A MONTH NOW.PLEASE REMOVE ASAP..",2025/02/04 00:00:00+00,9
515971.744690798,685052.527274139,120,1,120,C00172522,14,NUISANCE,1532 WINONA AVE,10 03 08 2 022 003.000,* POOLING/PONDING OF FOUL WATER,2025/01/07 00:00:00+00,3
525395.157930553,686658.34755332,121,1,121,C00172818,14,NUISANCE,104 COLISEUM BLVD,10 02 10 2 003 006.002,"* DEBRIS, LITTER, JUNK, TRASH, OVERGROWN GRASS, TREE LIMBS, WEEDS",2025/01/21 00:00:00+00,2
519237.56164996,679352.71091789,122,1,122,C00172931,13,NUISANCE,1209 RYAN ST,10 04 17 1 053 010.000,"* LITTER, JUNK, TRASH, OVERGROWN GRASS, WEEDS",2025/02/04 00:00:00+00,3
529290.095022555,687317.027010225,123,1,123,C00172730,13,NUISANCE,4017 WARE HILL DR,10 02 10 1 001 051.000,"* FURNITURE, LITTER, JUNK, TRASH* REMOVE ALL ITEMS OFF FRONT PORCH",2025/01/21 00:00:00+00,2
512516.809999626,689017.833319888,124,1,124,C00172587,12,NUISANCE,1438 WITHERS ST,10 03 06 4 023 003.000,"* DEBRIS, JUNK VEHICLES, LITTER, JUNK, TRASH, WEEDS* REMOVE WRECK/DISMANTLED VEHICLE FROM PROPERTY",2025/01/07 00:00:00+00,3
513586.354448464,689879.140652403,125,1,125,C00172913,12,NUISANCE,1750 N DECATUR ST,10 03 06 1 003 005.000,"* DEBRIS, JUNK VEHICLES, LITTER, JUNK, TRASH* REMOVE ALL SCATTERED DEBRIS FROM PROPERTY AND INOPERABLE SEDAN",2025/02/04 00:00:00+00,3
517745.508203633,691358.501538806,126,1,126,C00172930,11,NUISANCE,1904 JOHNSON ST (HIGHLAND GARDENS),10 03 05 1 004 014.000,"* DEBRIS, LITTER, JUNK, TRASH* REMOVE ALL SCATTERED DEBRIS ALL OVER PROPERTY INCLUDING FRONT AND REAR PORCH",2025/02/04 00:00:00+00,3
520484.249773383,686060.607607059,127,1,127,C00172829,11,NUISANCE,405 FEDERAL DR,10 02 09 2 009 017.000,"* DEBRIS, LITTER, JUNK, TRASH, OVERGROWN GRASS, TREE LIMBS, WEEDS",2025/01/21 00:00:00+00,3
526530.315109044,657790.13954182,128,1,128,C00173413,195,NUISANCE,3845 CHATWOOD ST,15 02 03 3 002 006.000,"* AUTO PARTS, BLDG. MATERIAL, DEBRIS, JUNK VEHICLES, LITTER, JUNK, TRASH, OVERGROWN GRASS, WEEDS* REMOVE ALL SCATTERED DEBRIS FROM FRONT AND REAR PROPERTY INCLUDING ALL WRECKED/INOPERABLE VEHICLES",2025/02/18 00:00:00+00,6
529433.906086631,660379.213759981,129,1,129,C00173421,194,NUISANCE,3109 GENTILLY CT,15 02 03 1 003 029.000,"* DEBRIS, WEEDS",2025/02/18 00:00:00+00,6
532411.02742897,652615.369707637,130,1,130,C00173223,193,NUISANCE,5060 WOODLEY RD,15 01 11 2 002 001.002,"* DEBRIS, JUNK VEHICLES, OVERGROWN GRASS* REMOVE DOWN TREE LIMB ON FRONT AND ALL INOPERABLE VEHICLES ON PROPERTY",2025/02/18 00:00:00+00,6
531090.705922626,655209.755266897,131,1,131,C00173398,192,NUISANCE,4008 AMBERLY RD,15 01 02 3 004 015.000,"* DEBRIS, JUNK VEHICLES, LITTER, JUNK, TRASH* REMOVE ALL WRECKED INOPERABLE VEHICLES, SCATTERED DEBRIS OLD PARTS",2025/02/18 00:00:00+00,6
520112.297433298,683698.095599815,132,1,132,C00172781,12,NUISANCE,149 SOUTH PANAMA ST,10 02 09 3 008 002.000,"* DEBRIS, LITTER, JUNK, TRASH, OVERGROWN GRASS, WEEDS* ALL AROUND DUMPSTER ALL TYPES LITTER AND JUNK. CLEAN UP  ASAP",2025/01/21 00:00:00+00,3
517648.988383554,696112.60882847,133,1,133,C00172750,1,NUISANCE,127 BROADWAY ST,04 09 32 1 011 006.000,"* DEBRIS, FURNITURE, LITTER, JUNK, TRASH, OVERGROWN GRASS, WEEDS* REMOVE ALL SCATTERED DEBRIS FROM CURB/PROPERTY",2025/01/21 00:00:00+00,3
520740.450376462,687460.988664553,134,1,134,C00172828,10,NUISANCE,808 FEDERAL DR,10 02 04 3 016 014.000,"* DEBRIS, LITTER, JUNK, TRASH",2025/01/21 00:00:00+00,2
486243.922256794,659203.689536221,135,1,135,C00173357,191,NUISANCE,4412 GATEWAY DR,14 03 05 1 011 003.000,"* DEBRIS, JUNK VEHICLES, LITTER, JUNK, TRASH* REMOVE ALL INOPERABLE VEHICLES, SCATTERED DEBRIS ALONG WITH AUTO PARTS",2025/02/18 00:00:00+00,4
498240.082647633,655852.757917896,136,1,136,C00173544,189,NUISANCE,5225 WEST SHADES VALLEY DR,14 02 03 4 011 006.000,"* LITTER, JUNK, TRASH, OVERGROWN GRASS, WEEDS",2025/02/18 00:00:00+00,4
497919.652186129,654047.703457147,137,1,137,C00173539,190,NUISANCE,5433 CATHY DR,14 02 10 1 010 016.000,"* JUNK VEHICLES, TIRES, TREE LIMBS, TREE VIOLATION* BURGUNDY 4-DOOR SEDAN NEEDS TO BE REMOVED IF NOT MEETING CRITERIA TO STAY; FALLEN TREE AND TREE LIMBS NEED TO BE REMOVED, AS WELL AS ANY TIRES ON THE PROPERTY",2025/02/18 00:00:00+00,4
497975.346956633,656556.79030247,138,1,138,C00173697,188,NUISANCE,5224 GREENSBORO DR,14 02 03 4 008 034.000,"* DEBRIS, LITTER, JUNK, TRASH, OVERGROWN GRASS, WEEDS",2025/02/18 00:00:00+00,4
498268.711527381,656828.728406906,139,1,139,C00173698,187,NUISANCE,5256 GREENSBORO DR,14 02 03 4 008 027.000,"* DEBRIS, LITTER, JUNK, TRASH, OVERGROWN GRASS, WEEDS",2025/02/18 00:00:00+00,4
498865.047933131,657017.636821724,140,1,140,C00173701,186,NUISANCE,5117 EAST LINDA CIR,14 02 03 4 008 003.000,"* BLDG. MATERIAL, FURNITURE, LITTER, JUNK, TRASH, WOOD* ITEMS DRAGGED OUT FROM BURNED HOUSE INTO BACK YARD AND PATIO MUST BE CLEANED UP AND REMOVED; ALL LITTER AROUND THE HOUSE - INCLUDING FRONT AND SIDES OF HOUSE - MUST BE CLEANED UP",2025/02/18 00:00:00+00,4
498692.819274969,656839.355682231,141,1,141,C00173700,185,NUISANCE,5134 EAST LINDA CIR,14 02 03 4 007 007.000,"* LITTER, JUNK, TRASH, OVERGROWN GRASS, WEEDS",2025/02/18 00:00:00+00,4
497400.79758079,657126.264557235,142,1,142,C00173702,184,NUISANCE,236 SOUTHLAWN DR,14 02 03 4 004 012.000,"* BLDG. MATERIAL, DEBRIS, LITTER, JUNK, TRASH, OVERGROWN GRASS, TIRES, TREE LIMBS, WEEDS, WOOD",2025/02/18 00:00:00+00,4
499049.774925884,658411.298732556,143,1,143,C00173704,183,NUISANCE,536 UPTON RD,14 02 03 1 011 015.000,"* DEBRIS, FURNITURE, LITTER, JUNK, TRASH, OVERGROWN GRASS, WEEDS, WOOD",2025/02/18 00:00:00+00,4
498817.0112838,658732.258064397,144,1,144,C00173705,182,NUISANCE,331 CHIPPING TER,14 02 03 1 010 024.000,"* LITTER, JUNK, TRASH, OVERGROWN GRASS, WEEDS",2025/02/18 00:00:00+00,4
499639.844283793,654199.413783647,145,1,145,C00173540,181,NUISANCE,5553 EAST SHADES VALLEY DR,14 01 11 2 004 004.000,"* AUTO PARTS, CARPET, LITTER, JUNK, TRASH",2025/02/18 00:00:00+00,4
500835.259871967,657698.894645549,146,1,146,C00173463,178,NUISANCE,SOUTHLAWN DR,14 01 02 3 010 001.000,"* LITTER, JUNK, TRASH, OVERGROWN GRASS, WEEDS",2025/02/18 00:00:00+00,4
500789.953860208,657288.051307149,147,1,147,C00173465,180,NUISANCE,5153 LEVENSON RD,14 01 02 3 012 012.000,"* LITTER, JUNK, TRASH, OVERGROWN GRASS, WEEDS",2025/02/18 00:00:00+00,4
501498.632889051,657233.133437976,148,1,148,C00173474,179,NUISANCE,5101 LEVENSON RD,14 01 02 3 012 001.000,"* LITTER, JUNK, TRASH, OVERGROWN GRASS, TREE LIMBS, TREE VIOLATION, WEEDS",2025/02/18 00:00:00+00,4
500194.097112294,657168.834025905,149,1,149,C00173458,177,NUISANCE,624 GREEN LEAF DR,14 01 02 3 005 030.000,"* FURNITURE, LITTER, JUNK, TRASH, OVERGROWN GRASS, WEEDS* SOFA ON CURB NEEDS TO BE REMOVED; ENTIRE YARD NEEDS TO BE CUT AND CLEANED UP - INCLUDING BACK YARD AND GRASS BY FRONT CURB ALSO.",2025/02/18 00:00:00+00,4
492167.816905044,670278.131626144,150,1,150,C00173369,176,NUISANCE,3431 DUFF ST,11 08 28 1 004 022.000,"* JUNK VEHICLES, LITTER, JUNK, TRASH, OVERGROWN GRASS* 2 WHITE PU TRUCKS1 BLUE MUSTANG1 WHITE 4 DOOR CAR1 BLACK 4 DOOR CAR1 TAN FORD SUVIT IS THE ASSUMPTION THAT THESE VEHICLES DO NOT RUN AND ARE BEING DEEMED JUNK VEHICLES.  ALL VEHICLES ON LOT MUST OPERA",2025/02/18 00:00:00+00,4
498984.979123715,669053.62849772,151,1,151,C00173761,175,NUISANCE,3590 YOUNG DR,11 08 27 1 003 002.000,"* DEBRIS, LITTER, JUNK, TRASH, OVERGROWN GRASS, WEEDS",2025/02/18 00:00:00+00,4
499063.426801465,669765.876088984,152,1,152,C00173764,174,NUISANCE,3550 YOUNG DR,11 08 27 1 003 001.000,"* DEBRIS, LITTER, JUNK, TRASH, OVERGROWN GRASS, TREE LIMBS, WEEDS",2025/02/18 00:00:00+00,4
498724.895982467,669082.585788891,153,1,153,C00173762,173,NUISANCE,3590 YOUNG DR,11 08 27 1 001 003.000,"* DEBRIS, LITTER, JUNK, TRASH, OVERGROWN GRASS, TREE LIMBS, WEEDS",2025/02/18 00:00:00+00,4
509022.252356216,666510.705105893,154,1,154,C00173349,170,NUISANCE,44 SOUTHMONT DR,11 07 25 4 012 042.000,"* BLDG. MATERIAL, DEBRIS, LITTER, JUNK, TRASH, OVERGROWN GRASS, TREE LIMBS, WEEDS, WOOD* ENTIRE PARCEL NEEDS TO BE CUT AND CLEANED  AND ALSO SHED AND LARGE TRASH PILE IN BACK NEED TO BE REMOVED",2025/02/18 00:00:00+00,4
499221.608571716,669490.789696902,155,1,155,C00173763,171,NUISANCE,FORTE LN,11 07 26 2 003 009.000,"* DEBRIS, LITTER, JUNK, TRASH, OVERGROWN GRASS, TREE LIMBS, WEEDS",2025/02/18 00:00:00+00,4
499213.870726302,668943.135608472,156,1,156,C00173760,172,NUISANCE,INT US 31,11 07 26 2 004 001.000,"* DEBRIS, LITTER, JUNK, TRASH, OVERGROWN GRASS, TREE LIMBS, WEEDS",2025/02/18 00:00:00+00,4
506028.582490548,668271.30525922,157,1,157,C00173652,167,NUISANCE,745 BELVEDERE DR,11 07 25 3 003 045.000,"* LITTER, JUNK, TRASH, OVERGROWN GRASS, TREE LIMBS, WEEDS",2025/02/18 00:00:00+00,4
506026.139253963,668391.281069145,158,1,158,C00173651,168,NUISANCE,757 BELVEDERE DR,11 07 25 3 003 047.000,"* LITTER, JUNK, TRASH, OVERGROWN GRASS, TREE STUMPS, WEEDS",2025/02/18 00:00:00+00,4
509106.788276374,666516.447220385,159,1,159,C00173348,169,NUISANCE,40 SOUTHMONT DR,11 07 25 4 012 041.000,"* BLDG. MATERIAL, DEBRIS, LITTER, JUNK, TRASH, OVERGROWN GRASS, TIRES, TREE LIMBS, WEEDS* THE ENTIRE PARCEL NEEDS TO BE CUT AND CLEANED AND RID OF ALL JUNK AND DEBRIS",2025/02/18 00:00:00+00,4
506330.881426632,667813.822250322,160,1,160,C00173709,166,NUISANCE,712 WEST APRIL ST,11 07 25 3 003 034.000,"* LITTER, JUNK, TRASH, OVERGROWN GRASS, TREE LIMBS, WEEDS",2025/02/18 00:00:00+00,4
506090.87140796,667811.877700388,161,1,161,C00173711,165,NUISANCE,744 WEST APRIL ST,11 07 25 3 003 030.000,"* BLDG. MATERIAL, LITTER, JUNK, TRASH, OVERGROWN GRASS, TREE LIMBS, WEEDS",2025/02/18 00:00:00+00,4
506030.869231377,667811.391480885,162,1,162,C00173712,164,NUISANCE,752 WEST APRIL ST,11 07 25 3 003 029.000,"* LITTER, JUNK, TRASH, OVERGROWN GRASS, TREE LIMBS, WEEDS",2025/02/18 00:00:00+00,4
505788.455674212,667824.060090736,163,1,163,C00173713,163,NUISANCE,3889 APRIL ST,11 07 25 3 003 025.000,"* BLDG. MATERIAL, LITTER, JUNK, TRASH, OVERGROWN GRASS, TREE LIMBS, WEEDS",2025/02/18 00:00:00+00,4
505365.871217553,669617.073893137,164,1,164,C00173645,161,NUISANCE,3628 APRIL ST,11 07 25 2 013 040.000,"* LITTER, JUNK, TRASH, OVERGROWN GRASS, TREE LIMBS, WEEDS",2025/02/18 00:00:00+00,4
505437.048240546,669971.631254897,165,1,165,C00173642,158,NUISANCE,900 RIDGECREST ST,11 07 25 2 006 028.000,"* JUNK VEHICLES, LITTER, JUNK, TRASH* 1 SILVER CAR IN REAR",2025/02/18 00:00:00+00,4
506308.987769634,669065.830244988,166,1,166,C00173571,162,NUISANCE,3716 GASTON AVE,11 07 25 2 017 021.000,"* LITTER, JUNK, TRASH, OVERGROWN GRASS, TREE LIMBS, WEEDS",2025/02/18 00:00:00+00,4
505625.858230382,669619.490554981,167,1,167,C00173646,159,NUISANCE,3627 APRIL ST,11 07 25 2 012 006.000,"* BLDG. MATERIAL, JUNK VEHICLES, LITTER, JUNK, TRASH, TREE LIMBS, WEEDS* 1 RED MUSTANG",2025/02/18 00:00:00+00,4
507189.411533713,672293.629891731,168,1,168,C00173708,156,NUISANCE,130 HOBBIE DR,11 06 24 4 007 014.000,"* LITTER, JUNK, TRASH, OVERGROWN GRASS, TREE LIMBS, WEEDS",2025/02/18 00:00:00+00,4
507765.410053629,672263.064336054,169,1,169,C00173707,157,NUISANCE,112 HOBBIE DR,11 06 24 4 007 023.000,"* DEBRIS, LITTER, JUNK, TRASH, OVERGROWN GRASS, TREE LIMBS, WEEDS",2025/02/18 00:00:00+00,4
507159.153720222,672565.984333895,170,1,170,C00173464,154,NUISANCE,119 STUART ST,11 06 24 4 007 010.000,"* DEBRIS, LITTER, JUNK, TRASH, OVERGROWN GRASS, WEEDS",2025/02/18 00:00:00+00,4
507115.413650207,672293.041310221,171,1,171,C00173466,155,NUISANCE,132 HOBBIE DR,11 06 24 4 007 013.001,"* DEBRIS, LITTER, JUNK, TRASH, OVERGROWN GRASS, WEEDS",2025/02/18 00:00:00+00,4
505294.107581552,671955.90747007,172,1,172,C00173543,151,NUISANCE,3221 DORIS CIR,11 06 24 3 016 007.000,"* JUNK VEHICLES, LITTER, JUNK, TRASH* 1 BLUEISH/GREEN 4 DOOR CAR",2025/02/18 00:00:00+00,4
505422.764804546,671777.255268306,173,1,173,C00173547,153,NUISANCE,3252 AGATE ST,11 06 24 3 016 015.000,"* LITTER, JUNK, TRASH, TREE LIMBS, TREE VIOLATION",2025/02/18 00:00:00+00,4
506089.330728635,673184.408293903,174,1,174,C00173433,149,NUISANCE,721 CAPRI ST,11 06 24 3 011 004.000,"* JUNK VEHICLES, LITTER, JUNK, TRASH* 1 WHITE CHEVY TAHOE",2025/02/18 00:00:00+00,4
506330.405049633,671932.648002148,175,1,175,C00173439,150,NUISANCE,703 UPCHURCH CIR,11 06 24 3 015 001.000,"* BLDG. MATERIAL, DEBRIS, JUNK VEHICLES, LITTER, JUNK, TRASH, OVERGROWN GRASS, TIRES, WEEDS* 1 BLUE PICKUP TRUCK",2025/02/18 00:00:00+00,4
505175.394564379,675624.788911812,176,1,176,C00173526,148,NUISANCE,1523 OAKLAND ST,11 06 24 2 028 016.000,"* DEBRIS, LITTER, JUNK, TRASH, OVERGROWN GRASS, TREE LIMBS, WEEDS",2025/02/18 00:00:00+00,4
506692.403997552,675945.58124923,177,1,177,C00173658,146,NUISANCE,618 WOODROW ST,11 06 24 2 018 015.000,"* BLDG. MATERIAL, JUNK VEHICLES, LITTER, JUNK, TRASH, OVERGROWN GRASS, TREE LIMBS, WEEDS* 1 RED VEHICLE",2025/02/18 00:00:00+00,7
506603.571498051,674846.533578567,178,1,178,C00173344,145,NUISANCE,637 ERSKINE ST,11 06 24 2 014 004.000,"* DEBRIS, LITTER, JUNK, TRASH, OVERGROWN GRASS, TREE LIMBS, WEEDS",2025/02/18 00:00:00+00,7
506321.621602636,674726.594185904,179,1,179,C00173322,147,NUISANCE,700 ALEXANDER ST,11 06 24 2 024 026.000,"* DEBRIS, LITTER, JUNK, TRASH, OVERGROWN GRASS, TREE LIMBS, WEEDS",2025/02/18 00:00:00+00,7
506664.849918798,674858.796349317,180,1,180,C00173343,144,NUISANCE,625 ERSKINE ST,11 06 24 2 014 003.000,"* DEBRIS, LITTER, JUNK, TRASH, OVERGROWN GRASS, TREE LIMBS, WEEDS",2025/02/18 00:00:00+00,7
506575.920962803,674492.313814566,181,1,181,C00173351,143,NUISANCE,650 MALVERN ST,11 06 24 2 013 009.000,"* DEBRIS, LITTER, JUNK, TRASH, OVERGROWN GRASS, TREE LIMBS, WEEDS",2025/02/18 00:00:00+00,7
506443.867421132,674255.157136656,182,1,182,C00173323,142,NUISANCE,MALVERN ST,11 06 24 2 012 002.000,,2025/02/18 00:00:00+00,7
504681.925735049,675978.359398894,183,1,183,C00173531,140,NUISANCE,1461 SIERRA ST,11 06 24 2 005 013.000,"* DEBRIS, LITTER, JUNK, TRASH, OVERGROWN GRASS, TREE LIMBS, WEEDS",2025/02/18 00:00:00+00,4
506775.427125465,674229.583040811,184,1,184,C00173347,141,NUISANCE,1936 ROSA L PARKS AV,11 06 24 2 012 001.002,"* DEBRIS, LITTER, JUNK, TRASH",2025/02/18 00:00:00+00,7
505032.055284135,675542.905217312,185,1,185,C00173528,139,NUISANCE,1534 OAKLAND ST,11 06 24 2 004 038.000,"* DEBRIS, LITTER, JUNK, TRASH, OVERGROWN GRASS, TREE LIMBS, WEEDS",2025/02/18 00:00:00+00,4
500031.800848965,674287.661664806,186,1,186,C00173523,137,NUISANCE,SANDY ST,11 06 23 2 002 021.000,"* BLDG. MATERIAL, DEBRIS, LITTER, JUNK, TRASH, TREE LIMBS",2025/02/18 00:00:00+00,4
507303.475281972,674902.102693141,187,1,187,C00173459,138,NUISANCE,510 ELM ST,11 06 24 1 018 017.000,"* DEBRIS, LITTER, JUNK, TRASH, OVERGROWN GRASS, WEEDS",2025/02/18 00:00:00+00,7
503808.103663798,675263.068506651,188,1,188,C00173591,135,NUISANCE,1617 WESTCOTT ST,11 06 23 1 019 011.000,"* DEBRIS, LITTER, JUNK, TRASH, OVERGROWN GRASS, TREE LIMBS, WEEDS",2025/02/18 00:00:00+00,4
503807.922233716,675304.736074224,189,1,189,C00173589,134,NUISANCE,1609 WESTCOTT ST,11 06 23 1 019 010.000,"* DEBRIS, LITTER, JUNK, TRASH, OVERGROWN GRASS, TREE LIMBS, WEEDS",2025/02/18 00:00:00+00,4
503907.728792626,675347.972864397,190,1,190,C00173613,133,NUISANCE,,11 06 23 1 019 007.000,"* DEBRIS, OVERGROWN GRASS, TREE LIMBS, WEEDS",2025/02/18 00:00:00+00,4
500231.117707543,674469.500211902,191,1,191,C00173521,136,NUISANCE,2456 SANDY ST,11 06 23 2 002 013.000,"* DEBRIS, LITTER, JUNK, TRASH",2025/02/18 00:00:00+00,4
503123.850767214,675523.167067811,192,1,192,C00173654,131,NUISANCE,2156 COUNCIL ST,11 06 23 1 015 013.000,"* DEBRIS, OVERGROWN GRASS, TREE LIMBS, WEEDS",2025/02/18 00:00:00+00,4
503607.761544794,675343.261259638,193,1,193,C00173592,132,NUISANCE,1604 WESTCOTT ST,11 06 23 1 018 027.000,"* DEBRIS, LITTER, JUNK, TRASH, OVERGROWN GRASS, TREE LIMBS, WEEDS",2025/02/18 00:00:00+00,4
503411.164168969,675677.688412309,194,1,194,C00173641,130,NUISANCE,2127 STELLA ST,11 06 23 1 015 004.000,"* DEBRIS, LITTER, JUNK, TRASH, OVERGROWN GRASS, TREE LIMBS, WEEDS",2025/02/18 00:00:00+00,4
504254.093913551,675740.936973482,195,1,195,C00173644,128,NUISANCE,1600 OAK ST,11 06 23 1 014 001.000,"* BLDG. MATERIAL, DEBRIS, LITTER, JUNK, TRASH, OVERGROWN GRASS, TREE LIMBS, WEEDS* ENHANCE ABETMENT",2025/02/18 00:00:00+00,4
503308.001317549,675873.085659318,196,1,196,C00173640,127,NUISANCE,2138 STELLA ST,11 06 23 1 012 017.000,"* DEBRIS, LITTER, JUNK, TRASH, OVERGROWN GRASS, TREE LIMBS, WEEDS",2025/02/18 00:00:00+00,4
503507.153150223,675679.196611397,197,1,197,C00173643,129,NUISANCE,2117 STELLA ST,11 06 23 1 015 002.000,"* DEBRIS, LITTER, JUNK, TRASH, OVERGROWN GRASS, TREE LIMBS, WEEDS",2025/02/18 00:00:00+00,4
503115.369156882,676020.065024152,198,1,198,C00173600,126,NUISANCE,2157 DOROTHY ST,11 06 23 1 012 010.000,"* DEBRIS, LITTER, JUNK, TRASH, OVERGROWN GRASS, TREE LIMBS, WEEDS",2025/02/18 00:00:00+00,4
502237.441450801,676269.125877731,199,1,199,C00173534,124,NUISANCE,1605 MOBILE RD,11 06 23 1 004 022.004,"* DEBRIS, LITTER, JUNK, TRASH, TREE LIMBS, WEEDS",2025/02/18 00:00:00+00,4
504148.996354721,676236.323121801,200,1,200,C00173597,122,NUISANCE,2016 DOROTHY ST,11 06 23 1 001 019.000,"* DEBRIS, LITTER, JUNK, TRASH, OVERGROWN GRASS, TREE LIMBS, WEEDS",2025/02/18 00:00:00+00,4
501874.580627967,676404.695488475,201,1,201,C00173530,125,NUISANCE,1615 TERMINAL RD,11 06 23 1 005 001.000,"* DEBRIS, LITTER, JUNK, TRASH, OVERGROWN GRASS, TREE LIMBS, WEEDS",2025/02/18 00:00:00+00,4
503439.423298799,676375.184392646,202,1,202,C00173538,123,NUISANCE,EARLY ST,11 06 23 1 002 004.000,"* DEBRIS, LITTER, JUNK, TRASH, OVERGROWN GRASS, TREE LIMBS, WEEDS",2025/02/18 00:00:00+00,4
504099.0026883,676235.536377989,203,1,203,C00173598,121,NUISANCE,DOROTHY ST,11 06 23 1 001 018.000,"* DEBRIS, LITTER, JUNK, TRASH, OVERGROWN GRASS, TREE LIMBS, WEEDS",2025/02/18 00:00:00+00,4
503174.159065548,677218.019321151,204,1,204,C00173586,120,NUISANCE,1308 MOBILE RD,11 06 14 4 020 011.000,"* DEBRIS, LITTER, JUNK, TRASH, OVERGROWN GRASS, TREE LIMBS, WEEDS",2025/02/18 00:00:00+00,4
503207.7918723,677083.433304213,205,1,205,C00173583,117,NUISANCE,1317 MOBILE RD,11 06 14 4 018 024.000,"* DEBRIS, LITTER, JUNK, TRASH, OVERGROWN GRASS, WEEDS",2025/02/18 00:00:00+00,4
503169.24503338,677053.498324737,206,1,206,C00173584,118,NUISANCE,1321 MOBILE RD,11 06 14 4 018 026.000,"* DEBRIS, LITTER, JUNK, TRASH, OVERGROWN GRASS, WEEDS",2025/02/18 00:00:00+00,4
503085.080831639,677158.242865898,207,1,207,C00173581,119,NUISANCE,1332 MOBILE RD,11 06 14 4 020 010.000,"* BLDG. MATERIAL, DEBRIS, LITTER, JUNK, TRASH, TREE LIMBS",2025/02/18 00:00:00+00,4
503238.308871634,677107.131419562,208,1,208,C00173582,116,NUISANCE,1313 MOBILE RD,11 06 14 4 018 023.000,"* DEBRIS, LITTER, JUNK, TRASH, OVERGROWN GRASS, WEEDS",2025/02/18 00:00:00+00,4
504182.956916716,678617.5585168,209,1,209,C00173495,115,NUISANCE,968 OAK ST,11 06 14 4 012 038.000,"* DEBRIS, LITTER, JUNK, TRASH, OVERGROWN GRASS, TREE LIMBS, WEEDS",2025/02/18 00:00:00+00,4
503685.19544505,678201.297866389,210,1,210,C00173500,112,NUISANCE,2058 CLIO ST,11 06 14 4 012 020.000,"* DEBRIS, LITTER, JUNK, TRASH, OVERGROWN GRASS, TREE LIMBS, WEEDS",2025/02/18 00:00:00+00,4
504192.412934549,678259.84794613,211,1,211,C00173497,113,NUISANCE,1018 OAK ST,11 06 14 4 012 030.000,"* DEBRIS, LITTER, JUNK, TRASH, OVERGROWN GRASS, TREE LIMBS, WEEDS",2025/02/18 00:00:00+00,4
504183.563870877,678582.783980064,212,1,212,C00173496,114,NUISANCE,OAK ST,11 06 14 4 012 037.000,"* DEBRIS, LITTER, JUNK, TRASH, OVERGROWN GRASS, TREE LIMBS, WEEDS",2025/02/18 00:00:00+00,4
503588.822934382,678182.60663081,213,1,213,C00173498,110,NUISANCE,938 ERATO ST,11 06 14 4 010 023.000,"* DEBRIS, LITTER, JUNK, TRASH, OVERGROWN GRASS, TREE LIMBS, WEEDS",2025/02/18 00:00:00+00,4
503588.141505294,678221.600975394,214,1,214,C00173499,111,NUISANCE,930 ERATO ST,11 06 14 4 010 024.000,"* DEBRIS, LITTER, JUNK, TRASH, OVERGROWN GRASS, TREE LIMBS, WEEDS",2025/02/18 00:00:00+00,4
503955.327778798,679308.356019735,215,1,215,C00173595,108,NUISANCE,859 LUCY ST,11 06 14 1 034 005.000,"* BLDG. MATERIAL, DEBRIS, LITTER, JUNK, TRASH, OVERGROWN GRASS, TREE LIMBS, WEEDS",2025/02/18 00:00:00+00,4
503773.137198295,679024.871022388,216,1,216,C00173594,109,NUISANCE,2107 WEST FRED D GRAY AVE,11 06 14 4 001 010.000,"* DEBRIS, LITTER, JUNK, TRASH, OVERGROWN GRASS, TREE LIMBS, WEEDS",2025/02/18 00:00:00+00,4
503945.398336709,679361.524876662,217,1,217,C00173608,107,NUISANCE,855 LUCY ST,11 06 14 1 034 004.000,"* DEBRIS, LITTER, JUNK, TRASH, OVERGROWN GRASS, TIRES, TREE LIMBS, WEEDS",2025/02/18 00:00:00+00,4
503784.117163215,679340.818553232,218,1,218,C00173607,104,NUISANCE,858 LUCY ST,11 06 14 1 033 007.001,"* DEBRIS, LITTER, JUNK, TRASH, OVERGROWN GRASS, TREE LIMBS, WEEDS",2025/02/18 00:00:00+00,4
503944.700831551,679401.518891148,219,1,219,C00173596,105,NUISANCE,851 LUCY ST,11 06 14 1 034 003.000,"* BLDG. MATERIAL, DEBRIS, LITTER, JUNK, TRASH, OVERGROWN GRASS, TREE LIMBS, WEEDS",2025/02/18 00:00:00+00,4
503785.387829963,679290.833088897,220,1,220,C00173605,103,NUISANCE,862 LUCY ST,11 06 14 1 033 007.000,"* CARPET, DEBRIS, FURNITURE, LITTER, JUNK, TRASH, OVERGROWN GRASS, TIRES, TREE LIMBS, WEEDS, WOOD",2025/02/18 00:00:00+00,4
503944.020058636,679440.513235733,221,1,221,C00173609,106,NUISANCE,845 LUCY ST,11 06 14 1 034 003.001,"* BLDG. MATERIAL, DEBRIS, LITTER, JUNK, TRASH, OVERGROWN GRASS, TIRES, TREE LIMBS, WEEDS",2025/02/18 00:00:00+00,4
503302.318258055,680661.887761466,222,1,222,C00173610,102,NUISANCE,560 GREYHOUND ST,11 06 14 1 008 026.000,"* DEBRIS, JUNK VEHICLES, LITTER, JUNK, TRASH, OVERGROWN GRASS, TREE VIOLATION, WEEDS* TREE DOWN WRECKED CAR",2025/02/18 00:00:00+00,4
503303.620748885,680616.81993822,223,1,223,C00173580,101,NUISANCE,566 GREYHOUND ST,11 06 14 1 008 024.000,"* DEBRIS, FURNITURE, LITTER, JUNK, TRASH* REMOVE THE INTERIOR FURNITURE OFF THE FRONT PORCH AND PICK UP SCATTERED DEBRIS OVER PROPERTY",2025/02/18 00:00:00+00,4
507200.872468803,678090.287589721,224,1,224,C00173482,100,NUISANCE,330 MEEHAN ST,11 06 13 4 012 013.000,"* JUNK VEHICLES, OVERGROWN GRASS, TREE LIMBS, WEEDS* 1 BLACK CHEVY TAHOE",2025/02/18 00:00:00+00,7
507436.2597933,678462.701871134,225,1,225,C00173515,98,NUISANCE,920 BELVIEW ST,11 06 13 4 004 036.000,"* DEBRIS, LITTER, JUNK, TRASH, OVERGROWN GRASS, TREE LIMBS, TREE VIOLATION, WEEDS",2025/02/18 00:00:00+00,7
507553.44427022,678418.859111063,226,1,226,C00173517,99,NUISANCE,250 COLUMBIA AVE,11 06 13 4 005 011.000,"* DEBRIS, LITTER, JUNK, TRASH",2025/02/18 00:00:00+00,7
507438.725339554,678428.865324646,227,1,227,C00173516,97,NUISANCE,924 BELVIEW ST,11 06 13 4 004 035.000,"* DEBRIS, LITTER, JUNK, TRASH, TREE LIMBS, WEEDS",2025/02/18 00:00:00+00,7
507242.1715988,678414.568437226,228,1,228,C00173406,96,NUISANCE,332 COLUMBIA AVE,11 06 13 4 004 026.000,"* DEBRIS, LITTER, JUNK, TRASH, OVERGROWN GRASS, WEEDS* REMOVE ALL EXCESSIVE OVERGROWTH",2025/02/18 00:00:00+00,7
507216.171650801,678414.306954801,229,1,229,C00173407,95,NUISANCE,336 COLUMBIA AVE,11 06 13 4 004 025.000,"* LITTER, JUNK, TRASH, OVERGROWN GRASS, WEEDS",2025/02/18 00:00:00+00,7
507166.172735047,678413.804987304,230,1,230,C00173408,94,NUISANCE,344 COLUMBIA AVE,11 06 13 4 004 023.000,"* LITTER, JUNK, TRASH, OVERGROWN GRASS, WEEDS* REMOVE PILE OF TREE LIMBS AND DEBRIS FROM CURB",2025/02/18 00:00:00+00,7
504427.313383382,677691.151576973,231,1,231,C00173479,91,NUISANCE,1037 MILL ST,11 06 13 3 006 003.000,"* DEBRIS, LITTER, JUNK, TRASH, OVERGROWN GRASS, TREE LIMBS, WEEDS",2025/02/18 00:00:00+00,4
507053.073879886,678412.670475155,232,1,232,C00173410,93,NUISANCE,410 COLUMBIA AVE,11 06 13 4 004 018.000,"* LITTER, JUNK, TRASH, OVERGROWN GRASS, WEEDS* REMOVE EXCESSIVE OVERGROWTH NEAR CURB",2025/02/18 00:00:00+00,7
505934.610237543,677729.421513557,233,1,233,C00173518,92,NUISANCE,703 MILL ST,11 06 13 3 022 001.000,"* DEBRIS, LITTER, JUNK, TRASH, OVERGROWN GRASS, WEEDS",2025/02/18 00:00:00+00,7
507393.618802465,679467.06370756,234,1,234,C00173455,90,NUISANCE,635 MORGAN AVE,11 06 13 1 013 069.000,"* DEBRIS, LITTER, JUNK, TRASH* TRAILER WITHOUT WHEELS AND PILE BEHIND BUILDING.",2025/02/18 00:00:00+00,7
507614.563898623,679360.141677313,235,1,235,C00173457,89,NUISANCE,644 VIRGINIA AVE,11 06 13 1 013 060.000,"* DEBRIS, LITTER, JUNK, TRASH, OVERGROWN GRASS, TREE LIMBS, WEEDS",2025/02/18 00:00:00+00,7
507812.953265633,679316.546292059,236,1,236,C00173456,88,NUISANCE,647 VIRGINIA AVE,11 06 13 1 013 050.000,"* DEBRIS, LITTER, JUNK, TRASH, OVERGROWN GRASS, WEEDS",2025/02/18 00:00:00+00,7
489265.724284053,676517.956416808,237,1,237,C00173467,85,NUISANCE,3112 SHELDON LN,11 05 16 3 004 053.000,"* AUTO PARTS, DEBRIS, LITTER, JUNK, TRASH, OVERGROWN GRASS, TIRES, WEEDS* REMOVE THE ACCUMULATION OF TIRES DEBRIS AND ANY OTHER MISC. ITEMS",2025/02/18 00:00:00+00,4
491186.052136302,678103.10613364,238,1,238,C00172585,86,NUISANCE,29 LORAINE ST,11 05 16 4 006 002.000,"* JUNK VEHICLES, LITTER, JUNK, TRASH, OVERGROWN GRASS, WEEDS* REMOVE WRECKED INOPERABLE VEHICLE ALONG THE SIDE OF THE FENCE",2025/02/18 00:00:00+00,4
486687.388889551,686447.798433721,239,1,239,C00173429,82,NUISANCE,BIRMINGHAM HWY,11 03 08 1 001 005.000,"* DEBRIS, LITTER, JUNK, TRASH, OVERGROWN GRASS, TREE LIMBS, WEEDS",2025/02/18 00:00:00+00,4
485484.467410885,687650.015189394,240,1,240,C00173430,81,NUISANCE,4028 BIRMINGHAM HWY,11 03 05 3 003 032.000,"* DEBRIS, LITTER, JUNK, TRASH, OVERGROWN GRASS, TREE LIMBS, WEEDS",2025/02/18 00:00:00+00,4
485439.259824134,687758.394565791,241,1,241,C00173431,80,NUISANCE,4032 BIRMINGHAM HWY,11 03 05 3 003 031.000,"* DEBRIS, LITTER, JUNK, TRASH, OVERGROWN GRASS, TREE LIMBS, WEEDS",2025/02/18 00:00:00+00,4
485986.723296139,686404.32017424,242,1,242,C00173432,83,NUISANCE,0 BIRMINGHAM HWY,11 03 08 1 002 002.000,"* BLDG. MATERIAL, CARPET, DEBRIS, LITTER, JUNK, TRASH, OVERGROWN GRASS, TREE LIMBS, WEEDS",2025/02/18 00:00:00+00,4
501616.68350596,682886.555884309,243,1,243,C00173422,79,NUISANCE,1315 MAXWELL BLVD,11 01 11 4 005 004.000,"* DEBRIS, LITTER, JUNK, TRASH, OVERGROWN GRASS, TREE LIMBS, WEEDS, WOOD",2025/02/18 00:00:00+00,4
510294.396465462,665294.027093053,244,1,244,C00173577,76,NUISANCE,22 DAVIS DR,10 09 31 2 003 025.000,"* DEBRIS, LITTER, JUNK, TRASH, OVERGROWN GRASS, TREE LIMBS",2025/02/18 00:00:00+00,7
501540.934969801,682875.854134068,245,1,245,C00173423,77,NUISANCE,1323 MAXWELL BLVD,11 01 11 3 011 002.000,"* DEBRIS, LITTER, JUNK, TRASH, OVERGROWN GRASS, TREE LIMBS, WEEDS",2025/02/18 00:00:00+00,4
489500.247437049,681093.46793507,246,1,246,C00173427,84,NUISANCE,3160 BIRMINGHAM HWY,11 05 16 2 001 002.000,"* DEBRIS, LITTER, JUNK, TRASH, OVERGROWN GRASS, TREE LIMBS, WEEDS",2025/02/18 00:00:00+00,4
499374.398292378,682130.725374974,247,1,247,C00173424,78,NUISANCE,1919 BELL ST,11 01 11 3 015 002.000,"* BLDG. MATERIAL, DEBRIS, FURNITURE, LITTER, JUNK, TRASH, OVERGROWN GRASS, TREE LIMBS, WEEDS, WOOD",2025/02/18 00:00:00+00,4
510028.307102636,665519.192653231,248,1,248,C00173576,75,NUISANCE,9 DAVIS DR,10 09 31 2 002 020.000,"* BLDG. MATERIAL, DEBRIS, FURNITURE, LITTER, JUNK, TRASH, OVERGROWN GRASS, TREE LIMBS, WEEDS",2025/02/18 00:00:00+00,7
526042.810834724,665271.166574471,249,1,249,C00173024,72,NUISANCE,2615 E SOUTH BLVD,10 08 34 2 002 026.000,"* JUNK VEHICLES, LITTER, JUNK, TRASH, OVERGROWN GRASS* GREY BURNED CAR GREY CAR TAN SUV TAN CAR",2025/02/18 00:00:00+00,5
521205.482910972,663143.741367392,250,1,250,C00173411,70,NUISANCE,2304 OVERHILL RD,10 08 33 3 004 004.000,"* AUTO PARTS, BLDG. MATERIAL, DEBRIS, LITTER, JUNK, TRASH* REMOVE ALL SCATTERED DEBRIS OVER ENTIRE PROPERTY INCLUDING FRONT AND REAR",2025/02/18 00:00:00+00,6
523846.405450631,662538.388247393,251,1,251,C00173573,71,NUISANCE,3218 BRAEBURN RD,10 08 33 4 011 018.000,"* LITTER, JUNK, TRASH, OVERGROWN GRASS, WEEDS",2025/02/18 00:00:00+00,6
516399.228087798,668834.637137815,252,1,252,C00173220,74,NUISANCE,1230 GREGORY AVE,10 09 29 2 012 005.000,"* LITTER, JUNK, TRASH, OVERGROWN GRASS, TREE LIMBS, WEEDS",2025/02/18 00:00:00+00,7
521434.413883552,667266.852871805,253,1,253,C00172999,69,NUISANCE,2719 WOODLEY RD,10 08 28 3 002 017.000,"* LITTER, JUNK, TRASH, OVERGROWN GRASS, WEEDS",2025/02/18 00:00:00+00,5
517321.020863637,670250.074923724,254,1,254,C00173621,73,NUISANCE,3444 NARROW LANE RD,10 09 29 2 008 013.000,"* DEBRIS, TREE LIMBS, TREE STUMPS, TREE VIOLATION, WEEDS",2025/02/18 00:00:00+00,7
538163.404703718,677172.709044315,255,1,255,C00173384,66,NUISANCE,1280 EASTERN BLVD,10 06 13 3 000 007.002,"* DEBRIS, LITTER, JUNK, TRASH, OVERGROWN GRASS, TREE LIMBS, WEEDS",2025/02/18 00:00:00+00,5
527673.560525965,669335.650899567,256,1,256,C00173489,68,NUISANCE,3466 FERNWAY DR,10 08 27 2 017 015.000,"* LITTER, JUNK, TRASH, OVERGROWN GRASS, WEEDS",2025/02/18 00:00:00+00,5
537677.781003051,670012.911027975,257,1,257,C00173287,67,NUISANCE,2023 REXFORD RD,10 07 25 2 003 007.006,"* DEBRIS, FURNITURE* REMOVE DEBRIS/FURNITURE FROM REAR OF THE PROPERTY",2025/02/18 00:00:00+00,8
515067.087707464,673879.010579221,258,1,258,C00173614,63,NUISANCE,1104 EAST FAIRVIEW AVE,10 04 20 3 002 005.001,"* DEBRIS, LITTER, JUNK, TRASH, OVERGROWN GRASS, WEEDS* REMOVE ALL THE SCATTERED DEBRIS FROM PROPERTY INCLUDING FRONT,REAR AND OPEN SHED/REPAIR LEANING FENCE",2025/02/18 00:00:00+00,7
515005.068146467,673883.217919886,259,1,259,C00173612,62,NUISANCE,1100 EAST FAIRVIEW AVE,10 04 20 3 002 005.000,"* DEBRIS, JUNK VEHICLES, LITTER, JUNK, TRASH, OVERGROWN GRASS, WEEDS* REMOVE DOWNED TREE CUT BACK OVER GROWTH ON STRUCTURE/INOPERABLE VEHICLE REAR",2025/02/18 00:00:00+00,7
519875.738851298,675394.483926222,260,1,260,C00173211,61,NUISANCE,2057 COMMODORE ST,10 04 20 1 009 008.000,"* TREE LIMBS, TREE VIOLATION",2025/02/18 00:00:00+00,7
514367.071719043,677084.451346807,261,1,261,C00173245,60,NUISANCE,1507 DUNBAR ST,10 04 18 4 012 002.000,"* AUTO PARTS, JUNK VEHICLES, LITTER, JUNK, TRASH* GRAY CHEVY SILVERADO, SILVER HONDA ACCORD, BURGUNDY HONDA ACCORD, BLACK CHEVY IMPALA",2025/02/18 00:00:00+00,7
519369.503971379,677547.769973986,262,1,262,C00173721,59,NUISANCE,2342 EAST FOURTH ST (OP),10 04 17 4 022 001.000,"* DEBRIS, LITTER, JUNK, TRASH, OVERGROWN GRASS, TREE LIMBS, WEEDS",2025/02/18 00:00:00+00,7
530417.885417879,672261.583695978,263,1,263,C00173494,65,NUISANCE,1924 TALBOT TER,10 05 22 4 003 023.000,* TIRES* THERE IS DEBRIS AND TIRS IN THE FRONT YARD.,2025/02/18 00:00:00+00,5
521136.130687468,681766.647691056,264,1,264,C00173303,64,NUISANCE,621 ANN ST,10 05 16 2 002 013.001,"* DEBRIS, LITTER, JUNK, TRASH, OVERGROWN GRASS, TREE LIMBS, WEEDS",2025/02/18 00:00:00+00,1
519492.385287296,677714.853629313,265,1,265,C00173720,58,NUISANCE,2403 EAST FOURTH ST (OP),10 04 17 4 020 003.001,"* DEBRIS, LITTER, JUNK, TRASH, OVERGROWN GRASS, TREE LIMBS, WEEDS",2025/02/18 00:00:00+00,7
519496.623795878,677933.364019059,266,1,266,C00173718,57,NUISANCE,1701 OWENS ST,10 04 17 4 020 001.000,"* BLDG. MATERIAL, DEBRIS, FURNITURE, LITTER, JUNK, TRASH, TREE LIMBS, WEEDS",2025/02/18 00:00:00+00,7
518914.954027466,677902.010079138,267,1,267,C00173717,55,NUISANCE,2300 EAST THIRD ST (OP),10 04 17 4 019 010.000,"* DEBRIS, LITTER, JUNK, TRASH, OVERGROWN GRASS, TREE LIMBS, WEEDS",2025/02/18 00:00:00+00,7
518162.467343464,678092.442441069,268,1,268,C00173724,54,NUISANCE,2137 EAST THIRD ST (OP),10 04 17 4 014 017.000,"* DEBRIS, LITTER, JUNK, TRASH, OVERGROWN GRASS, TREE LIMBS, WEEDS",2025/02/18 00:00:00+00,7
519116.975933131,677744.569449149,269,1,269,C00173722,56,NUISANCE,2315 EAST FOURTH ST (OP),10 04 17 4 019 015.000,"* OVERGROWN GRASS, TREE LIMBS, WEEDS",2025/02/18 00:00:00+00,7
518012.479454458,678090.532339901,270,1,270,C00173723,53,NUISANCE,2125 EAST THIRD ST (OP),10 04 17 4 014 014.000,"* DEBRIS, LITTER, JUNK, TRASH, OVERGROWN GRASS, TREE LIMBS, WEEDS",2025/02/18 00:00:00+00,7
518757.835247211,678460.052598238,271,1,271,C00173716,52,NUISANCE,2231 EAST SECOND ST (OP),10 04 17 4 007 016.000,"* BLDG. MATERIAL, DEBRIS, LITTER, JUNK, TRASH, OVERGROWN GRASS, TREE LIMBS, WEEDS",2025/02/18 00:00:00+00,7
518685.118201051,679345.158439569,272,1,272,C00173675,51,NUISANCE,2316 CHESTNUT ST,10 04 17 1 052 008.000,"* DEBRIS, LITTER, JUNK, TRASH, OVERGROWN GRASS, TREE LIMBS, WEEDS",2025/02/18 00:00:00+00,3
518374.905238796,679625.973494723,273,1,273,C00173661,50,NUISANCE,1114 BUFORD ST,10 04 17 1 047 008.000,"* DEBRIS, LITTER, JUNK, TRASH, OVERGROWN GRASS, TIRES, TREE LIMBS, WEEDS",2025/02/18 00:00:00+00,3
518761.633467969,679555.620288976,274,1,274,C00173674,49,NUISANCE,2323 CHESTNUT ST,10 04 17 1 046 012.000,"* DEBRIS, LITTER, JUNK, TRASH, OVERGROWN GRASS, TREE LIMBS, WEEDS",2025/02/18 00:00:00+00,3
519372.346157294,679566.09074048,275,1,275,C00173672,48,NUISANCE,2517 CHESTNUT ST,10 04 17 1 044 013.000,"* DEBRIS, LITTER, JUNK, TRASH, OVERGROWN GRASS, TREE LIMBS, WEEDS",2025/02/18 00:00:00+00,3
519570.414986882,679719.010710225,276,1,276,C00173670,47,NUISANCE,2530 POPLAR ST,10 04 17 1 044 003.000,"* DEBRIS, LITTER, JUNK, TRASH, OVERGROWN GRASS, TREE LIMBS, WEEDS",2025/02/18 00:00:00+00,3
519792.717363801,679932.29374823,277,1,277,C00173671,46,NUISANCE,1027 CHARLES ST (OP),10 04 17 1 042 003.000,"* DEBRIS, LITTER, JUNK, TRASH, OVERGROWN GRASS, TREE LIMBS, WEEDS",2025/02/18 00:00:00+00,3
519467.752134465,679927.526369303,278,1,278,C00173668,45,NUISANCE,2523 POPLAR ST,10 04 17 1 041 016.000,"* BLDG. MATERIAL, DEBRIS, FURNITURE, LITTER, JUNK, TRASH, OVERGROWN GRASS, TREE LIMBS, WEEDS",2025/02/18 00:00:00+00,3
518915.928763047,680067.989671066,279,1,279,C00173665,44,NUISANCE,2304 LOCUST ST,10 04 17 1 040 005.000,"* DEBRIS, LITTER, JUNK, TRASH, OVERGROWN GRASS, TREE LIMBS, WEEDS",2025/02/18 00:00:00+00,3
518344.367898297,680060.637979738,280,1,280,C00173663,43,NUISANCE,1006 BUFORD ST,10 04 17 1 038 008.000,"* DEBRIS, LITTER, JUNK, TRASH, OVERGROWN GRASS, TREE LIMBS, WEEDS",2025/02/18 00:00:00+00,3
518343.731088553,680110.633614652,281,1,281,C00173662,42,NUISANCE,1002 BUFORD ST,10 04 17 1 038 001.000,"* DEBRIS, LITTER, JUNK, TRASH, OVERGROWN GRASS, TREE LIMBS, WEEDS",2025/02/18 00:00:00+00,3
518030.916753553,680266.88100557,282,1,282,C00173625,41,NUISANCE,2031 LOCUST ST,10 04 17 1 034 011.000,"* BLDG. MATERIAL, DEBRIS, LITTER, JUNK, TRASH, OVERGROWN GRASS, TIRES, TREE LIMBS, TREE VIOLATION, WEEDS, WOOD* ENHANCE ABETEMENT",2025/02/18 00:00:00+00,3
517830.815447714,680226.491650641,283,1,283,C00173667,40,NUISANCE,929 BOYCE ST,10 04 17 1 034 008.000,"* DEBRIS, LITTER, JUNK, TRASH, OVERGROWN GRASS, TIRES, TREE LIMBS, WEEDS",2025/02/18 00:00:00+00,3
517196.412188962,682599.734279469,284,1,284,C00173026,38,NUISANCE,1728 MT MEIGS RD,10 03 08 3 014 001.000,"* DEBRIS, LITTER, JUNK, TRASH* ALL AT BACK OF BUILDING ALL NEEDS TO BE CLEANED UP.",2025/02/18 00:00:00+00,3
518341.877089635,688099.917504825,285,1,285,C00173677,37,NUISANCE,845 CLAUDETTE COLVIN DR,10 03 05 4 014 001.000,"* DEBRIS, JUNK VEHICLES, LITTER, JUNK, TRASH, OVERGROWN GRASS, WEEDS* REMOVE ALL SCATTERED DEBRIS FROM PROPERTY INCLUDING VEHICLE",2025/02/18 00:00:00+00,3
517253.563321382,682482.07998722,286,1,286,C00173402,39,NUISANCE,324 BOYCE ST,10 03 08 3 014 002.000,"* DEBRIS, LITTER, JUNK, TRASH, OVERGROWN GRASS, WEEDS* CUT ALL THE WAY TO THE BACK OF THE LOT ALSO AT CUT IN THE FENCE IN AREA ALSO.",2025/02/18 00:00:00+00,3
525828.017629128,684068.026290402,287,1,287,C00173229,35,NUISANCE,3619 PLEASANT RIDGE RD,10 02 10 3 005 018.000,"* APPLIANCES, BLDG. MATERIAL, FURNITURE, LITTER, JUNK, TRASH, OVERGROWN GRASS, WEEDS* FRONT AND BACK YARD ALL NEEDS TO BE CLEANED UP.",2025/02/18 00:00:00+00,1
518595.82310405,691581.750108071,288,1,288,C00173513,36,NUISANCE,1976 JOHNSON ST (HIGHLAND GARDENS),10 03 05 1 004 003.000,"* CARPET, DEBRIS, FURNITURE, OVERGROWN GRASS, WEEDS* REMOVE ALL SCATTERED DEBRIS FROM PROPERTY INCLUDING PORCH",2025/02/18 00:00:00+00,3
523609.341292214,684367.420376636,289,1,289,C00173452,34,NUISANCE,3250 WILLOW LANE DR,10 02 09 4 005 003.000,"* BLDG. MATERIAL, DEBRIS, LITTER, JUNK, TRASH* ALL IN THE BACK YARD",2025/02/18 00:00:00+00,1
524748.297019549,684640.182954475,290,1,290,C00173375,33,NUISANCE,3309 COTTONWOOD DR,10 02 09 4 002 002.000,"* APPLIANCES, DEBRIS, FURNITURE, LITTER, JUNK, TRASH* ALL IN FRONT YARD",2025/02/18 00:00:00+00,1
521697.543934714,683943.475030303,291,1,291,C00173691,30,NUISANCE,203 DUNN DR,10 02 09 3 017 003.000,"* BLDG. MATERIAL, DEBRIS, LITTER, JUNK, TRASH, WOOD",2025/02/18 00:00:00+00,1
522602.033595547,682648.950388387,292,1,292,C00173446,29,NUISANCE,211 OAK FOREST DR,10 02 09 3 015 034.000,"* BLDG. MATERIAL, DEBRIS, LITTER, JUNK, TRASH",2025/02/18 00:00:00+00,1
521543.433350544,683605.854314469,293,1,293,C00173448,32,NUISANCE,212 DUNN DR,10 02 09 3 018 009.000,"* AUTO PARTS, DEBRIS, FURNITURE, LITTER, JUNK, TRASH",2025/02/18 00:00:00+00,1
521921.06021997,683536.410227649,294,1,294,C00173444,31,NUISANCE,118 BRADLEY DR,10 02 09 3 017 013.000,"* BLDG. MATERIAL, DEBRIS, LITTER, JUNK, TRASH",2025/02/18 00:00:00+00,1
523547.197059557,692190.341082469,295,1,295,C00173393,27,NUISANCE,962 HANOVER DR,10 02 04 1 006 003.000,"* AUTO PARTS, BLDG. MATERIAL, CARPET, DEBRIS, FURNITURE, LITTER, JUNK, TRASH, OVERGROWN GRASS, TREE LIMBS, WEEDS, WOOD",2025/02/18 00:00:00+00,2
524304.583340049,689352.150236569,296,1,296,C00173419,28,NUISANCE,3062 PINEHILL RD,10 02 04 4 003 002.000,"* DEBRIS, LITTER, JUNK, TRASH",2025/02/18 00:00:00+00,2
530542.40255731,688651.396716811,297,1,297,C00173383,26,NUISANCE,526 WAKEFIELD DR,10 02 03 4 004 078.000,"* BLDG. MATERIAL, DEBRIS, LITTER, JUNK, TRASH, TIRES",2025/02/18 00:00:00+00,2
541970.446302217,683117.750631899,298,1,298,C00173394,22,NUISANCE,5904 CARMEL DR,09 03 07 3 000 007.070,"* AUTO PARTS, JUNK VEHICLES* RED CAR",2025/02/18 00:00:00+00,9
515554.488307465,694699.838360049,299,1,299,C00173684,20,NUISANCE,2553 LOWER WETUMPKA RD,04 09 32 3 004 001.000,"* DEBRIS, LITTER, JUNK, TRASH* REMOVE ANY OVERSIZED DEBRIS FROM DUMPSTER AREA",2025/02/18 00:00:00+00,3
516780.4615773,696711.611567482,300,1,300,C00173078,18,NUISANCE,2833 CREATIVE ST,04 09 32 2 009 014.000,"* DEBRIS, LITTER, JUNK, TRASH* REMOVE ALL SCATTERED DEBRIS FROM ALL OVER PROPERTY INCLUDING FRONT, SIDES AND REAR",2025/02/18 00:00:00+00,3
544535.315188218,696856.693298303,301,1,301,C00173379,21,NUISANCE,1212 PONDCYPRESS DR,05 09 31 1 000 001.036,"* APPLIANCES, AUTO PARTS, BLDG. MATERIAL, CARPET, DEBRIS, FURNITURE, LITTER, JUNK, TRASH, OVERGROWN GRASS, TIRES, WEEDS, WOOD",2025/02/18 00:00:00+00,2
515381.799676463,697666.536822982,302,1,302,C00173194,17,NUISANCE,44 GARDEN ST,04 09 32 2 005 006.000,"* DEBRIS, LITTER, JUNK, TRASH* REMOVE ALL SCATTERED DEBRIS INCLUDING TENT FROM FRONT PORCH/PROPERTY",2025/02/18 00:00:00+00,3
562972.913155463,662918.331713222,303,1,303,C00173624,23,NUISANCE,1018 TIMBER GAP CROSSING,09 07 35 0 000 017.108,"* BLDG. MATERIAL, DEBRIS",2025/02/18 00:00:00+00,8
542917.439815048,666639.895792387,304,1,304,C00173293,24,NUISANCE,2217 BRIAR GATE DR,09 09 30 3 005 038.019,"* DEBRIS, FURNITURE, LITTER, JUNK, TRASH* REMOVE DEBRIS/BUILDING MATERIALS FROM CURB/CALL 334-625-2751 SANITATION FOR PICK UP",2025/02/18 00:00:00+00,8
518482.689800136,696633.638954386,305,1,305,C00173112,16,NUISANCE,314 GARDENDALE DR,04 09 32 1 025 011.000,"* DEBRIS, LITTER, JUNK, TRASH* REMOVE ALL SCATTERED DEBRIS FROM ALL OVER PROPERTY INCLUDING REAR FRONT AND SIDES OF STRUCTURE.",2025/02/18 00:00:00+00,3
518542.670979388,696635.139935642,306,1,306,C00173113,15,NUISANCE,318 GARDENDALE DR,04 09 32 1 025 010.000,"* DEBRIS, LITTER, JUNK, TRASH* REMOVE ALL SCATTERED DEBRIS FROM PROPERTY",2025/02/18 00:00:00+00,3
518602.652158633,696636.641244978,307,1,307,C00173114,14,NUISANCE,322 GARDENDALE DR,04 09 32 1 025 009.000,"* BLDG. MATERIAL, DEBRIS, JUNK VEHICLES, LITTER, JUNK, TRASH* REMOVE DEBRIS FROM THE SIDES OF THE STRUCTURE WRECKED VEHICLE BEHIND FENCE",2025/02/18 00:00:00+00,3
519080.624627877,696823.658259384,308,1,308,C00173131,12,NUISANCE,355 GARDENDALE DR,04 09 32 1 024 028.000,"* APPLIANCES, DEBRIS, JUNK VEHICLES* REMOVE APPLIANCE FROM REAR PROPERTY. SEDAN DRIVEWAY",2025/02/18 00:00:00+00,3
518367.848166302,696805.819712386,309,1,309,C00173108,11,NUISANCE,307 GARDENDALE DR,04 09 32 1 024 016.000,"* DEBRIS, JUNK VEHICLES, LITTER, JUNK, TRASH* REMOVE ALL SCATTERED FROM THE FRONT PORCH AREA 2 SEDANS REAR PROPERTY",2025/02/18 00:00:00+00,3
518782.594712134,696641.144188732,310,1,310,C00173120,13,NUISANCE,334 GARDENDALE DR,04 09 32 1 025 006.000,"* DEBRIS, LITTER, JUNK, TRASH, TIRES* REMOVE ALL SCATTERED DEBRIS/TIRES FROM PROPERTY",2025/02/18 00:00:00+00,3
519497.99518422,696834.101151899,311,1,311,C00173137,9,NUISANCE,423 GARDENDALE DR,04 09 32 1 023 023.000,"* DEBRIS, LITTER, JUNK, TRASH, TREE LIMBS* REMOVE FALLEN/DOWNED TREE LIMBS FROM PROPERTY",2025/02/18 00:00:00+00,3
519978.110693805,696909.023246139,312,1,312,C00173146,10,NUISANCE,459 GARDENDALE DR,04 09 32 1 023 032.000,"* DEBRIS, LITTER, JUNK, TRASH, TREE VIOLATION* REMOVE DOWN TREE LIMBS FROM REAR OF PROPERTY AND BUILDING MATERIAL FROM FRONT PPORCH",2025/02/18 00:00:00+00,3
517886.723472383,696793.699657895,313,1,313,C00173091,7,NUISANCE,221 GARDENDALE DR,04 09 32 1 009 015.000,* OVERGROWN GRASS* CUT/CLEAN ALONG FENCE AND ON PROPERTY,2025/02/18 00:00:00+00,3
518136.658668052,696799.192429058,314,1,314,C00173102,8,NUISANCE,241 GARDENDALE DR,04 09 32 1 009 020.000,"* DEBRIS, LITTER, JUNK, TRASH, TREE LIMBS* REMOVE DEBRIS FROM CURB/CALL SANITATION 3346252751 FOR PICKUP",2025/02/18 00:00:00+00,3
514714.360394552,690718.131756552,315,1,315,C00173255,5,NUISANCE,2101 LOWER WETUMPKA RD,10 03 06 1 001 002.000,* ABANDONED/OBSOLETE SIGN,2025/02/04 00:00:00+00,3
519568.996354546,697743.712849736,316,1,316,C00173318,5,NUISANCE,4058 KEATING DR,04 09 32 1 002 002.000,"* DEBRIS, JUNK VEHICLES, LITTER, JUNK, TRASH* REMOVE WRECKED/INOPERABLE VEHICLE FROM REAR PROPERTY",2025/02/18 00:00:00+00,3
519573.043918636,697436.005459897,317,1,317,C00173491,6,NUISANCE,4028 KEATING DR,04 09 32 1 002 007.000,"* APPLIANCES, DEBRIS, JUNK VEHICLES, LITTER, JUNK, TRASH* REMOVE ALL SCATTERED DEBRIS FROM REAR PROPERTY INCLUDING APPLIANCES AND WRECKED VEHICLE",2025/02/18 00:00:00+00,3
515724.28783663,694277.865778811,318,1,318,C00173508,4,NUISANCE,2520 LOWER WETUMPKA RD,04 09 32 3 009 024.000,* ABANDONED/OBSOLETE SIGN,2025/02/18 00:00:00+00,3
515061.284569461,693321.828976989,319,1,319,C00173254,4,NUISANCE,2421 LOWER WETUMPKA RD,04 09 32 3 004 034.000,* ABANDONED/OBSOLETE SIGN* 2 SIGNS,2025/02/04 00:00:00+00,3
515073.504361302,693446.799855635,320,1,320,C00173611,3,NUISANCE,2435 LOWER WETUMPKA RD,04 09 32 3 004 032.000,* ABANDONED/OBSOLETE SIGN,2025/02/18 00:00:00+00,3
517919.798865546,698443.984415062,321,1,321,C00173425,4,NUISANCE,118 ROTARY ST,04 09 29 4 003 006.000,"* DEBRIS, LITTER, JUNK, TRASH* REMOVE ALL SCATTERED FROM FRONT AND REAR PROPERTY",2025/02/18 00:00:00+00,3
516322.399173215,696819.978804804,322,1,322,C00173253,3,NUISANCE,2807 LOWER WETUMPKA RD,04 09 32 2 008 001.000,* ABANDONED/OBSOLETE SIGN,2025/02/04 00:00:00+00,3
538481.558266878,676241.328361146,323,1,323,C00173017,6,NUISANCE,1331 EASTERN BLVD,10 06 24 2 001 002.000,"* ABANDONED/OBSOLETE SIGN, WEEDS* POLE STRUCTURE",2025/02/04 00:00:00+00,9
516441.102019802,697231.843138561,324,1,324,C00173252,2,NUISANCE,2915 LOWER WETUMPKA RD,04 09 32 2 006 130.000,* ABANDONED/OBSOLETE SIGN,2025/02/04 00:00:00+00,3
515830.785327051,698090.193127885,325,1,325,C00173687,3,NUISANCE,27 MICHIGAN AVE,04 09 29 3 014 012.000,"* DEBRIS, LITTER, JUNK, TRASH* REMOVE ALL SCATTERED FROM PROPERTY",2025/02/18 00:00:00+00,3
515182.378815461,693662.261695057,326,1,326,C00173505,2,NUISANCE,2451 LOWER WETUMPKA RD,04 09 32 3 004 026.000,* ABANDONED/OBSOLETE SIGN,2025/02/18 00:00:00+00,3
515696.479165215,698318.157238886,327,1,327,C00173631,2,NUISANCE,32 MICHIGAN AV,04 09 29 3 011 037.000,"* DEBRIS, OVERGROWN GRASS* REMOVE ALL SCATTERED DEBRIS",2025/02/18 00:00:00+00,3
515274.4271878,693913.728711806,328,1,328,C00173504,1,NUISANCE,2481 LOWER WETUMPKA RD,04 09 32 3 004 008.000,* ABANDONED/OBSOLETE SIGN* BILLBOARD SIGN,2025/02/18 00:00:00+00,3
516629.521918554,699160.262181982,329,1,329,C00173251,1,NUISANCE,3401 LOWER WETUMPKA RD,04 09 29 3 007 012.000,* ABANDONED/OBSOLETE SIGN,2025/02/04 00:00:00+00,3
515216.61890446,698515.944244884,330,1,330,C00173061,1,NUISANCE,55 PICKETT ST,04 09 29 3 011 023.000,"* DEBRIS, LITTER, JUNK, TRASH* REMOVE ALL SCATTERED DEBRIS INCLUDING TENT FROM PROPERTY",2025/02/18 00:00:00+00,3
