OBJECTID,Id,Type_,Material,Cond_,Chan_Shp,Width_T,Width_B,Slope,MaintDate,Basin,Ditch_Name,Flow_Dir,Empty_To,created_user,created_date,last_editor_user,last_editor_date,last_edited_user,last_edited_date,Supervisor,TYPE,First_Cut,Second_Cut,Third_Cut,Next_Scheduled,FACILITYID,Prev_Year_First_Cut,Prev_Year_Second_Cut,Prev_Year_Third_Cut,Shape__Length
14779,1,0,0,0,0,3.18670568,0.0,0.0,Received Third Cut,AUDUBON DITCH,SUNSHINE DITCH,SOUTH,CATOMA CREEK,NPJACKSON,1740667602000,,,ABENEFIELD,1765312956000,CENTRAL,DITCH,1747267200000,1754438400000,1758067200000,,C01,1709856000000,1713484800000,1719532800000,16825.80601238544
14780,1,0,0,0,0,0.91666968,0.0,0.0,Received Third Cut,CLOVERLAND DITCH,EDGEMONT DR,SOUTH,GENETTA DITCH,NPJACKSON,1740667602000,NPJ,,ABENEFIELD,1765400742000,CENTRAL,DITCH,1748390400000,1752624000000,1756252800000,,C02,1709596800000,1724112000000,1720483200000,4840.015906452649
14781,1,0,0,0,0,0.86755048,0.0,0.0,Received Third Cut,CLOVERLAND DITCH,CLOVERLAND DITCH,SOUTH,GENETTA DITCH,NPJACKSON,1740667602000,,,ABENEFIELD,1756407186000,CENTRAL,DITCH,1748390400000,1752624000000,1756252800000,,C03,1711324800000,1718236800000,1721692800000,4580.66654487571
14782,1,0,0,0,0,1.08605238,0.0,0.0,Received Third Cut,CLOVERLAND DITCH,LOWER CLOVERLAND DITCH,WEST,GENETTA DITCH,NPJACKSON,1740667602000,,,ABENEFIELD,1756407186000,CENTRAL,DITCH,1748390400000,1752624000000,1756252800000,,C04,,,,5734.356575587397
14783,1,0,0,0,0,0.98297336,0.0,0.0,Received Third Cut,CLOVERLAND DITCH,WEST SOUTH BLVD DITCH,WEST,GENETTA DITCH,NPJACKSON,1740667602000,,,ABENEFIELD,1756407186000,CENTRAL,DITCH,1746144000000,1751500800000,1756166400000,,C05,1713398400000,1723161600000,,5190.099345841678
14784,0,0,0,0,0,2.13332078,0.0,0.0,Scheduled to be cut,SMILEY COURT,SMILEY COURT DITCH,SOUTH,CATOMA CREEK,NPJACKSON,1740667602000,,,NPJACKSON,1752263333000,TRACTOR,TRACTOR,,,,,T12,,,,6652.339481601253
14785,2,0,0,0,0,0.0,0.0,0.0,Received Third Cut,WEST END DITCH,WEST END DITCH,NORTH,SWAMP_ALA_RIVER,NPJACKSON,1740667602000,,,ABENEFIELD,1756416707000,TRACTOR,TRACTOR,1742342400000,1750896000000,1755820800000,,T14,1709078400000,,,5396.707634043339
14786,2,0,0,0,0,1.17543393,0.0,0.0,Received Third Cut,WEST END DITCH,WEST END DITCH,NORTH,SWAMP_ALA_RIVER,NPJACKSON,1740667602000,,,ABENEFIELD,1756407186000,CENTRAL,DITCH,1742342400000,1750809600000,1755820800000,,C06,1709078400000,,,28866.102113418838
14787,0,0,0,0,0,0.77371263,0.0,0.0,Received Third Cut,CHILDRENS ZOO DITCH,MONTGOMERY ZOO,NORTH,SWAMP_ALA_RIVER,NPJACKSON,1740667602000,,,ABENEFIELD,1765562042000,NORTH,DITCH,1744848000000,1751500800000,1757635200000,,N21,1729123200000,,,4085.202680591495
14788,0,0,0,0,0,0.3268452,0.0,0.0,Received Third Cut,CHILDRENS ZOO DITCH,MILLARD FULLER,NORTH,SWAMP_ALA_RIVER,NPJACKSON,1740667602000,,,ABENEFIELD,1765561671000,NORTH,DITCH,1742860800000,1753228800000,1759276800000,,N09,,,,1725.7426386706306
14789,4,0,0,0,0,0.24158765,0.0,0.0,Received Third Cut,CYPRESS POND DITCH,RIPLEY ST,SOUTHWEST,ALABAMA RIVER,NPJACKSON,1740667602000,,,ABENEFIELD,1766423699000,NORTH,DITCH,1746489600000,1753401600000,1759190400000,,N19,,,,1275.582792997091
14790,4,0,0,0,0,0.72078313,0.0,0.0,Received Third Cut,THREE MILE BRANCH,COLISEUM BLVD,NORTH,THREE MILE BRANCH,NPJACKSON,1740667602000,,,ABENEFIELD,1766423797000,NORTH,DITCH,1750118400000,1753747200000,1759449600000,,N25,1721865600000,,,3805.7349040307063
14791,1,0,0,0,0,4.290288,0.0,0.0,Received Third Cut,THREE MILE BRANCH,THREE MILE BRANCH,NORTH,SWAMP_ALA RIVER,NPJACKSON,1740667602000,,,ABENEFIELD,1765400904000,CENTRAL,DITCH,1742947200000,1752537600000,1757462400000,,C07,1714780800000,1721952000000,1727222400000,26849.75623666288
14792,1,0,0,0,0,0.58606823,0.0,0.0,Received Third Cut,THREE MILE BRANCH,SPRUCE CURV,NORTH,SWAMP,NPJACKSON,1740667602000,,,ABENEFIELD,1765401958000,EAST,DITCH,1742256000000,1749686400000,1756857600000,,E05,1709164800000,1714348800000,1721001600000,3094.440256540328
14793,1,0,0,0,0,2.02048922,0.0,0.0,Received Third Cut,THREE MILE BRANCH,AVONDALE DITCH,NORTH,THREE MILE BRANCH,NPJACKSON,1740667602000,,,ABENEFIELD,1765401053000,CENTRAL,DITCH,1748908800000,1755043200000,1758758400000,,C08,1712102400000,1725926400000,,11148.479203961926
14794,1,0,0,0,0,0.92717368,0.0,0.0,Received Third Cut,THREE MILE BRANCH,ZELDA RD DITCH,NORTH,THREE MILE BRANCH,NPJACKSON,1740667602000,,,ABENEFIELD,1765401701000,CENTRAL,DITCH,1744329600000,1754524800000,1758672000000,,C09,1718323200000,1724803200000,,4895.47703054867
14795,0,0,0,0,0,0.6767216,0.0,0.0,Received Third Cut,WARES FERRY DITCH,CAROL VILLA DR,NORTH,SWAMP_ALA RIVER,NPJACKSON,1740667602000,,,ABENEFIELD,1765405117000,EAST,DITCH,1743465600000,1752105600000,1757376000000,,E34,1709769600000,1715731200000,1726012800000,3573.0900394970777
14796,4,0,0,0,0,0.66448971,0.0,0.0,Received Third Cut,WARES FERRY DITCH,HOLLOW WOOD RD,NORTH,SWAMP_ALA RIVER,NPJACKSON,1740667602000,,,ABENEFIELD,1766424847000,NORTH,DITCH,1746662400000,1755216000000,1761091200000,,N52,,,,3508.5056685806403
14797,0,0,0,0,0,0.79633012,0.0,0.0,Received Third Cut,WARES FERRY DITCH,LAGOON PARK,NORTH,SWAMP_ALA RIVER,NPJACKSON,1740667602000,,,ABENEFIELD,1766424830000,NORTH,DITCH,1746057600000,1754956800000,1761782400000,,N51,,,,3151.657165207521
14798,0,0,0,0,0,0.16972006,0.0,0.0,Received Third Cut,EASTDALE DITCH,EASTDALE SOUTH,NORTH,SWAMP,NPJACKSON,1740667602000,,,ABENEFIELD,1765405220000,EAST,DITCH,1744156800000,1752105600000,1757376000000,,E36,1709769600000,1716163200000,1721779200000,896.1219396501281
14799,4,0,0,0,0,1.07552142,0.0,0.0,Received Third Cut,EASTDALE DITCH,EASTDALE MALL,NORTH,SWAMP,NPJACKSON,1740667602000,,,ABENEFIELD,1766425100000,NORTH,DITCH,1750723200000,1753315200000,1756339200000,,N67,,,,5678.753073125679
14800,4,0,0,0,0,1.04272581,0.0,0.0,Received Third Cut,EASTDALE DITCH,DUNBARTON RD,NORTH,SWAMP,NPJACKSON,1740667602000,,,ABENEFIELD,1766424882000,NORTH,DITCH,1746662400000,1756425600000,1761177600000,,N53,,,,5505.592279999263
14801,0,0,0,0,0,0.2695635,0.0,0.0,Received Third Cut,EASTDALE DITCH,SHIRLEY LN,NORTH,SWAMP,NPJACKSON,1740667602000,,,ABENEFIELD,1765405173000,EAST,DITCH,1745020800000,1752451200000,1757462400000,,E35,1709769600000,1715731200000,1726444800000,1423.2952775399147
14802,1,0,0,0,0,1.58428899,0.0,0.0,Received Third Cut,MONTGOMERY EAST DITCH,PINEBROOK DITCH,NORTH,TALLAPOOSA RIVER,NPJACKSON,1740667602000,,,ABENEFIELD,1765401617000,CENTRAL,DITCH,1746057600000,1755129600000,1758153600000,,C10,1721088000000,1726531200000,,6381.451158111839
14803,1,0,0,0,0,0.67113691,0.0,0.0,Received First Cut,MONTGOMERY EAST DITCH,MIDDLE PINEBROOK,NORTH,TALLAPOOSA RIVER,NPJACKSON,1740667602000,,,NPJACKSON,1752263333000,TRACTOR,TRACTOR,1746748800000,,,,T10,,,,3543.6029032559277
14804,0,0,0,0,0,0.46456395,0.0,0.0,Received First Cut,OLIVER CREEK,OLIVER CREEK,NORTH,MONTGOMERY EAST DITCH,NPJACKSON,1740667602000,,,NPJACKSON,1752263333000,TRACTOR,TRACTOR,1746662400000,,,,T11,1710374400000,1715126400000,1722297600000,2452.897647290793
14805,0,0,0,0,0,0.70883583,0.0,0.0,Received Third Cut,CAMP CREEK,EASTWOOD GLEN DR,SOUTH, ,NPJACKSON,1740667602000,,,ABENEFIELD,1766423580000,EAST,DITCH,1747180800000,1755475200000,1759363200000,,E65,1712793600000,1719187200000,1724198400000,3742.653168723649
14806,1,1,1,3,1,0.78935725,0.0,0.0,Received Third Cut,HANNON SLOUGH,BOXWOOD DITCH,SOUTH,BALDWIN SLOUGH,NPJACKSON,1740667602000,,,ABENEFIELD,1765401197000,CENTRAL,DITCH,1743552000000,1752537600000,1756771200000,,C11,1710892800000,1719446400000,1719878400000,4167.80628670316
14807,1,0,0,0,0,2.48663247,0.0,0.0,Received Third Cut,BALDWIN SLOUGH,KINGSBURY DITCH,SOUTH,CATOMA CREEK,NPJACKSON,1740667602000,,,ABENEFIELD,1756407186000,CENTRAL,DITCH,1743465600000,1749772800000,1755043200000,,C12,,,,13129.419465797093
14808,0,0,0,0,0,2.7240386,0.0,0.0,Received Third Cut,HANNON SLOUGH,HANNON SLOUGH,SOUTH,BALDWIN SLOUGH,NPJACKSON,1740667602000,,,ABENEFIELD,1765571385000,SOUTH,DITCH,1743638400000,1747699200000,1752019200000,,S21,1712534400000,1721001600000,1726617600000,14382.92382206042
14809,0,0,0,0,0,1.54636079,0.0,0.0,Received Third Cut,OLIVER CREEK,UPPER PINEBROOK, , ,NPJACKSON,1740667602000,,,ABENEFIELD,1765405281000,EAST,DITCH,1744675200000,1752105600000,1757462400000,,E37,1710115200000,1716163200000,1721779200000,8164.784973164455
14810,3,0,0,0,0,0.89990717,0.0,0.0,Received Third Cut,BALDWIN SLOUGH,DRESDEN DR,SOUTH,BALDWIN SLOUGH,NPJACKSON,1740667602000,,,ABENEFIELD,1765575627000,SOUTH,DITCH,1746662400000,1754956800000,1758153600000,,S80,1711324800000,1719792000000,,4751.509844942904
14811,1,0,0,0,0,1.14270318,0.0,0.0,Received Third Cut,BALDWIN SLOUGH,GLADLANE DITCH,SOUTH,BALDWIN SLOUGH,NPJACKSON,1740667602000,,,ABENEFIELD,1765401445000,CENTRAL,DITCH,1747094400000,1753228800000,1756339200000,,C13,1710806400000,1719964800000,1725408000000,6033.4727917373875
14812,3,0,0,0,0,0.35212546,0.0,0.0,Received Third Cut,BALDWIN SLOUGH,MARTI LN,EAST,BALDWIN SLOUGH,NPJACKSON,1740667602000,,,ABENEFIELD,1765572518000,SOUTH,DITCH,1744761600000,1749513600000,1753142400000,,S48,1710201600000,1713830400000,1717459200000,1859.2224241302265
14813,3,0,0,0,0,0.17285472,0.0,0.0,Received Third Cut,BALDWIN SLOUGH,NORTH WALLACE DR,WEST,BALDWIN SLOUGH,NPJACKSON,1740667602000,,,ABENEFIELD,1765572552000,SOUTH,DITCH,1744761600000,1749513600000,1753142400000,,S49,1717459200000,1722211200000,,912.6729338788986
14814,3,0,0,0,0,0.14369578,0.0,0.0,Received Third Cut,BALDWIN SLOUGH,BURKELAUN DR,EAST,BALDWIN SLOUGH,NPJACKSON,1740667602000,,,ABENEFIELD,1765575865000,SOUTH,DITCH,1747094400000,1750896000000,1755129600000,,S93,1711929600000,1719964800000,,758.7137132234129
14815,3,0,0,0,0,0.34047356,0.0,0.0,Received Third Cut,BALDWIN SLOUGH,MANCHESTER DR,SOUTH,BALDWIN SLOUGH,NPJACKSON,1740667602000,,,ABENEFIELD,1765575634000,SOUTH,DITCH,1747094400000,1750723200000,1755475200000,,S81,1715126400000,1719878400000,,1797.7004040322884
14816,3,0,0,0,0,0.35526531,0.0,0.0,Received Third Cut,BALDWIN SLOUGH,WINCHESTER RD,NORTHWEST,GLADLANE DITCH,NPJACKSON,1740667602000,,,ABENEFIELD,1765575569000,SOUTH,DITCH,1746057600000,1754956800000,1758153600000,,S79,1719360000000,1723507200000,1727049600000,1875.8008582720147
14817,3,0,0,0,0,0.4542785,0.0,0.0,Received Third Cut,BALDWIN SLOUGH,WINDWOOD,SOUTH,BALDWIN SLOUGH,NPJACKSON,1740667602000,,,ABENEFIELD,1765571447000,SOUTH,DITCH,1742860800000,1748390400000,1753920000000,,S23,1709510400000,1712620800000,1716249600000,2398.5904865476145
14818,3,0,0,0,0,0.36000956,0.0,0.0,Received Third Cut,BALDWIN SLOUGH,SMALLBROOK,WEST,BALDWIN SLOUGH,NPJACKSON,1740667602000,,,ABENEFIELD,1765571776000,SOUTH,DITCH,1744156800000,1748390400000,1753920000000,,S24,1709510400000,1712620800000,1716249600000,1900.850450403693
14819,3,0,0,0,0,0.27604146,0.0,0.0,Received Third Cut,HANNON SLOUGH,NARROW LANE RD, , ,NPJACKSON,1740667602000,,,ABENEFIELD,1752701390000,SOUTH,DITCH,1742342400000,1747612800000,1752019200000,,S10,1709078400000,1720569600000,1724112000000,1457.4989086569178
14820,0,0,0,0,0,0.43922756,0.0,0.0,Received Third Cut,HANNON SLOUGH,WOODLEY SQUARE, , ,NPJACKSON,1740667602000,,,ABENEFIELD,1765571419000,SOUTH,DITCH,1744156800000,1747785600000,1753920000000,,S22,1712534400000,1724284800000,1728259200000,2319.121526651074
14821,0,0,0,0,0,0.52542948,0.0,0.0,Received Third Cut,HANNON SLOUGH,MYRTLEWOOD DR,WEST,HANNON SLOUGH,NPJACKSON,1740667602000,,,ABENEFIELD,1765575745000,SOUTH,DITCH,1747094400000,1750809600000,1755129600000,,S87,1715126400000,1719964800000,1726704000000,2774.2676697046063
14822,3,0,0,0,0,0.18956652,0.0,0.0,Received Third Cut,AUDUBON DITCH,WRIGHT ST, , ,NPJACKSON,1740667602000,,,ABENEFIELD,1752756745000,SOUTH,DITCH,1742428800000,1747699200000,1752105600000,,S15,1709078400000,1715817600000,1720569600000,1000.911243496912
14823,3,0,0,0,0,0.57676587,0.0,0.0,Received Third Cut,WHITES SLOUGH,CARRIAGE BROOK,SOUTHEAST,WHITES SLOUGH,NPJACKSON,1740667602000,,,ABENEFIELD,1765575025000,SOUTH,DITCH,1745798400000,1754265600000,1758067200000,,S66,1710806400000,1718236800000,1722470400000,3045.323786195677
14824,3,0,0,0,0,0.19306092,0.0,0.0,Received Third Cut,WHITES SLOUGH,COVERED BRIDGE DR,EAST,WHITES SLOUGH,NPJACKSON,1740667602000,,,ABENEFIELD,1765573428000,SOUTH,DITCH,1745798400000,1750636800000,1753315200000,,S65,1710806400000,1722470400000,1725926400000,1019.3616770299215
14825,3,0,0,0,0,0.30576103,0.0,0.0,Received Third Cut,WHITES SLOUGH,WATERMILL RD,SOUTHEAST,WHITES SLOUGH,NPJACKSON,1740667602000,,,ABENEFIELD,1765573395000,SOUTH,DITCH,1745798400000,1750636800000,1753315200000,,S64,,,,1614.418253752174
14826,3,0,0,0,0,0.54919699,0.0,0.0,Received Third Cut,WHITES SLOUGH,OAK SHADOW LN,EAST,WHITES SLOUGH,NPJACKSON,1740667602000,,,ABENEFIELD,1765573256000,SOUTH,DITCH,1745452800000,1750636800000,1753315200000,,S63,1710720000000,1714435200000,1718150400000,2899.760099194616
14827,3,0,0,0,0,0.33217005,0.0,0.0,Received Third Cut,WHITES SLOUGH,WHITE FROST, , ,NPJACKSON,1740667602000,,,ABENEFIELD,1765573188000,SOUTH,DITCH,1745366400000,1750204800000,1754438400000,,S61,1710720000000,1722816000000,,1753.8578699900047
14828,0,0,0,0,0,0.0,0.0,0.0,Scheduled to be cut,WHITES SLOUGH,BUSINESS PARK DR, , ,NPJACKSON,1740667602000,,,NPJACKSON,1752263333000,TRACTOR,TRACTOR,,,,,T03,,,,883.8684671690586
14829,3,0,0,0,0,0.28060441,0.0,0.0,Received Third Cut,WHITES SLOUGH,EDGE HILL, , ,NPJACKSON,1740667602000,,,ABENEFIELD,1765572725000,SOUTH,DITCH,1744588800000,1749600000000,1754352000000,,S54,1717977600000,1722297600000,1725494400000,1481.5912820869423
14830,3,0,0,0,0,0.11784053,0.0,0.0,Received Third Cut,WHITES SLOUGH,ST LOUIS RD, , ,NPJACKSON,1740667602000,,,ABENEFIELD,1765572757000,SOUTH,DITCH,1744588800000,1749600000000,1753228800000,,S55,1710288000000,1717545600000,1722297600000,622.1980089978316
14831,3,0,0,0,0,0.11627008,0.0,0.0,Received Third Cut,WHITES SLOUGH,FAIRWOOD DR, , ,NPJACKSON,1740667602000,,,ABENEFIELD,1753202575000,SOUTH,DITCH,1743033600000,1748908800000,1752624000000,,S32,1709596800000,1716336000000,1724716800000,613.9060243888831
14832,3,0,0,0,0,0.20182879,0.0,0.0,Received Third Cut,WHITES SLOUGH,CHATWOOD ST, , ,NPJACKSON,1740667602000,,,ABENEFIELD,1753202513000,SOUTH,DITCH,1743033600000,1748476800000,1752624000000,,S31,1716336000000,1724716800000,,1065.6560058572163
14833,3,0,0,0,0,0.0808159,0.0,0.0,Received Third Cut,WHITES SLOUGH,MATTERHORN, , ,NPJACKSON,1740667602000,,,ABENEFIELD,1753202776000,SOUTH,DITCH,1743033600000,1748908800000,1752710400000,,S34,1709596800000,1712707200000,1716336000000,426.70796905855303
14834,3,0,0,0,0,0.13667375,0.0,0.0,Received Third Cut,WHITES SLOUGH,HUNTING CREEK RD, , ,NPJACKSON,1740667602000,,,ABENEFIELD,1753202479000,SOUTH,DITCH,1742860800000,1748390400000,1752624000000,,S29,1716336000000,1721174400000,1724716800000,721.6373948398764
14835,0,0,0,0,0,0.25762056,0.0,0.0,Received Third Cut,CAMP CREEK,BELL RD, , ,NPJACKSON,1740667602000,,,ABENEFIELD,1765572141000,SOUTH,DITCH,1743465600000,1748995200000,1754352000000,,S37,1709683200000,1712793600000,1716336000000,1360.2365412134275
14836,0,0,0,0,0,0.41204729,0.0,0.0,Received Third Cut,CAMP CREEK,WALBASH - NORRIS FARMS, , ,NPJACKSON,1740667602000,,,ABENEFIELD,1766418470000,EAST,DITCH,1747612800000,1756080000000,1759708800000,,E67,1719273600000,,,2175.6096695100437
14837,0,0,0,0,0,0.3141433,0.0,0.0,Received Third Cut,CAMP CREEK,WORTHING RD, , ,NPJACKSON,1740667602000,,,ABENEFIELD,1766423542000,EAST,DITCH,1747180800000,1755475200000,1759276800000,,E64,1712707200000,1719187200000,1724112000000,1658.6766179373342
14838,0,0,0,0,0,0.31439365,0.0,0.0,Received Third Cut,CAMP CREEK,MILL RIDGE DR, , ,NPJACKSON,1740667602000,,,ABENEFIELD,1766418437000,EAST,DITCH,1747180800000,1755475200000,1759363200000,,E66,1712707200000,1718841600000,1724198400000,1659.9984524717356
14839,0,0,0,0,0,0.68584557,0.0,0.0,Received First Cut,OLIVER CREEK,HALCYON DR, , ,NPJACKSON,1740667602000,,,NPJACKSON,1752263333000,TRACTOR,TRACTOR,1746662400000,,,,T07,,,,3621.2645863442785
14840,0,0,0,0,0,0.17775462,0.0,0.0,Received Third Cut,OLIVER CREEK,HALCYON FOREST, , ,NPJACKSON,1740667602000,,,ABENEFIELD,1765552352000,EAST,DITCH,1746662400000,1754524800000,1758672000000,,E55,1718064000000,1723507200000,1730764800000,938.5444152597827
14841,0,0,0,0,0,1.46458068,0.0,0.0,Received Third Cut,OLIVER CREEK,COPPERFIELD DR, , ,NPJACKSON,1740667602000,,,ABENEFIELD,1765551627000,EAST,DITCH,1747353600000,1754438400000,1758585600000,,E52,1711584000000,1717459200000,1723420800000,7732.985980709189
14842,0,0,0,0,0,0.42310509,0.0,0.0,Received Third Cut,OLIVER CREEK,ST LUKES DR, , ,NPJACKSON,1740667602000,,,ABENEFIELD,1765551574000,EAST,DITCH,1747008000000,1754352000000,1758585600000,,E51,1711584000000,1717459200000,1723075200000,2233.994874375345
14843,0,0,0,0,0,0.36687316,0.0,0.0,Received Third Cut,OLIVER CREEK,TAYLOR CROSSING, , ,NPJACKSON,1740667602000,,,ABENEFIELD,1765550546000,EAST,DITCH,1745280000000,1753228800000,1758067200000,,E42,1710806400000,1722384000000,1722470400000,1937.0903019481673
14844,0,0,0,0,0,0.31937506,0.0,0.0,Received Third Cut,OLIVER CREEK,SANDFIELD DR, , ,NPJACKSON,1740667602000,,,ABENEFIELD,1765550587000,EAST,DITCH,1745366400000,1753920000000,1758067200000,,E43,1710806400000,1716422400000,1722470400000,1686.300335577806
14845,0,0,0,0,0,1.20781209,0.0,0.0,Received Third Cut,JENKINS CREEK,OLDFIELD RD, , ,NPJACKSON,1740667602000,,,ABENEFIELD,1765551167000,EAST,DITCH,1746403200000,1754352000000,1758585600000,,E47,1711497600000,1722988800000,,6377.247841067094
14846,1,0,0,0,0,1.5099569,0.0,0.0,Received Third Cut,WARES FERRY DITCH,RAY DR/HYDE PARK, ,WARES FERRY DITCH,NPJACKSON,1740667602000,,,ABENEFIELD,1765401660000,NORTH,DITCH,1743724800000,1755561600000,1758585600000,,C20,,,,5825.942496657664
14847,4,0,0,0,0,0.39059215,0.0,0.0,Received Third Cut,WARES FERRY DITCH,NORTHWESTERN RD, , ,NPJACKSON,1740667602000,,,ABENEFIELD,1766424761000,NORTH,DITCH,1747180800000,1756339200000,1761177600000,,N49,,,,2062.3265541624496
14848,4,0,0,0,0,0.13377057,0.0,0.0,Received Third Cut,WARES FERRY DITCH,E RUTGERS LOOP, , ,NPJACKSON,1740667602000,,,ABENEFIELD,1766424736000,NORTH,DITCH,1747180800000,1756252800000,1761091200000,,N48,,,,706.3086263971029
14849,0,0,0,0,0,0.45069772,0.0,0.0,Received Third Cut,WARES FERRY DITCH,HANDEL DR - DENA CT, , ,NPJACKSON,1740667602000,,,ABENEFIELD,1765405083000,EAST,DITCH,1745020800000,1752105600000,1758240000000,,E33,1709683200000,1715644800000,1726012800000,2379.683982340782
14850,4,0,0,0,0,0.55145482,0.0,0.0,Received Third Cut,WARES FERRY DITCH,CHATSWORTH DR, , ,NPJACKSON,1740667602000,,,ABENEFIELD,1766424236000,NORTH,DITCH,1745539200000,1754524800000,1760486400000,,N35,,,,2911.681445948184
14851,0,0,0,0,0,1.07925175,0.0,0.0,Received Third Cut,WARES FERRY DITCH,GUNTER PARK DR W, , ,NPJACKSON,1740667602000,,,ABENEFIELD,1766425052000,NORTH,DITCH,1752192000000,1755820800000,1761782400000,,N64,,,,5698.449251401955
14852,4,0,0,0,0,0.06676554,0.0,0.0,Received Third Cut,WARES FERRY DITCH,BEARDSLEY DR, , ,NPJACKSON,1740667602000,,,ABENEFIELD,1766424110000,NORTH,DITCH,1744156800000,1754611200000,1760054400000,,N32,,,,352.52204943914705
14853,4,0,0,0,0,0.53706124,0.0,0.0,Received Third Cut,WARES FERRY DITCH,ROYAL CREST-BERKSHIRE DR, , ,NPJACKSON,1740667602000,,,ABENEFIELD,1766424080000,NORTH,DITCH,1745539200000,1754438400000,1760054400000,,N31,,,,2835.6833378485308
14854,4,0,0,0,0,0.10461056,0.0,0.0,Received Third Cut,WARES FERRY DITCH,CEDRIC CT-LYMAN CT, , ,NPJACKSON,1740667602000,,,ABENEFIELD,1766424054000,NORTH,DITCH,1745539200000,1754438400000,1759968000000,,N30,,,,552.3437693403606
14855,4,0,0,0,0,0.27011788,0.0,0.0,Received Third Cut,WARES FERRY DITCH,MARIE COOK DR, , ,NPJACKSON,1740667602000,,,ABENEFIELD,1766424209000,NORTH,DITCH,1745539200000,1754524800000,1760486400000,,N34,,,,1426.2223816093376
14856,0,0,0,0,0,0.50783642,0.0,0.0,Received Third Cut,GENETTA DITCH,YOUNG DR @ MOBILE HWY, , ,NPJACKSON,1740667602000,,,ABENEFIELD,1756416707000,WEST,DITCH,1742256000000,1749600000000,1753056000000,,W12,1713312000000,1721001600000,,2681.3762881303887
14857,0,0,0,0,0,0.25525518,0.0,0.0,Received Second Cut,CANEY BRANCH,RIVIERA RD, , ,NPJACKSON,1740667602000,,,ABENEFIELD,1756416640000,WEST,DITCH,1745884800000,1755475200000,,,W63,1712534400000,1715126400000,1719187200000,1347.7473274412748
14858,0,0,0,0,0,0.18990968,0.0,0.0,Received Third Cut,CANEY BRANCH,PIEDMONT DR, , ,NPJACKSON,1740667602000,,,ABENEFIELD,1756416707000,WEST,DITCH,1745971200000,1752451200000,1756252800000,,W65,1715126400000,1719187200000,1722902400000,1002.7231180832877
14859,0,0,0,0,0,0.24701351,0.0,0.0,Received Third Cut,CANEY BRANCH,GATEWAY DR, , ,NPJACKSON,1740667602000,,,ABENEFIELD,1756416707000,WEST,DITCH,1745884800000,1752451200000,1756252800000,,W64,1712534400000,1715126400000,1719187200000,1304.2313546124778
14860,0,0,0,0,0,0.44430991,0.0,0.0,Received Second Cut,WEST END DITCH,BELL ST, , ,NPJACKSON,1740667602000,,,ABENEFIELD,1756416576000,WEST,DITCH,1745366400000,1754352000000,,,W01,1710720000000,1714348800000,1718150400000,2345.9563080214166
14861,0,0,0,0,0,0.41641199,0.0,0.0,Received Third Cut,WEST END DITCH,SAMPSON ST, , ,NPJACKSON,1740667602000,,,ABENEFIELD,1756416707000,WEST,DITCH,1742169600000,1749513600000,1752624000000,,W06,1712793600000,1720396800000,1724198400000,2198.655313297473
14862,0,0,0,0,0,0.0861486,0.0,0.0,Received Third Cut,WEST END DITCH,MILL ST, , ,NPJACKSON,1740667602000,,,ABENEFIELD,1756416707000,WEST,DITCH,1742860800000,1750636800000,1753315200000,,W20,1710115200000,1713398400000,1725321600000,454.8645881135895
14863,0,0,0,0,0,0.0,0.0,0.0,Received Second Cut,WEST END DITCH,DAY STREET RD, , ,NPJACKSON,1740667602000,,,ABENEFIELD,1752757780000,TRACTOR,TRACTOR,1742342400000,1752537600000,,,T04,1712016000000,1726012800000,,801.3205673254253
14864,0,0,0,0,0,0.37297631,0.0,0.0,Received Third Cut,WEST END DITCH,TERMINAL RD, , ,NPJACKSON,1740667602000,,,ABENEFIELD,1756416707000,WEST,DITCH,1742342400000,1750032000000,1753228800000,,W15,1709683200000,1721001600000,,1969.3148983704602
14865,0,0,0,0,0,0.91172525,0.0,0.0,Received Third Cut,WEST END DITCH,GIBBS VILLAGE, , ,NPJACKSON,1740667602000,,,ABENEFIELD,1756416707000,WEST,DITCH,1742256000000,1749600000000,1753142400000,,W14,1709596800000,1720656000000,,4022.0655885019514
14866,0,0,0,0,0,0.21252669,0.0,0.0,Received Third Cut,WEST END DITCH,HICKMAN ST/SANDY ST, , ,NPJACKSON,1740667602000,,,ABENEFIELD,1756416707000,WEST,DITCH,1742256000000,1749600000000,1753142400000,,W13,1713312000000,1720656000000,,1122.1409199905531
14867,0,0,0,0,0,0.76343871,0.0,0.0,Received Third Cut,WEST END DITCH,AIRBASE BLVD, , ,NPJACKSON,1740667602000,,,ABENEFIELD,1756416707000,WEST,DITCH,1743033600000,1749513600000,1752624000000,,W08,1712188800000,1715817600000,1720396800000,4030.95637707198
14868,0,0,0,0,0,0.32155933,0.0,0.0,Received Second Cut,CAMP CREEK,HALCYON OAKS, , ,NPJACKSON,1740667602000,,,ABENEFIELD,1765558819000,EAST,DITCH,1747094400000,1755043200000,,,E63,1718841600000,1724112000000,1730937600000,1697.8332523440342
14869,3,0,0,0,0,0.15234661,0.0,0.0,Received Third Cut,BALDWIN SLOUGH,E RIDING RD, , ,NPJACKSON,1740667602000,,,ABENEFIELD,1752757812000,SOUTH,DITCH,1742860800000,1747785600000,1752537600000,,S25,1709510400000,1712620800000,1716249600000,804.3901026622449
14870,0,0,0,0,0,0.06515361,0.0,0.0,Received Third Cut,BEAUVIOR GARDENS,KINGSWOOD RD, , ,NPJACKSON,1740667602000,,,ABENEFIELD,1756416707000,WEST,DITCH,1745193600000,1747785600000,1751414400000,,W50,1714953600000,1718841600000,1722297600000,344.01104744488117
14871,0,0,0,0,0,0.0231816,0.0,0.0,Received Third Cut,BEAUVIOR GARDENS,UPTON RD, , ,NPJACKSON,1740667602000,NPJ,,ABENEFIELD,1756416707000,WEST,DITCH,1745452800000,1747785600000,1751414400000,,W51,1711584000000,1714953600000,1718841600000,122.39883113334176
14872,0,0,0,0,0,0.1333882,0.0,0.0,Received Third Cut,BEAUVIOR GARDENS,BARBY RD, , ,NPJACKSON,1740667602000,NPJ,,ABENEFIELD,1756416707000,WEST,DITCH,1747699200000,1751414400000,1755129600000,,W49,1711584000000,1714953600000,1718841600000,704.2897114739432
14873,0,0,0,0,0,0.17359083,0.0,0.0,Received Third Cut,BEAUVIOR GARDENS,WINDERTON DR, , ,NPJACKSON,1740667602000,NPJ,,ABENEFIELD,1756416707000,WEST,DITCH,1745452800000,1748390400000,1751932800000,,W52,1711584000000,1714953600000,1718841600000,916.559557308952
14874,0,0,0,0,0,0.13864513,0.0,0.0,Received Third Cut,BEAUVIOR GARDENS,CATER DR, , ,NPJACKSON,1740667602000,,,ABENEFIELD,1756416707000,WEST,DITCH,1745452800000,1748390400000,1751932800000,,W54,1718841600000,1722470400000,1726531200000,732.0463018021982
14875,0,0,0,0,0,0.53465086,0.0,0.0,Received Third Cut,BEAUVIOR GARDENS,SOUTHLAWN DR, , ,NPJACKSON,1740667602000,NPJ,,ABENEFIELD,1756416707000,WEST,DITCH,1745798400000,1748390400000,1751932800000,,W55,1712102400000,1718841600000,1722470400000,2822.9565477278143
14876,0,0,0,0,0,0.31854062,0.0,0.0,Received Third Cut,BEAUVIOR GARDENS,GREEN LEAF DR, , ,NPJACKSON,1740667602000,,,ABENEFIELD,1756416707000,WEST,DITCH,1745798400000,1748908800000,1752019200000,,W60,1712102400000,1719360000000,1722816000000,1681.8944849044158
14877,0,0,0,0,0,0.19327225,0.0,0.0,Received Third Cut,BEAUVIOR GARDENS,GANTRY CT, , ,NPJACKSON,1740667602000,,,ABENEFIELD,1756416707000,WEST,DITCH,1745884800000,1749081600000,1751414400000,,W58,1712534400000,1715126400000,1719273600000,1020.4774998950662
14878,0,0,0,0,0,0.13376386,0.0,0.0,Received Third Cut,BEAUVIOR GARDENS,WINDY LN, , ,NPJACKSON,1740667602000,,,ABENEFIELD,1756416707000,WEST,DITCH,1745884800000,1749081600000,1751414400000,,W57,1712534400000,1715126400000,1719273600000,706.273204033479
14879,0,0,0,0,0,0.60740263,0.0,0.0,Received Third Cut,BEAUVIOR GARDENS,E SHADES VALLEY DR, , ,NPJACKSON,1740667602000,NPJ,,ABENEFIELD,1756416707000,WEST,DITCH,1745884800000,1749081600000,1751414400000,,W56,1712534400000,1715126400000,1722902400000,3207.0859017194903
14880,0,0,0,0,0,0.10343021,0.0,0.0,Received Third Cut,BALDWIN SLOUGH,BALDWIN BROOK DR, , ,NPJACKSON,1740667602000,,,ABENEFIELD,1765572490000,SOUTH,DITCH,1743465600000,1749427200000,1753056000000,,S47,1710201600000,1713830400000,1717459200000,546.111522683321
14881,3,0,0,0,0,0.54616982,0.0,0.0,Received Third Cut,BALDWIN SLOUGH,STRATHMORE DR, , ,NPJACKSON,1740667602000,,,ABENEFIELD,1765572605000,SOUTH,DITCH,1745193600000,1749513600000,1753142400000,,S51,1710288000000,1713830400000,1717459200000,2883.7766380178127
14882,3,0,0,0,0,0.08847415,0.0,0.0,Received Third Cut,BALDWIN SLOUGH,WALLACE DR, , ,NPJACKSON,1740667602000,,,ABENEFIELD,1765572578000,SOUTH,DITCH,1744761600000,1749513600000,1753142400000,,S50,1710288000000,1713830400000,1722211200000,467.14351977896047
14883,0,0,0,0,0,0.24787258,0.0,0.0,Received Third Cut,BALDWIN SLOUGH,GOVERNORS DR, , ,NPJACKSON,1740667602000,,,ABENEFIELD,1765572641000,SOUTH,DITCH,1744761600000,1749600000000,1753228800000,,S52,1710288000000,1713916800000,1717545600000,1308.767227842928
14884,3,0,0,0,0,0.12761022,0.0,0.0,Received Third Cut,WHITES SLOUGH,SHENANDOAH DR, , ,NPJACKSON,1740667602000,,,ABENEFIELD,1765572676000,SOUTH,DITCH,1745280000000,1749600000000,1753142400000,,S53,1713916800000,1717545600000,1722211200000,673.7819402820074
14885,3,0,0,0,0,0.29504782,0.0,0.0,Received Third Cut,WHITES SLOUGH,MONTWOOD, , ,NPJACKSON,1740667602000,,,ABENEFIELD,1765572232000,SOUTH,DITCH,1743465600000,1748995200000,1753056000000,,S40,1709769600000,1713225600000,1724889600000,1557.852484116795
14886,3,0,0,0,0,0.10209019,0.0,0.0,Received Third Cut,WHITES SLOUGH,SPRING PARK DR, , ,NPJACKSON,1740667602000,,,ABENEFIELD,1753202841000,SOUTH,DITCH,1743033600000,1748908800000,1752710400000,,S36,1709683200000,1712707200000,1716336000000,539.03618373579
14887,0,0,0,0,0,0.05718687,0.0,0.0,Received Third Cut,WHITES SLOUGH,MCINNIS DR, , ,NPJACKSON,1740667602000,,,ABENEFIELD,1753202611000,SOUTH,DITCH,1743033600000,1748476800000,1752624000000,,S35,1709683200000,,,301.9466627827978
14888,0,0,0,0,0,0.8847779,0.0,0.0,Received Third Cut,CAMP CREEK,W ABERDEEN, , ,NPJACKSON,1740667602000,,,ABENEFIELD,1765558984000,EAST,DITCH,1747872000000,1755734400000,1759190400000,,E68,1713139200000,1718582400000,1723593600000,4671.627290522886
14889,0,0,0,0,0,0.36536581,0.0,0.0,Received Third Cut,CAMP CREEK,SANSONE RD, , ,NPJACKSON,1740667602000,,,ABENEFIELD,1766418579000,EAST,DITCH,1748390400000,1755734400000,1759276800000,,E71,1713139200000,1720396800000,1724630400000,1929.131479694482
14890,0,0,0,0,0,0.498648,0.0,0.0,Received Third Cut,OLIVER CREEK,WOODMERE PARK E, , ,NPJACKSON,1740667602000,,,ABENEFIELD,1766418780000,EAST,DITCH,1749081600000,1756166400000,1759708800000,,E77,1713312000000,1719360000000,1730160000000,2632.861420281645
14891,0,0,0,0,0,0.18624004,0.0,0.0,Received Third Cut,CAMP CREEK,MARGO PL - GRETA PL, , ,NPJACKSON,1740667602000,,,ABENEFIELD,1766418701000,EAST,DITCH,1748822400000,1756166400000,1759708800000,,E75,1713312000000,,,983.3474181003327
14892,0,0,0,0,0,0.1115325,0.0,0.0,Received Third Cut,CAMP CREEK,STOWERS PL, , ,NPJACKSON,1740667602000,,,ABENEFIELD,1766418733000,EAST,DITCH,1748908800000,1756166400000,1759708800000,,E76,,,,588.8915810252553
14893,0,0,0,0,0,0.19499523,0.0,0.0,Received Third Cut,WHITES SLOUGH,SKI LODGE, , ,NPJACKSON,1740667602000,,,ABENEFIELD,1766418841000,EAST,DITCH,1750291200000,1756252800000,1759363200000,,E79,1713398400000,1724803200000,,1029.5748332419378
14894,0,0,0,0,0,0.12309272,0.0,0.0,Received Third Cut,WHITES SLOUGH,BRIMWOOD CT, , ,NPJACKSON,1740667602000,,,ABENEFIELD,1766418633000,EAST,DITCH,1749686400000,1755734400000,1759708800000,,E73,1713312000000,1720396800000,,649.9295737637393
14895,0,0,0,0,0,0.11318492,0.0,0.0,Received Third Cut,CAMP CREEK,E ABERDEEN, , ,NPJACKSON,1740667602000,,,ABENEFIELD,1765559029000,EAST,DITCH,1747872000000,1755734400000,1759190400000,,E69,1720396800000,1724284800000,,597.6163993564962
14896,0,0,0,0,0,0.51828254,0.0,0.0,Received Third Cut,BALDWIN SLOUGH,SHAMROCK LN, , ,NPJACKSON,1740667602000,,,ABENEFIELD,1765575461000,SOUTH,DITCH,1746057600000,1754870400000,1757894400000,,S73,1707264000000,1710892800000,1714608000000,2736.531795450372
14897,0,0,0,0,0,0.15649021,0.0,0.0,Received Second Cut,BALDWIN SLOUGH,CLINT CT, , ,NPJACKSON,1740667602000,,,ABENEFIELD,1765575423000,SOUTH,DITCH,1745884800000,1754265600000,,,S72,1710892800000,1714608000000,1718582400000,826.2683137624338
14898,3,0,0,0,0,0.1867746,0.0,0.0,Received Third Cut,BALDWIN SLOUGH,LIZTAME DR, ,KINGSBURY,NPJACKSON,1740667602000,,,ABENEFIELD,1765575395000,SOUTH,DITCH,1745884800000,1750723200000,1753660800000,,S71,1710892800000,1718582400000,1723075200000,986.1699077977346
14899,3,0,0,0,0,0.26606149,0.0,0.0,Received Third Cut,BALDWIN SLOUGH,SOUTH SLAUSON, , ,NPJACKSON,1740667602000,,,ABENEFIELD,1765575376000,SOUTH,DITCH,1745884800000,1750723200000,1753315200000,,S70,1710892800000,1718582400000,1722988800000,1404.804651348133
14900,0,0,0,0,0,0.76262241,0.0,0.0,Received Third Cut,THREE MILE BRANCH,BETH MANOR, , ,NPJACKSON,1740667602000,,,ABENEFIELD,1765402352000,EAST,DITCH,1742342400000,1750118400000,1757289600000,,E12,1709510400000,1714608000000,1721174400000,4026.646320888986
14901,0,0,0,0,0,0.19378524,0.0,0.0,Received Third Cut,THREE MILE BRANCH,RADCLIFF RD, , ,NPJACKSON,1740667602000,,,ABENEFIELD,1766418975000,EAST,DITCH,1749081600000,1756512000000,1759881600000,,E83,1720483200000,1724803200000,,1023.1860780553206
14902,0,0,0,0,0,0.27672611,0.0,0.0,Received Third Cut,THREE MILE BRANCH,SHOREHAM DR, , ,NPJACKSON,1740667602000,,,ABENEFIELD,1766418949000,EAST,DITCH,1749427200000,1756512000000,1759795200000,,E82,1720483200000,1724803200000,,1461.1138650794785
14903,3,0,0,0,0,0.17510005,0.0,0.0,Received Third Cut,THREE MILE BRANCH,WENTWORTH DR-1, , ,NPJACKSON,1740667602000,,,ABENEFIELD,1766419005000,EAST,DITCH,1749513600000,1756512000000,1759881600000,,E84,1710979200000,1714953600000,1727049600000,924.5282544390769
14904,0,0,0,0,0,0.07622972,0.0,0.0,Received Third Cut,BALDWIN SLOUGH,LOTT DR, , ,NPJACKSON,1740667602000,,,ABENEFIELD,1765575499000,SOUTH,DITCH,1746403200000,1750032000000,1753660800000,,S75,1710979200000,1714953600000,1719360000000,402.4929477871117
14905,3,0,0,0,0,0.0646518,0.0,0.0,Received Third Cut,BALDWIN SLOUGH,SOMMERVILLE DR, , ,NPJACKSON,1740667602000,,,ABENEFIELD,1765575695000,SOUTH,DITCH,1747008000000,1750809600000,1755129600000,,S84,1715126400000,1719878400000,,341.36152580448345
14906,3,0,0,0,0,0.32572418,0.0,0.0,Received Third Cut,BALDWIN SLOUGH,PARTRIDGE RD, , ,NPJACKSON,1740667602000,,,ABENEFIELD,1765575816000,SOUTH,DITCH,1747094400000,1750896000000,1755129600000,,S90,1711929600000,1718064000000,1720396800000,1719.8236853643848
14907,3,0,0,0,0,0.08704553,0.0,0.0,Received Third Cut,BALDWIN SLOUGH,MERRIMAC CT, , ,NPJACKSON,1740667602000,,,ABENEFIELD,1765575848000,SOUTH,DITCH,1747094400000,1750896000000,1755129600000,,S92,1711929600000,1719964800000,1723680000000,459.60038737071756
14908,3,0,0,0,0,0.20303717,0.0,0.0,Received Third Cut,BALDWIN SLOUGH,NORTH COLONIAL, , ,NPJACKSON,1740667602000,,,ABENEFIELD,1765575830000,SOUTH,DITCH,1747094400000,1750896000000,1755129600000,,S91,1711929600000,1720396800000,1723680000000,1072.036251424751
14909,3,0,0,0,0,0.13309648,0.0,0.0,Received Third Cut,HANNON SLOUGH,POWELLDALE, , ,NPJACKSON,1740667602000,,,ABENEFIELD,1752699990000,SOUTH,DITCH,1742342400000,1747267200000,1751932800000,,S08,1720483200000,,,702.7494004275771
14910,3,0,0,0,0,0.55239904,0.0,0.0,Received Third Cut,HANNON SLOUGH,GREENVIEW-BEVERLY, , ,NPJACKSON,1740667602000,,,ABENEFIELD,1752699952000,SOUTH,DITCH,1742342400000,1747267200000,1751932800000,,S07,1720483200000,1724025600000,,2916.66694865763
14911,3,0,0,0,0,0.61810658,0.0,0.0,Received Third Cut,THREE MILE BRANCH,SYLVAN DR, , ,NPJACKSON,1740667602000,,,ABENEFIELD,1766419031000,EAST,DITCH,1749513600000,1756512000000,1759881600000,,E85,1713916800000,1720483200000,1724889600000,3263.602739347211
14912,0,0,0,0,0,0.95048567,0.0,0.0,Received Third Cut,THREE MILE BRANCH,CHESTNUT ST, , ,NPJACKSON,1740667602000,,,ABENEFIELD,1765401917000,EAST,DITCH,1742947200000,1749600000000,1756857600000,,E04,1708992000000,1714348800000,1721692800000,5018.564360612057
14913,0,0,0,0,0,0.10704041,0.0,0.0,Received Third Cut,THREE MILE BRANCH,ASBURY LN, , ,NPJACKSON,1740667602000,,,ABENEFIELD,1765402050000,EAST,DITCH,1742256000000,1749686400000,1756944000000,,E07,1709164800000,1714435200000,1721088000000,565.1733540481493
14914,0,0,0,0,0,0.39406176,0.0,0.0,Received Third Cut,THREE MILE BRANCH,OAK FOREST, , ,NPJACKSON,1740667602000,,,ABENEFIELD,1765401809000,EAST,DITCH,1742169600000,1749686400000,1757635200000,,E02,1708992000000,1714003200000,1725321600000,1210.0536590975921
14915,0,0,0,0,0,0.28833125,0.0,0.0,Received Third Cut,THREE MILE BRANCH,HAPPY HOLLOW DR, , ,NPJACKSON,1740667602000,,,ABENEFIELD,1765401497000,CENTRAL,DITCH,1748908800000,1754956800000,1758758400000,,C14,1712102400000,1720656000000,,1522.3890119613418
14916,0,0,0,0,0,0.18889261,0.0,0.0,Received Third Cut,THREE MILE BRANCH,GREEN RIDGE RD, , ,NPJACKSON,1740667602000,,,ABENEFIELD,1765403727000,EAST,DITCH,1745884800000,1751846400000,1757289600000,,E17,1709510400000,1721174400000,,734.3811948595825
14917,0,0,0,0,0,0.21076766,0.0,0.0,Received Third Cut,THREE MILE BRANCH,WINDEMERE DR, , ,NPJACKSON,1740667602000,,,ABENEFIELD,1765404415000,EAST,DITCH,1742860800000,1752796800000,1757548800000,,E22,1709510400000,1715040000000,,1112.8532671880682
14918,0,0,0,0,0,0.10252547,0.0,0.0,Received Third Cut,THREE MILE BRANCH,HOLLAND DR, , ,NPJACKSON,1740667602000,,,ABENEFIELD,1765404481000,EAST,DITCH,1742947200000,1752796800000,1757548800000,,E23,1709510400000,1715040000000,1721260800000,541.3344642513174
14919,0,0,0,0,0,0.15288393,0.0,0.0,Received Third Cut,THREE MILE BRANCH,AVONDALE RD, , ,NPJACKSON,1740667602000,,,ABENEFIELD,1765401091000,CENTRAL,DITCH,1748908800000,1755043200000,1758758400000,,C15,1712102400000,1725926400000,,807.2271376401408
14920,0,0,0,0,0,0.35886624,0.0,0.0,Received Third Cut,EASTDALE DITCH,PLANTATION WAY, , ,NPJACKSON,1740667602000,,,ABENEFIELD,1766424998000,NORTH,DITCH,1747785600000,1755561600000,1761609600000,,N61,,,,1894.8137231211276
14921,0,0,0,0,0,0.34162084,0.0,0.0,Received Third Cut,EASTDALE DITCH,OLIVER RD, , ,NPJACKSON,1740667602000,,,ABENEFIELD,1766425111000,NORTH,DITCH,1747699200000,1755820800000,1761004800000,,N62,,,,1803.7580167670894
14922,4,0,0,0,0,0.68846581,0.0,0.0,Received Third Cut,OLIVER CREEK,OLIVER - CAROLINA CT, , ,NPJACKSON,1740667602000,,,ABENEFIELD,1765550417000,EAST,DITCH,1744761600000,1753056000000,1757980800000,,E40,,,,3635.099479241957
14923,0,0,0,0,0,0.08621257,0.0,0.0,Received Third Cut,MONTGOMERY EAST DITCH,MERIDIAN LN, , ,NPJACKSON,1740667602000,,,ABENEFIELD,1765405364000,EAST,DITCH,1745020800000,1752710400000,1757462400000,,E38,1710201600000,1721865600000,1726617600000,455.2023535542219
14924,0,0,0,0,0,0.94599329,0.0,0.0,Received Third Cut,OLIVER CREEK,LANDMARK DR, , ,NPJACKSON,1740667602000,,,ABENEFIELD,1765405445000,EAST,DITCH,1744675200000,1752710400000,1757462400000,,E39,1710288000000,,,2602.167437745815
14925,3,0,0,0,0,0.79525598,0.0,0.0,Received Third Cut,WHITES SLOUGH,BRIDLE PATH LN,SOUTHEAST,WHITES SLOUGH,NPJACKSON,1740667602000,,,ABENEFIELD,1765574775000,SOUTH,DITCH,1745884800000,1750636800000,1754524800000,,S67,1718236800000,1722902400000,1725926400000,4198.951585730794
14926,3,0,0,0,0,0.55914893,0.0,0.0,Received Third Cut,BALDWIN SLOUGH,AIMEE DR, , ,NPJACKSON,1740667602000,,,ABENEFIELD,1765575481000,SOUTH,DITCH,1746057600000,1750464000000,1753660800000,,S74,1714953600000,1719273600000,1723075200000,2952.3063570225477
14927,3,0,0,0,0,0.0455224,0.0,0.0,Received Third Cut,CAMP CREEK,HONEYBEE CT, , ,NPJACKSON,1740667602000,,,ABENEFIELD,1765573125000,SOUTH,DITCH,1745280000000,1750118400000,1754438400000,,S59,1710374400000,1717977600000,1722384000000,240.35826647884073
14928,3,0,0,0,0,0.11725323,0.0,0.0,Received Third Cut,CAMP CREEK,OAKLEIGH RD 2, , ,NPJACKSON,1740667602000,,,ABENEFIELD,1765573150000,SOUTH,DITCH,1745280000000,1750118400000,1753228800000,,S60,1710374400000,1714348800000,1718150400000,619.0970513084529
14929,3,0,0,0,0,0.35996428,0.0,0.0,Received Third Cut,CAMP CREEK,ERIC LN, , ,NPJACKSON,1740667602000,,,ABENEFIELD,1765573101000,SOUTH,DITCH,1745193600000,1749686400000,1753228800000,,S58,1710374400000,1717977600000,1722384000000,1900.6113882287655
14930,3,0,0,0,0,0.22624406,0.0,0.0,Received Third Cut,BALDWIN SLOUGH,ROSEDON DR, , ,NPJACKSON,1740667602000,,,ABENEFIELD,1752757859000,SOUTH,DITCH,1742860800000,1747785600000,1752537600000,,S26,1709510400000,1712620800000,1716249600000,1194.5686478655562
14931,3,0,0,0,0,0.19816104,0.0,0.0,Received Third Cut,AUDUBON DITCH,ALAMONT DR, , ,NPJACKSON,1740667602000,,,ABENEFIELD,1752756833000,SOUTH,DITCH,1742428800000,1747699200000,1752105600000,,S18,1709164800000,1715817600000,,1046.290274133786
14932,3,0,0,0,0,0.08382114,0.0,0.0,Received Third Cut,AUDUBON DITCH,MARLOWE DR-SOUTH, , ,NPJACKSON,1740667602000,,,ABENEFIELD,1752756802000,SOUTH,DITCH,1742428800000,1747699200000,1752105600000,,S16,1709078400000,1715817600000,,442.5756057725548
14933,3,0,0,0,0,0.17323876,0.0,0.0,Received Third Cut,AUDUBON DITCH,MANGROVE LANE, , ,NPJACKSON,1740667602000,,,ABENEFIELD,1765571246000,SOUTH,DITCH,1744156800000,1747699200000,1753833600000,,S14,1715817600000,1720569600000,1724284800000,914.7006688935559
14934,3,0,0,0,0,0.07133941,0.0,0.0,Received Third Cut,AUDUBON DITCH,QUEENSBURY-SEIBLES, , ,NPJACKSON,1740667602000,,,ABENEFIELD,1752701529000,SOUTH,DITCH,1742428800000,1747699200000,1752019200000,,S19,1712534400000,1715817600000,,376.67208753906283
14935,1,0,0,0,0,0.19451968,0.0,0.0,Received Third Cut,WEST END DITCH,HERRON ST, , ,NPJACKSON,1740667602000,,,ABENEFIELD,1756407186000,CENTRAL,DITCH,1746057600000,1750723200000,1755734400000,,C16,1708992000000,1713312000000,1717027200000,1027.0639227102022
14936,1,0,0,0,0,0.15404821,0.0,0.0,Received Third Cut,WEST END DITCH,BOYS CLUB RD, , ,NPJACKSON,1740667602000,,,ABENEFIELD,1756407186000,CENTRAL,DITCH,1742256000000,1750896000000,1755734400000,,C18,1708992000000,1717718400000,,813.3745331620343
14937,4,0,0,0,0,0.46955219,0.0,0.0,Received Third Cut,CYPRESS POND DITCH,GIBSON-KANSAS, , ,NPJACKSON,1740667602000,,,ABENEFIELD,1766423721000,NORTH,DITCH,1746489600000,1753315200000,1759795200000,,N22,,,,2479.23556184632
14938,4,0,0,0,0,0.05492368,0.0,0.0,Received Third Cut,WARES FERRY DITCH,DONOVAN DR, , ,NPJACKSON,1740667602000,,,ABENEFIELD,1766424692000,NORTH,DITCH,1751932800000,1756339200000,1761091200000,,N46,,,,289.99704464682117
14939,4,0,0,0,0,0.08447089,0.0,0.0,Received Third Cut,WARES FERRY DITCH,KEIFER DR, , ,NPJACKSON,1740667602000,,,ABENEFIELD,1766424717000,NORTH,DITCH,1751932800000,1756339200000,1761091200000,,N47,,,,446.00627508835
14940,4,0,0,0,0,0.3596172,0.0,0.0,Received Third Cut,MONTGOMERY EAST DITCH,HAVELOCK-HINCHCLIFF, , ,NPJACKSON,1740667602000,,,ABENEFIELD,1766424995000,NORTH,DITCH,1750723200000,1756425600000,1761609600000,,N59,,,,1596.5275234553444
14941,4,0,0,0,0,0.07192321,0.0,0.0,Received Third Cut,EASTDALE DITCH,CREST HILL DR, , ,NPJACKSON,1740667602000,,,ABENEFIELD,1766424897000,NORTH,DITCH,1748390400000,1756080000000,1761177600000,,N55,,,,379.75456276540484
14942,4,0,0,0,0,0.17449764,0.0,0.0,Received Third Cut,MONTGOMERY EAST DITCH,RIALTO DR, , ,NPJACKSON,1740667602000,,,ABENEFIELD,1766424955000,NORTH,DITCH,1750723200000,1755734400000,1761609600000,,N58,,,,921.3475389521583
14943,4,0,0,0,0,0.30969246,0.0,0.0,Received Third Cut,THREE MILE BRANCH,HOLIDAY DR, , ,NPJACKSON,1740667602000,,,ABENEFIELD,1766423817000,NORTH,DITCH,1750118400000,1753747200000,1759449600000,,N26,,,,1635.1761712106677
14944,4,0,0,0,0,0.45931033,0.0,0.0,Received Third Cut,EASTDALE DITCH,HYDE PARK DR, , ,NPJACKSON,1740667602000,,,ABENEFIELD,1766424154000,NORTH,DITCH,1744156800000,1754611200000,1760659200000,,N33,,,,2425.158563570713
14945,4,0,0,0,0,0.20548102,0.0,0.0,Received Third Cut,NEWTOWN DITCH,AMANDA LN, , ,NPJACKSON,1740667602000,,,ABENEFIELD,1765562005000,NORTH,DITCH,1743638400000,1753315200000,1759190400000,,N18,,,,1084.9398079134805
14946,4,0,0,0,0,0.55024567,0.0,0.0,Received Third Cut,EASTDALE DITCH,BURBANK - YESTERHOUSE, , ,NPJACKSON,1740667602000,,,ABENEFIELD,1766424880000,NORTH,DITCH,1748390400000,1756080000000,1761177600000,,N54,,,,2905.297154603214
14947,4,0,0,0,0,0.05101939,0.0,0.0,Received Third Cut,WARES FERRY DITCH,EDGEWORTH DR, , ,NPJACKSON,1740667602000,,,ABENEFIELD,1766424550000,NORTH,DITCH,1747872000000,1755820800000,1760572800000,,N41,,,,269.38236596779063
14948,2,0,0,0,0,0.36784983,0.0,0.0,Received Second Cut,SMILEY COURT,ESTATE AVE, , ,NPJACKSON,1740667602000,NPJ,,ABENEFIELD,1756416588000,WEST,DITCH,1744588800000,1754438400000,,,W05,1713225600000,1715817600000,1719964800000,1942.2470949043206
14949,2,0,0,0,0,0.37110846,0.0,0.0,Received Third Cut,PINEVIEW HOMES DITCH,CRANE ST, , ,NPJACKSON,1740667602000,,,ABENEFIELD,1756416707000,WEST,DITCH,1743033600000,1750118400000,1753920000000,,W04,1712707200000,1715817600000,1719964800000,1959.452668057601
14950,2,0,0,0,0,0.09676859,0.0,0.0,Received Third Cut,GENETTA DITCH,WESTWOOD DR, , ,NPJACKSON,1740667602000,,,ABENEFIELD,1756416707000,WEST,DITCH,1742169600000,1749513600000,1753056000000,,W11,1709596800000,1713225600000,1724803200000,510.93814057242525
14951,2,0,0,0,0,0.12220611,0.0,0.0,Received Third Cut,WEST END DITCH,MILL ST - MOBILE RD, , ,NPJACKSON,1740667602000,,,ABENEFIELD,1756416707000,WEST,DITCH,1742860800000,1750636800000,1753315200000,,W19,1710115200000,1716422400000,,645.2482466662705
14952,4,0,0,0,0,0.16145438,0.0,0.0,Received Third Cut,THREE MILE BRANCH,GARDENDALE DR, , ,NPJACKSON,1740667602000,,,ABENEFIELD,1765561705000,NORTH,DITCH,1742515200000,1752537600000,1757980800000,,N10,,,,852.4791113060732
14953,4,0,0,0,0,0.09407645,0.0,0.0,Received Third Cut,CHISHOLM DITCH,INGLE DRIVE, , ,NPJACKSON,1740667602000,,,ABENEFIELD,1765561742000,NORTH,DITCH,1742515200000,1752624000000,1758844800000,,N11,,,,496.72366488216073
14954,4,0,0,0,0,0.03265611,0.0,0.0,Received Third Cut,CHISHOLM DITCH,LUCIAN LN, , ,NPJACKSON,1740667602000,,,ABENEFIELD,1765561472000,NORTH,DITCH,1742256000000,1750896000000,1758758400000,,N04,,,,172.42423630609557
14955,4,0,0,0,0,0.04134013,0.0,0.0,Received Third Cut,CYPRESS POND DITCH,LA RHODA ST, , ,NPJACKSON,1740667602000,,,ABENEFIELD,1765561772000,NORTH,DITCH,1743465600000,1753315200000,1758844800000,,N12,,,,218.27586514638168
14956,4,0,0,0,0,0.16371015,0.0,0.0,Received Third Cut,CHISHOLM DITCH,439 CONRAD ST, , ,NPJACKSON,1740667602000,,,ABENEFIELD,1765561625000,NORTH,DITCH,1742342400000,1752192000000,1758240000000,,N08,,,,864.3896091453787
14957,4,0,0,0,0,0.19192856,0.0,0.0,Received Third Cut,CHISHOLM DITCH,SHERIDAN HEIGHTS PARK, , ,NPJACKSON,1740667602000,,,ABENEFIELD,1765561520000,NORTH,DITCH,1742860800000,1752624000000,1758240000000,,N05,,,,1013.3827768700529
14958,4,0,0,0,0,0.18640995,0.0,0.0,Received Third Cut,CHISHOLM DITCH,BROOKVIEW DR, , ,NPJACKSON,1740667602000,,,ABENEFIELD,1765561593000,NORTH,DITCH,1742342400000,1750809600000,1757462400000,,N07,,,,984.2445376785179
14959,0,0,0,0,0,0.04299264,0.0,0.0,Received Third Cut,CANEY BRANCH,LAWNWOOD DR, , ,NPJACKSON,1740667602000,,,ABENEFIELD,1756416707000,WEST,DITCH,1745366400000,1749081600000,1752451200000,,W62,1722988800000,,,227.00113876000648
14960,0,0,0,0,0,0.06771399,0.0,0.0,Received Third Cut,GENETTA DITCH,AGATE ST, , ,NPJACKSON,1740667602000,NPJ,,ABENEFIELD,1756416707000,WEST,DITCH,1742947200000,1750723200000,1754352000000,,W26,1710374400000,1717545600000,1721260800000,357.52986547584874
14961,0,0,0,0,0,0.28105242,0.0,0.0,Received Third Cut,GENETTA DITCH,DORIS CIR, , ,NPJACKSON,1740667602000,,,ABENEFIELD,1756416707000,WEST,DITCH,1742947200000,1750723200000,1754438400000,,W29,1710374400000,1717545600000,1721260800000,1483.9567655056478
14962,0,0,0,0,0,0.22993803,0.0,0.0,Received Third Cut,CLOVERLAND DITCH,ARDMORE, , ,NPJACKSON,1740667602000,,,ABENEFIELD,1756416707000,WEST,DITCH,1743465600000,1750809600000,1753660800000,,W33,1710892800000,1714435200000,1717632000000,1214.0727896553215
14963,0,0,0,0,0,0.1862952,0.0,0.0,Received Third Cut,GENETTA DITCH,W EDGEMONT AVE, , ,NPJACKSON,1740667602000,,,ABENEFIELD,1756416707000,WEST,DITCH,1742169600000,1749513600000,1753056000000,,W10,1713225600000,1724803200000,,983.6386684151117
14964,0,0,0,0,0,0.01876806,0.0,0.0,Received Third Cut,GENETTA DITCH,OAK ST @ CARVER, , ,NPJACKSON,1740667602000,,,ABENEFIELD,1756416707000,WEST,DITCH,1744243200000,1748822400000,1754956800000,,W23,1729555200000,,,1279.1131432602854
14965,0,0,0,0,0,0.3070338,0.0,0.0,Received Third Cut,GENETTA DITCH,ALEXANDER ST, , ,NPJACKSON,1740667602000,,,ABENEFIELD,1756416707000,WEST,DITCH,1742947200000,1750636800000,1753315200000,,W22,1725321600000,,,1621.1384818030274
14966,0,0,0,0,0,0.34949451,0.0,0.0,Received Third Cut,CLOVERLAND DITCH,OAK ST AT RAIL ROAD, , ,NPJACKSON,1740667602000,,,ABENEFIELD,1756416707000,WEST,DITCH,1744761600000,1750809600000,1755648000000,,W35,1717977600000,,,1845.330991364233
14967,0,0,0,0,0,0.12443631,0.0,0.0,Received Third Cut,CLOVERLAND DITCH,S COURT ST, , ,NPJACKSON,1740667602000,,,ABENEFIELD,1756416707000,WEST,DITCH,1744761600000,1750896000000,1755648000000,,W41,1710806400000,1714521600000,1721692800000,657.0237168287609
14968,0,0,0,0,0,0.17641586,0.0,0.0,Received Third Cut,CLOVERLAND DITCH,DAVIS DR, , ,NPJACKSON,1740667602000,NPJ,,ABENEFIELD,1756416707000,WEST,DITCH,1747699200000,1751328000000,1755648000000,,W47,1714608000000,1718150400000,1722211200000,931.4757212289478
14969,3,0,0,0,0,0.067605,0.0,0.0,Received Third Cut,AUDUBON DITCH,SUSSEX DR, , ,NPJACKSON,1740667602000,,,ABENEFIELD,1765571218000,SOUTH,DITCH,1742428800000,1747267200000,1752019200000,,S13,1709078400000,1715731200000,1720569600000,356.95440926589976
14970,3,0,0,0,0,0.12685303,0.0,0.0,Received Third Cut,AUDUBON DITCH,BUCKINGHAM DR-COVENTRY RD, , ,NPJACKSON,1740667602000,,,ABENEFIELD,1752701418000,SOUTH,DITCH,1742342400000,1747612800000,1752019200000,,S11,1715731200000,1720569600000,1729814400000,669.7840145063595
14971,3,0,0,0,0,0.13041742,0.0,0.0,Received Third Cut,HANNON SLOUGH,BANCROFT AVE, , ,NPJACKSON,1740667602000,,,ABENEFIELD,1752701495000,SOUTH,DITCH,1742428800000,1747612800000,1752019200000,,S12,1715817600000,1720569600000,1724112000000,688.6039926059055
14972,3,0,0,0,0,0.08320397,0.0,0.0,Received Third Cut,HANNON SLOUGH,MACLAMAR RD, , ,NPJACKSON,1740667602000,,,ABENEFIELD,1756412276000,SOUTH,DITCH,1742256000000,1747180800000,1751932800000,,S06,1720483200000,1724025600000,,439.31694828113484
14973,3,0,0,0,0,0.12809712,0.0,0.0,Received Third Cut,AUDUBON DITCH,ALAMO DR, , ,NPJACKSON,1740667602000,NPJ,,ABENEFIELD,1765571048000,SOUTH,DITCH,1742256000000,1747180800000,1751846400000,,S05,1720483200000,1724025600000,1727740800000,676.3528140578013
14974,3,0,0,0,0,0.08496738,0.0,0.0,Received Third Cut,HANNON SLOUGH,DEVONSHIRE DR, , ,NPJACKSON,1740667602000,,,ABENEFIELD,1756412303000,SOUTH,DITCH,1742342400000,1747267200000,1752019200000,,S09,1715731200000,1724112000000,,448.62774401995665
14975,3,0,0,0,0,0.12548919,0.0,0.0,Received Third Cut,BALDWIN SLOUGH,BRAEBURN RD, , ,NPJACKSON,1740667602000,,,ABENEFIELD,1765572430000,SOUTH,DITCH,1743465600000,1749081600000,1753056000000,,S45,1710201600000,1713830400000,1717459200000,662.5829277382405
14976,3,0,0,0,0,0.04511148,0.0,0.0,Received Third Cut,BALDWIN SLOUGH,ARGYLE RD, , ,NPJACKSON,1740667602000,,,ABENEFIELD,1765572460000,SOUTH,DITCH,1743465600000,1749081600000,1753056000000,,S46,1710201600000,1713830400000,1717459200000,238.188596647498
14977,3,0,0,0,0,0.02968552,0.0,0.0,Received Third Cut,WHITES SLOUGH,RENEE, , ,NPJACKSON,1740667602000,,,ABENEFIELD,1765572254000,SOUTH,DITCH,1743465600000,1748995200000,1753056000000,,S41,,,,156.7395206345431
14978,0,0,0,0,0,0.09901538,0.0,0.0,Received Third Cut,OLIVER CREEK,WOODMERE PARK W, , ,NPJACKSON,1740667602000,,,ABENEFIELD,1766418800000,EAST,DITCH,1747267200000,1756166400000,1759795200000,,E78,1713312000000,1720483200000,1730160000000,435.522216567613
14979,0,0,0,0,0,0.08347991,0.0,0.0,Received Third Cut,THREE MILE BRANCH,BIENVILLE RD, , ,NPJACKSON,1740667602000,,,ABENEFIELD,1765403069000,EAST,DITCH,1742428800000,1750204800000,1757289600000,,E15,1721088000000,1725840000000,,440.7739476042186
14980,0,0,0,0,0,0.09590045,0.0,0.0,Received Third Cut,THREE MILE BRANCH,FAIN CT, , ,NPJACKSON,1740667602000,,,ABENEFIELD,1765402548000,EAST,DITCH,1742428800000,1750204800000,1756944000000,,E14,1709164800000,1714608000000,1721088000000,506.3543618468016
14981,0,,0,0,0,0.16884982,0.0,0.0,Received Third Cut,THREE MILE BRANCH,BENNETT DR, , ,NPJACKSON,1740667602000,,,ABENEFIELD,1765403948000,EAST,DITCH,1742947200000,1752105600000,1758153600000,,E20,1709596800000,1715126400000,1725926400000,891.527026595992
14982,0,0,0,0,0,0.46931038,0.0,0.0,Received Third Cut,THREE MILE BRANCH,FRONTENAC ST, , ,NPJACKSON,1740667602000,,,ABENEFIELD,1765403674000,EAST,DITCH,1742428800000,1751846400000,1756857600000,,E16,1709596800000,1721174400000,1725494400000,2477.958823080463
14983,0,0,0,0,0,0.18450674,0.0,0.0,Received Third Cut,THREE MILE BRANCH,LOMBARD DR, , ,NPJACKSON,1740667602000,,,ABENEFIELD,1765402268000,EAST,DITCH,1742342400000,1749686400000,1756944000000,,E11,1721088000000,,,974.1955906744429
14984,3,0,0,0,0,0.13505214,0.0,0.0,Received Third Cut,THREE MILE BRANCH,WILEY RD, , ,NPJACKSON,1740667602000,,,ABENEFIELD,1765575531000,SOUTH,DITCH,1746403200000,1750032000000,1755129600000,,S77,1710979200000,1719360000000,1723507200000,713.0752794374391
14985,3,0,0,0,0,0.14579468,0.0,0.0,Received Third Cut,THREE MILE BRANCH,DREXEL RD, , ,NPJACKSON,1740667602000,,,ABENEFIELD,1765575547000,SOUTH,DITCH,1746403200000,1750032000000,1755129600000,,S78,1710979200000,1713398400000,1719360000000,769.7958852848268
14986,3,0,0,0,0,0.10482013,0.0,0.0,Received Third Cut,BALDWIN SLOUGH,LANSDOWNE-DAN, , ,NPJACKSON,1740667602000,,,ABENEFIELD,1765575680000,SOUTH,DITCH,1747094400000,1750809600000,1755475200000,,S83,1715126400000,1719878400000,1726704000000,553.4502951161677
14987,3,0,0,0,0,0.08432472,0.0,0.0,Received Third Cut,BALDWIN SLOUGH,WENTWORTH DR-2, , ,NPJACKSON,1740667602000,,,ABENEFIELD,1765575514000,SOUTH,DITCH,1746403200000,1750032000000,1753660800000,,S76,1713312000000,1720483200000,1724803200000,445.234515392006
14988,3,0,0,0,0,0.13926847,0.0,0.0,Received Third Cut,BALDWIN SLOUGH,WOODFERN DR, , ,NPJACKSON,1740667602000,,,ABENEFIELD,1765575653000,SOUTH,DITCH,1747008000000,1750809600000,1755475200000,,S82,1715126400000,1719878400000,1726704000000,735.3375470787197
14989,3,0,0,0,0,0.05981744,0.0,0.0,Received Third Cut,BALDWIN SLOUGH,NEWPORT RD, , ,NPJACKSON,1740667602000,,,ABENEFIELD,1765575883000,SOUTH,DITCH,1747094400000,1750896000000,1755129600000,,S94,1711929600000,1719964800000,1723680000000,315.836109528984
14990,0,0,0,0,0,0.12769528,0.0,0.0,Received Third Cut,HANNON SLOUGH,BEAR ELEMENTERY, , ,NPJACKSON,1740667602000,,,ABENEFIELD,1765575785000,SOUTH,DITCH,1747008000000,1750809600000,1755129600000,,S89,1720396800000,,,674.2310567726478
14991,0,0,0,0,0,0.36613934,0.0,0.0,Received Second Cut,HANNON SLOUGH,GREENBRIAR RD, , ,NPJACKSON,1740667602000,,,NPJACKSON,1752263333000,TRACTOR,TRACTOR,1741910400000,1747785600000,,,T06,,,,1933.215711232516
14992,3,0,0,0,0,0.06471666,0.0,0.0,Received Third Cut,HANNON SLOUGH,LANSDOWNE-JD, , ,NPJACKSON,1740667602000,,,ABENEFIELD,1765575707000,SOUTH,DITCH,1747008000000,1750809600000,1755475200000,,S85,1715126400000,1719878400000,1726704000000,341.703977209635
14993,0,0,0,0,0,0.11419256,0.0,0.0,Received Third Cut,THREE MILE BRANCH,HOLLY RIDGE, , ,NPJACKSON,1740667602000,,,ABENEFIELD,1765404786000,EAST,DITCH,1743033600000,1752883200000,1757894400000,,E28,1709683200000,1715212800000,1725926400000,602.9367171867228
14994,0,0,0,0,0,0.15858127,0.0,0.0,Received Third Cut,THREE MILE BRANCH,DERBY LN, , ,NPJACKSON,1740667602000,,,ABENEFIELD,1765404651000,EAST,DITCH,1743033600000,1752796800000,1757894400000,,E26,1721606400000,,,837.3091220928296
14995,0,0,0,0,0,0.11522044,0.0,0.0,Received Third Cut,WARES FERRY DITCH,WOODLEDGE DR, , ,NPJACKSON,1740667602000,,,ABENEFIELD,1765404957000,EAST,DITCH,1743465600000,1752710400000,1757894400000,,E31,1715644800000,1721606400000,1726444800000,608.3639056764974
14996,0,0,0,0,0,0.05145473,0.0,0.0,Received Third Cut,THREE MILE BRANCH,STERLING DR, , ,NPJACKSON,1740667602000,,,ABENEFIELD,1765404573000,EAST,DITCH,1743033600000,1752796800000,1757894400000,,E25,1709596800000,1715212800000,1721606400000,271.6809857150337
14997,0,0,0,0,0,0.06742031,0.0,0.0,Received Third Cut,THREE MILE BRANCH,BALBOA RD, , ,NPJACKSON,1740667602000,,,ABENEFIELD,1765404899000,EAST,DITCH,1743465600000,1752883200000,1757894400000,,E29,1721606400000,,,355.97925784369477
14998,0,0,0,0,0,0.10746665,0.0,0.0,Received Third Cut,WARES FERRY DITCH,FOX HOLLOW_ CHRYSTAN CT, , ,NPJACKSON,1740667602000,,,ABENEFIELD,1765405017000,EAST,DITCH,1743465600000,1752451200000,1757894400000,,E32,1709683200000,-17219692800000,,889.4050705411407
14999,3,0,0,0,0,0.0854913,0.0,0.0,Received Third Cut,BALDWIN SLOUGH,NORTH GASKELL, ,KINGSBURY,NPJACKSON,1740667602000,,,ABENEFIELD,1765575355000,SOUTH,DITCH,1745884800000,1750723200000,1753315200000,,S69,1710892800000,1718582400000,1722988800000,451.39407670928045
15000,3,0,0,0,0,0.07229889,0.0,0.0,Received Third Cut,BALDWIN SLOUGH,NORDAN LN, , ,NPJACKSON,1740667602000,,,ABENEFIELD,1765575336000,SOUTH,DITCH,1745884800000,1750636800000,1753315200000,,S68,1710892800000,1718582400000,,381.73815538368603
15001,3,0,0,0,0,0.06939824,0.0,0.0,Received Third Cut,BALDWIN SLOUGH,DEBBY DR,WEST,BALDWIN SLOUGH,NPJACKSON,1740667602000,,,ABENEFIELD,1765573231000,SOUTH,DITCH,1745280000000,1749686400000,1753228800000,,S62,1710720000000,1718150400000,1722470400000,366.4226819712197
15002,3,0,0,0,0,0.13463697,0.0,0.0,Received Third Cut,WHITES SLOUGH,VALENCIA DR, , ,NPJACKSON,1740667602000,,,ABENEFIELD,1765573078000,SOUTH,DITCH,1745280000000,1749686400000,1753228800000,,S57,1710374400000,1717545600000,,710.8832060967501
15003,3,0,0,0,0,0.10669372,0.0,0.0,Received Third Cut,WHITES SLOUGH,EAGERTON RD, , ,NPJACKSON,1740667602000,,,ABENEFIELD,1752757520000,SOUTH,DITCH,1742860800000,1747785600000,1752451200000,,S27,1712620800000,1721088000000,,563.3428594449653
15004,3,0,0,0,0,0.065658,0.0,0.0,Received Third Cut,WHITES SLOUGH,KNOLLGATE RD, , ,NPJACKSON,1740667602000,,,ABENEFIELD,1753202800000,SOUTH,DITCH,1743033600000,1748908800000,1752710400000,,S33,1716336000000,,,346.67423313649505
15005,3,0,0,0,0,0.05070641,0.0,0.0,Received Third Cut,WHITES SLOUGH,CARRIAGE PL, , ,NPJACKSON,1740667602000,,,ABENEFIELD,1752757749000,SOUTH,DITCH,1742860800000,1748390400000,1752537600000,,S28,1709510400000,1712620800000,1716249600000,267.7298482265269
15006,3,0,0,0,0,0.1836829,0.0,0.0,Received Third Cut,WHITES SLOUGH,CHARTRES LN, , ,NPJACKSON,1740667602000,,,ABENEFIELD,1765572938000,SOUTH,DITCH,1744588800000,1749600000000,1754265600000,,S56,1710288000000,1717545600000,1722297600000,969.8456958298727
15007,3,0,0,0,0,0.08355791,0.0,0.0,Received Third Cut,AUDUBON DITCH,MARLOWE DR-NORTH, , ,NPJACKSON,1740667602000,,,ABENEFIELD,1752756796000,SOUTH,DITCH,1742428800000,1747699200000,1752105600000,,S17,1709078400000,1715817600000,,441.18575314431354
15008,3,0,0,0,0,0.02542029,0.0,0.0,Received Third Cut,HANNON SLOUGH,3021 BOXWOOD DR, , ,NPJACKSON,1740667602000,,,ABENEFIELD,1765575725000,SOUTH,DITCH,1747008000000,1750896000000,1755129600000,,S86,,,,134.21910898699332
15009,3,0,0,0,0,0.03354877,0.0,0.0,Received Third Cut,HANNON SLOUGH,ROSEMONT PLACE, , ,NPJACKSON,1740667602000,,,ABENEFIELD,1765575770000,SOUTH,DITCH,1747008000000,1750896000000,1755129600000,,S88,1726704000000,,,177.13751245618218
15010,3,0,0,0,0,0.08082028,0.0,0.0,Received Third Cut,AUDUBON DITCH,ELLEN ST, , ,NPJACKSON,1740667602000,,,ABENEFIELD,1752699177000,SOUTH,DITCH,1742256000000,1747180800000,1751846400000,,S03,1720396800000,1724025600000,,426.7310766067733
15011,3,0,0,0,0,0.02931678,0.0,0.0,Received Third Cut,AUDUBON DITCH,LEBRON-DESOTO, , ,NPJACKSON,1740667602000,,,ABENEFIELD,1765571024000,SOUTH,DITCH,1742256000000,1747180800000,1751846400000,,S04,,,,154.7926189842004
15012,3,0,0,0,0,0.02147,0.0,0.0,Received Third Cut,GENETTA DITCH,552 S BAINBRIDGE, , ,NPJACKSON,1740667602000,,,ABENEFIELD,1765570940000,SOUTH,DITCH,1742256000000,1747180800000,1751846400000,,S01,,,,113.36159729021797
15013,4,0,0,0,0,0.21984125,0.0,0.0,Received Third Cut,WARES FERRY DITCH,DUBUQUE DR, , ,NPJACKSON,1740667602000,,,ABENEFIELD,1766424325000,NORTH,DITCH,1747872000000,1754611200000,1761004800000,,N38,,,,1160.7617914476994
15014,4,0,0,0,0,0.24181094,0.0,0.0,Received Third Cut,WARES FERRY DITCH,LEDYARD PL, , ,NPJACKSON,1740667602000,,,ABENEFIELD,1766424364000,NORTH,DITCH,1747872000000,1754611200000,1761004800000,,N39,,,,1276.7617369414827
15015,4,0,0,0,0,0.11949173,0.0,0.0,Received Third Cut,WARES FERRY DITCH,HATCHER ST, , ,NPJACKSON,1740667602000,,,ABENEFIELD,1766424386000,NORTH,DITCH,1751932800000,1754611200000,1761004800000,,N40,,,,630.9163435245495
15016,4,0,0,0,0,0.20315087,0.0,0.0,Received Third Cut,WARES FERRY DITCH,CROYDON RD, , ,NPJACKSON,1740667602000,,,ABENEFIELD,1766424283000,NORTH,DITCH,1750204800000,1754611200000,1760572800000,,N37,,,,1072.6365925382217
15017,4,0,0,0,0,0.27895371,0.0,0.0,Received Third Cut,WARES FERRY DITCH,DALRAIDA PL, , ,NPJACKSON,1740667602000,,,ABENEFIELD,1766424257000,NORTH,DITCH,1745539200000,1754524800000,1760486400000,,N36,,,,1472.8755717651002
15018,4,0,0,0,0,0.15849641,0.0,0.0,Received Third Cut,WARES FERRY DITCH,LEWIS LN, , ,NPJACKSON,1740667602000,,,ABENEFIELD,1766424024000,NORTH,DITCH,1745539200000,1754438400000,1759968000000,,N29,,,,836.8610628967434
15019,4,0,0,0,0,0.07239038,0.0,0.0,Received Third Cut,WARES FERRY DITCH,BOWLING GREEN DR, , ,NPJACKSON,1740667602000,,,ABENEFIELD,1766424612000,NORTH,DITCH,1751932800000,1756339200000,1761091200000,,N43,,,,382.221193923636
15020,4,0,0,0,0,0.10721377,0.0,0.0,Received Third Cut,WARES FERRY DITCH,W RUTGERS LOOP, , ,NPJACKSON,1740667602000,,,ABENEFIELD,1766424647000,NORTH,DITCH,1745798400000,1756252800000,1761609600000,,N44,,,,566.0886938836951
15021,4,0,0,0,0,0.09717536,0.0,0.0,Received Third Cut,WARES FERRY DITCH,CORNELL RD, , ,NPJACKSON,1740667602000,,,ABENEFIELD,1766424672000,NORTH,DITCH,1751932800000,1756339200000,1761004800000,,N45,,,,513.0859006145954
15022,4,0,0,0,0,0.19493872,0.0,0.0,Received Third Cut,EASTDALE DITCH,AMITY LN, , ,NPJACKSON,1740667602000,,,ABENEFIELD,1766424915000,NORTH,DITCH,1748390400000,1756080000000,1761177600000,,N56,,,,1029.2764412181705
15023,4,0,0,0,0,0.15251721,0.0,0.0,Received Third Cut,EASTDALE DITCH,BALFOUR RD, , ,NPJACKSON,1740667602000,,,ABENEFIELD,1766424934000,NORTH,DITCH,1748390400000,1756425600000,1761177600000,,N57,,,,805.290879937012
15024,4,0,0,0,0,0.06795617,0.0,0.0,Received Third Cut,NEWTOWN DITCH,NEWTOWN NORTH, , ,NPJACKSON,1740667602000,,,ABENEFIELD,1766423744000,NORTH,DITCH,1745366400000,1751414400000,1759881600000,,N23,,,,358.80857930074455
15025,4,,0,0,0,0.03744291,12.0,0.0,Received Third Cut,NEWTOWN DITCH,OPP ST, , ,NPJACKSON,1740667602000,,,ABENEFIELD,1766423776000,NORTH,DITCH,1745366400000,1751414400000,1759881600000,,N24,,,,197.69855630791838
15026,4,0,0,0,0,0.08147546,0.0,0.0,Received Third Cut,CHILDRENS ZOO DITCH,BROADVIEW ST, , ,NPJACKSON,1740667602000,,,ABENEFIELD,1765561969000,NORTH,DITCH,1743033600000,1752537600000,1759190400000,,N17,,,,430.19042035033647
15027,3,0,0,0,0,0.17370076,0.0,0.0,Received Third Cut,BALDWIN SLOUGH,CROSS CREEK,WEST,BALDWIN SLOUGH,NPJACKSON,1740667602000,,,ABENEFIELD,1756412491000,SOUTH,DITCH,1743033600000,1748390400000,1752537600000,,S30,,,,917.1400239532045
15028,,,,,,0.07978014,,,Received Third Cut,MONTGOMERY EAST DITCH,IRONWOOD DR,,,NPJACKSON,1740667602000,,,ABENEFIELD,1766424997000,NORTH,DITCH,1750723200000,1755648000000,1761609600000,,N60,,,,421.23914735724327
15029,,,,,,0.12363534,,,Received Third Cut,THREE MILE BRANCH,SHERWOOD DR,,,NPJACKSON,1740667602000,,,ABENEFIELD,1765404531000,EAST,DITCH,1742947200000,1752796800000,1758153600000,,E24,1709510400000,1715299200000,1721260800000,652.7945694937795
15030,,,,,,0.16581117,,,Received Third Cut,THREE MILE BRANCH,MILAN DR,,,NPJACKSON,1740667602000,,,ABENEFIELD,1765403799000,EAST,DITCH,1742860800000,1751846400000,1757289600000,,E18,1709510400000,1721260800000,,875.4829688315147
15031,,,,,,0.06616597,,,Received Third Cut,THREE MILE BRANCH,LARKIN LN,,,NPJACKSON,1740667602000,,,ABENEFIELD,1765404716000,EAST,DITCH,1743033600000,1752883200000,1757894400000,,E27,1725926400000,,,349.3562953086722
15032,0,0,0,0,0,0.02685155,0.0,0.0,Received Third Cut,THREE MILE BRANCH,BEDFORD LN, , ,NPJACKSON,1740667602000,,,ABENEFIELD,1765402187000,EAST,DITCH,1742256000000,1749686400000,1756944000000,,E10,1721088000000,,,141.77618455407264
15033,,,,,,0.06396093,,,Received Third Cut,THREE MILE BRANCH,MADOLYN LN,,,NPJACKSON,1740667602000,,,ABENEFIELD,1765403840000,EAST,DITCH,1742947200000,1751846400000,1757289600000,,E19,1721260800000,,,337.7137018045483
15034,,,,,,0.32807656,,,Received Third Cut,OLIVER CREEK,OLD FOREST RD,,,NPJACKSON,1740667602000,,,ABENEFIELD,1765551049000,EAST,DITCH,1746057600000,1753920000000,1758499200000,,E44,1710892800000,1716422400000,1722470400000,1732.244262806027
15035,0,0,0,0,0,0.33590292,0.0,0.0,Received Third Cut,OLIVER CREEK,OLD PUMP RD, , ,NPJACKSON,1740667602000,,,ABENEFIELD,1765551135000,EAST,DITCH,1745884800000,1754006400000,1758499200000,,E46,1710892800000,1722816000000,1729641600000,1773.5674186660958
15036,,,,,,0.13845966,,,Received Third Cut,OLIVER CREEK,SADDLEBACK RIDGE,,,NPJACKSON,1740667602000,,,ABENEFIELD,1765550461000,EAST,DITCH,1744588800000,1753228800000,1758067200000,,E41,1710374400000,1722384000000,,731.0670108480665
15037,,,,,,0.06340037,,,Received Third Cut,THREE MILE BRANCH,ARTHUR ST,,,NPJACKSON,1740667602000,,,ABENEFIELD,1765401846000,EAST,DITCH,1742169600000,1750032000000,1756771200000,,E03,1708992000000,1725321600000,,334.753962285825
15038,,,,,,0.12109071,,,Received Third Cut,HANNON SLOUGH,SETH JOHNSON DR,,,NPJACKSON,1740667602000,,,ABENEFIELD,1756412377000,SOUTH,DITCH,1742428800000,1747612800000,1752019200000,,S20,1709164800000,1712534400000,1715817600000,639.3589298587887
15039,,,,,,0.25214409,,,Received Third Cut,JENKINS CREEK,OCALA DR,,,NPJACKSON,1740667602000,,,ABENEFIELD,1765551309000,EAST,DITCH,1745971200000,1754524800000,1758499200000,,E48,1711497600000,1717027200000,1722988800000,1331.3208090527758
15040,,,,,,0.13217026,,,Received Third Cut,OLIVER CREEK,DECKER LN,,,NPJACKSON,1740667602000,,,ABENEFIELD,1765551459000,EAST,DITCH,1744588800000,1754524800000,1758067200000,,E49,1711497600000,1723075200000,1729555200000,697.8589904066155
15041,,,,,,0.67023852,,,Received Third Cut,OLIVER CREEK,AUTUMN RIDGE RD,,,NPJACKSON,1740667602000,,,ABENEFIELD,1765552239000,EAST,DITCH,1747353600000,1754438400000,1758585600000,,E53,1711584000000,1717977600000,1723420800000,3538.85938184699
15042,,,,,,0.33288843,,,Received Third Cut,OLIVER CREEK,GLENCOE CT,,,NPJACKSON,1740667602000,,,ABENEFIELD,1765551515000,EAST,DITCH,1746489600000,1754352000000,1758585600000,,E50,1711497600000,1717459200000,1723075200000,1757.6508926725683
15043,,,,,,0.49834257,,,Received Third Cut,JENKINS CREEK,PARKVIEW DR,,,NPJACKSON,1740667602000,,,ABENEFIELD,1765552385000,EAST,DITCH,1746662400000,1754524800000,1758672000000,,E56,1711929600000,1730678400000,,2631.2487504973055
15044,,,,,,0.14141951,,,Received Third Cut,JENKINS CREEK,DUCK POND RD,,,NPJACKSON,1740667602000,,,ABENEFIELD,1765552424000,EAST,DITCH,1746662400000,1754956800000,1758672000000,,E57,1711929600000,1723507200000,,746.6950025595231
15045,,,,,,0.15188095,,,Received Third Cut,JENKINS CREEK,CLOVERFIELD RD,,,NPJACKSON,1740667602000,,,ABENEFIELD,1765552491000,EAST,DITCH,1746662400000,1754956800000,1759104000000,,E58,1718064000000,1723680000000,1730764800000,801.9314191939371
15046,,,,,,0.16491799,,,Received Third Cut,STURBRIDGE,HARVEST RIDGE DR,,,NPJACKSON,1740667602000,,,ABENEFIELD,1765558790000,EAST,DITCH,1747267200000,1754870400000,1758758400000,,E62,1718668800000,1724025600000,1731456000000,870.7670111684226
15047,,,,,,0.77229063,,,Received Third Cut,JENKINS CREEK,PAYNE RD,,,NPJACKSON,1740667602000,,,ABENEFIELD,1765558744000,EAST,DITCH,1747699200000,1754870400000,1758758400000,,E61,1712188800000,1718668800000,1724025600000,4077.694511209698
15048,,,,,,0.31179535,,,Received Third Cut,WARES FERRY DITCH,LAGOON COMMERCIAL,,,NPJACKSON,1740667602000,,,ABENEFIELD,1766425050000,NORTH,DITCH,1747785600000,1755820800000,1761609600000,,N63,,,,1646.2794295209667
15049,,,,,,0.03698174,,,Received Third Cut,THREE MILE BRANCH,ZEPHYR HILLS CT,,,NPJACKSON,1740667602000,,,ABENEFIELD,1765402092000,EAST,DITCH,1742256000000,1749686400000,1756944000000,,E08,1721088000000,1725408000000,,195.26359204762736
15050,,,,,,0.24066582,,,Received Third Cut,JENKINS CREEK,STONERIDGE PL,,,NPJACKSON,1740667602000,,,ABENEFIELD,1765558700000,EAST,DITCH,1747008000000,1754956800000,1759104000000,,E60,1712188800000,1723680000000,,1270.7155113671006
15051,,,,,,0.10614972,,,Received Third Cut,BALDWIN SLOUGH,ROJON CT,,,NPJACKSON,1740667602000,,,ABENEFIELD,1766418873000,EAST,DITCH,1747267200000,1756512000000,1759795200000,,E80,1713916800000,1723075200000,,560.4705451728161
15052,,,,,,0.04123669,,,Received Third Cut,THREE MILE BRANCH,HONEYSUCKLE RD,,,NPJACKSON,1740667602000,,,ABENEFIELD,1766423893000,NORTH,DITCH,1751328000000,1753747200000,1759968000000,,N28,,,,217.72970706712607
15053,1,0,0,0,0,0.96970811,0.0,0.0,Received Third Cut,WARES FERRY DITCH,VANDERBILT LP/ATLANTA HWY, ,WARES FERRY DITCH,NPJACKSON,1740667602000,,,ABENEFIELD,1766424584000,NORTH,DITCH,1748390400000,1756857600000,1761177600000,,N42,,,,2616.432662924934
15054,,,,,,0.0260184,,,Received Third Cut,BALDWIN SLOUGH,HEATHERTON DR,,,NPJACKSON,1740667602000,,,ABENEFIELD,1766418902000,EAST,DITCH,1747267200000,1753833600000,1759795200000,,E81,1720483200000,,,137.37717646950372
15055,,,,,,0.03458372,,,Received Third Cut,CLOVERLAND DITCH,OAK ST,,,NPJACKSON,1740667602000,NPJ,,ABENEFIELD,1756416707000,WEST,DITCH,1743033600000,1750723200000,1753660800000,,W32,1710374400000,1714521600000,1717545600000,182.60203990939402
15056,,,,,,0.08933498,,,Received Third Cut,CLOVERLAND DITCH,APRIL ST,,,NPJACKSON,1740667602000,,,ABENEFIELD,1756416707000,WEST,DITCH,1743033600000,1750723200000,1753660800000,,W30,1710374400000,1717545600000,1725494400000,471.6887034425018
15057,,,,,,0.05091099,,,Received Third Cut,CLOVERLAND DITCH,LATIMER ST,,,NPJACKSON,1740667602000,,,ABENEFIELD,1756416707000,WEST,DITCH,1743033600000,1750809600000,1753660800000,,W31,1717545600000,,,268.81004474570153
15058,,,,,,0.55875117,,,Received Third Cut,CLOVERLAND DITCH,SOUTHMONT DR,,,NPJACKSON,1740667602000,NPJ,,ABENEFIELD,1756416707000,WEST,DITCH,1747699200000,1751328000000,1755734400000,,W43,1711324800000,1714521600000,1718150400000,2950.20616237381
15059,,,,,,0.07320593,,,Received Third Cut,GENETTA DITCH,POTOMAC AVE,,,NPJACKSON,1740667602000,NPJ,,ABENEFIELD,1756416707000,WEST,DITCH,1742947200000,1750723200000,1754352000000,,W25,1721260800000,1725321600000,,386.5273275409933
15060,0,0,0,0,0,0.20294478,0.0,0.0,Received Third Cut,CLOVERLAND DITCH,KELLY LN, , ,NPJACKSON,1740667602000,NPJ,,ABENEFIELD,1756416707000,WEST,DITCH,1747699200000,1751328000000,1755648000000,,W46,1711324800000,1714521600000,1718150400000,1071.5484625939503
15061,0,0,0,0,0,0.24240842,0.0,0.0,Received Third Cut,CLOVERLAND DITCH,PATTON AVE, , ,NPJACKSON,1740667602000,NPJ,,ABENEFIELD,1756416707000,WEST,DITCH,1747699200000,1751328000000,1755648000000,,W45,1726012800000,,,1279.9164534770123
15062,,,,,,0.10601171,,,Received Third Cut,PINEVIEW HOMES DITCH,FOSHEE RD,,,NPJACKSON,1740667602000,NPJ,,ABENEFIELD,1756416707000,WEST,DITCH,1744675200000,1750118400000,1753747200000,,W03,1708992000000,1712793600000,1719792000000,559.7418550735082
15063,,,,,,0.16391333,,,Received Third Cut,WEST END DITCH,ALMA DR,,,NPJACKSON,1740667602000,NPJ,,ABENEFIELD,1756416707000,WEST,DITCH,1742860800000,1750636800000,1753315200000,,W21,1725321600000,,,865.4623679156974
15064,2,0,0,0,0,0.05032645,0.0,0.0,Received Third Cut,WEST END DITCH,HILL ST, , ,NPJACKSON,1740667602000,,,ABENEFIELD,1756416707000,WEST,DITCH,1742860800000,1750636800000,1753315200000,,W17,1709856000000,1713398400000,1716422400000,265.72367152129215
15065,2,0,0,0,0,0.20528524,0.0,0.0,Received Third Cut,WEST END DITCH,HILL ST - N LINCOLN TER, , ,NPJACKSON,1740667602000,,,ABENEFIELD,1756416707000,WEST,DITCH,1742860800000,1750636800000,1753315200000,,W18,1709856000000,1713398400000,1716422400000,1083.9060494969565
15066,0,0,0,0,0,0.19178871,0.0,0.0,Received Third Cut,CLOVERLAND DITCH,BOWMAN ST, , ,NPJACKSON,1740667602000,,,ABENEFIELD,1756416707000,WEST,DITCH,1744761600000,1750896000000,1755648000000,,W42,1710806400000,1714521600000,1717977600000,1012.6444052400233
15067,,,,,,0.07368635,,,Received Third Cut,BEAUVIOR GARDENS,POCAHONTAS RD,,,NPJACKSON,1740667602000,,,ABENEFIELD,1756416707000,WEST,DITCH,1747699200000,1751328000000,1755734400000,,W48,1714953600000,1718582400000,1722297600000,389.06393654186144
15068,,,,,,0.18481433,,,Received Third Cut,WEST END DITCH,KENNY AVE,,,NPJACKSON,1740667602000,,,ABENEFIELD,1756416707000,WEST,DITCH,1742169600000,1749513600000,1752537600000,,W07,1712793600000,1715731200000,1720396800000,975.8196735896936
15069,,,,,,0.0209169,,,Received Third Cut,NEWTOWN DITCH,JACKSON FERRY ROAD PARK,,,NPJACKSON,1740667602000,,,ABENEFIELD,1765561324000,NORTH,DITCH,1742256000000,1752192000000,1758758400000,,N02,,,,110.44125245788493
15070,0,0,0,0,0,0.1136628,0.0,0.0,Received Third Cut,CHISHOLM DITCH,BROOKVIEW/FORBES,WEST, CHISHOLM DITCH 2,NPJACKSON,1740667602000,,,ABENEFIELD,1765561362000,NORTH,DITCH,1743638400000,1750809600000,1757548800000,,N03,,,,600.1395694106715
15071,4,0,0,0,0,0.14289694,0.0,0.0,Received Third Cut,CHISHOLM DITCH,EDWARD ST, , ,NPJACKSON,1740667602000,,,ABENEFIELD,1765561808000,NORTH,DITCH,1742947200000,1753228800000,1756857600000,,N13,,,,754.495825409641
15072,,,,,,0.0578002,,,Received Third Cut,CYPRESS POND DITCH,EL PASO ST,WEST,GIBSON-KANSAS,NPJACKSON,1740667602000,,,ABENEFIELD,1765561841000,NORTH,DITCH,1743465600000,1753747200000,1758844800000,,N14,,,,305.18503936649705
15073,4,0,0,0,0,0.38516918,0.0,0.0,Received Third Cut,CHILDRENS ZOO DITCH,EAST ST, , ,NPJACKSON,1740667602000,,,ABENEFIELD,1765561891000,NORTH,DITCH,1743465600000,1751328000000,1758067200000,,N15,1729123200000,,,2033.6932759212054
15074,,,,,,0.0365052,,,Received Third Cut,CLOVERLAND DITCH,NATIONAL ST,,,NPJACKSON,1740667602000,,,ABENEFIELD,1756416707000,WEST,DITCH,1744848000000,1750896000000,1754870400000,,W36,1710806400000,1714521600000,1718150400000,192.74745145744626
15075,,,,,,0.13104968,,,Received Third Cut,WEST END DITCH,RITA LN,,,NPJACKSON,1740667602000,,,ABENEFIELD,1756416707000,WEST,DITCH,1744675200000,1750032000000,1753747200000,,W02,1712620800000,1719792000000,1724112000000,691.9423044896437
15076,4,0,0,0,0,0.14209206,0.0,0.0,Received Third Cut,CHISHOLM DITCH,MICHIGAN AVE, , ,NPJACKSON,1740667602000,,,ABENEFIELD,1765561281000,NORTH,DITCH,1742256000000,1750896000000,1758758400000,,N01,,,,750.2460847701105
15077,,,,,,0.03524776,,,Received Third Cut,CHILDRENS ZOO DITCH,HOUSER ST,,,NPJACKSON,1740667602000,,,ABENEFIELD,1765561928000,NORTH,DITCH,1743033600000,1753747200000,1759190400000,,N16,,,,186.10816962696023
15078,,,,,,0.28859122,,,Received Third Cut,THREE MILE BRANCH,W ROSEMARY RD,,,NPJACKSON,1740667602000,,,ABENEFIELD,1766423845000,NORTH,DITCH,1751932800000,1753747200000,1762646400000,,N27,,,,1523.761621597991
15079,0,0,0,0,0,0.09444558,0.0,0.0,Received Third Cut,BEAUVIOR GARDENS,GREENSBORO DR, , ,NPJACKSON,1740667602000,,,ABENEFIELD,1756416707000,WEST,DITCH,1745452800000,1748390400000,1751932800000,,W53,1712102400000,1722816000000,1726531200000,498.6726741383479
15080,0,0,0,0,0,0.05036747,0.0,0.0,Received Third Cut,BEAUVIOR GARDENS,JEFFREY DR, , ,NPJACKSON,1740667602000,,,ABENEFIELD,1756416707000,WEST,DITCH,1745798400000,1748908800000,1752019200000,,W59,1712102400000,1722816000000,1726617600000,265.94023126067736
15081,2,0,0,0,0,0.22076954,0.0,0.0,Received Third Cut,CLOVERLAND DITCH,ESMOND DITCH,SOUTH,CLOVERLAND DITCH,NPJACKSON,1740667602000,,,ABENEFIELD,1756416707000,WEST,DITCH,1743638400000,1751846400000,1753660800000,,W34,1710892800000,1717977600000,1721606400000,1165.663190558968
15082,0,0,0,0,0,0.0,0.0,0.0,Received First Cut,WHITES SLOUGH,VAUGHN LAKES BLVD,SOUTH,CATOMA CREEK,NPJACKSON,1740667602000,,,NPJACKSON,1752263333000,TRACTOR,TRACTOR,1743465600000,,,,T13,1713139200000,1720396800000,1724630400000,3205.8417860637765
15083,0,0,0,0,0,0.0,0.0,0.0,Received Third Cut,WHITES SLOUGH,SUSAN DR, , ,NPJACKSON,1740667602000,,,ABENEFIELD,1765572397000,SOUTH,DITCH,1749772800000,1754265600000,1758499200000,,S44,1710115200000,1721779200000,1724889600000,2773.851260658567
15084,0,0,0,0,0,0.0,0.0,0.0,Received Second Cut,OLIVER CREEK,AUM,NORTH,MONTGOMERY EAST DITCH,NPJACKSON,1740667602000,,,NPJACKSON,1752263333000,<Null>,TRACTOR,1743552000000,1746662400000,,,T01,,,,2133.846578093605
15085,0,0,0,0,0,0.08596554,0.0,0.0,Received Second Cut,CANEY BRANCH,SUNNYBROOK DR, , ,NPJACKSON,1740667602000,,,ABENEFIELD,1756416629000,WEST,DITCH,1745452800000,1755561600000,,,W61,1712620800000,1715212800000,1719187200000,453.8980674370163
15086,,,,,,0.10322996,,,Received Third Cut,GENETTA DITCH,WABASH DR,SOUTH,GENETTA DITCH,NPJACKSON,1740667602000,,,ABENEFIELD,1756416707000,WEST,DITCH,1742947200000,1750723200000,1754438400000,,W28,1721260800000,,,301.817178611995
15087,,,,,,0.23610541,,,Received Third Cut,OLIVER CREEK,ARROWHEAD FOREST CT,SOUTH,,NPJACKSON,1740667602000,AGB,1556150400000,ABENEFIELD,1765551090000,EAST,DITCH,1745884800000,1753920000000,1758499200000,,E45,1711497600000,,,1246.6365663805004
15088,,,,,,0.11897234,,,Received Third Cut,JENKINS CREEK,WINFIELD PL,,,NPJACKSON,1740667602000,AGB,1557446400000,ABENEFIELD,1765552531000,EAST,DITCH,1747008000000,1754870400000,1759104000000,,E59,1712102400000,1723680000000,1730764800000,628.173932778064
15089,,,,,,,,,Received Third Cut,BEAUVIOR GARDENS,251 W FLEMING RD,,,NPJACKSON,1740667602000,AGB,1559692800000,ABENEFIELD,1756416707000,WEST,DITCH,1745193600000,1751328000000,1755734400000,,W68,1711324800000,1714953600000,1718582400000,378.1460412463598
15090,,,,,,,,,Received Third Cut,CAMP CREEK,WOLKE CT,,,NPJACKSON,1740667602000,AGB,1559865600000,ABENEFIELD,1766418543000,EAST,DITCH,1748476800000,1755734400000,1759276800000,,E70,1719360000000,1720396800000,1724630400000,594.6531768763208
15091,0,0,0,0,0,0.79633012,0.0,0.0,Received Second Cut,WARES FERRY DITCH,LAGOON PARK,NORTH,SWAMP_ALA RIVER,NPJACKSON,1740667602000,,,ABENEFIELD,1765568882000,TRACTOR,TRACTOR,1745971200000,1754870400000,,,T08,,,,1052.965866186857
15092,1,0,0,0,0,1.58428899,0.0,0.0,Received First Cut,MONTGOMERY EAST DITCH,LOWER PINEBROOK DITCH,NORTH,TALLAPOOSA RIVER,NPJACKSON,1740667602000,,,NPJACKSON,1752263333000,TRACTOR,TRACTOR,1746748800000,,,,T09,,,,1983.5946947370028
15093,1,0,0,0,0,0.96970811,0.0,0.0,Received Third Cut,WARES FERRY DITCH,E VANDERBILT LP/ACA, ,WARES FERRY DITCH,NPJACKSON,1740667602000,,,ABENEFIELD,1765401286000,NORTH,DITCH,1746748800000,1755648000000,1758844800000,,C19,1712707200000,1716336000000,,1058.213731876718
15094,0,0,0,0,0,0.39406176,0.0,0.0,Received Third Cut,THREE MILE BRANCH,BRADLEY DR, , ,NPJACKSON,1740667602000,,,ABENEFIELD,1765401764000,EAST,DITCH,1742169600000,1749686400000,1756771200000,,E01,1708992000000,1713916800000,1725321600000,870.5924572260685
15095,1,0,0,0,0,1.5099569,0.0,0.0,Received Third Cut,WARES FERRY DITCH,RAY DR/THOUSAND OAKS, ,WARES FERRY DITCH,NPJACKSON,1740667602000,,,ABENEFIELD,1766424786000,NORTH,DITCH,1750204800000,1755129600000,1761004800000,,N50,,,,2072.77257640869
15096,,0,,,,,,,Received Third Cut,THREE MILE BRANCH,LOCH HAVEN RD,,,NPJACKSON,1740667602000,,,ABENEFIELD,1765402145000,EAST,DITCH,1742256000000,1749686400000,1756944000000,,E09,1721088000000,1725408000000,,317.9281526944141
15097,,,,,,,,,Received Third Cut,THREE MILE BRANCH,MARQUETTE DR,,,NPJACKSON,1740667602000,,,ABENEFIELD,1765402427000,EAST,DITCH,1742342400000,1750204800000,1757289600000,,E13,1714608000000,1721260800000,1725494400000,687.7228166539625
15098,,,,,,,,,Received Third Cut,OLIVER CREEK,UPPER OLIVER CREEK,,,NPJACKSON,1740667602000,,,ABENEFIELD,1765552303000,EAST,DITCH,1746662400000,1754524800000,1758672000000,,E54,1711929600000,1718064000000,1723420800000,643.9294827017227
15099,,,,,,,,,Received Third Cut,CAMP CREEK,BOYKIN PL,,,NPJACKSON,1740667602000,,,ABENEFIELD,1765559118000,EAST,DITCH,1747267200000,1755561600000,1759190400000,,E72,1713139200000,1723593600000,1731888000000,151.13674213985163
15100,,,,,,,,,Received Third Cut,WHITES SLOUGH,DUNWOODY CT,,,NPJACKSON,1740667602000,,,ABENEFIELD,1766418661000,EAST,DITCH,1748908800000,1755734400000,1759708800000,,E74,1713312000000,1720483200000,1724803200000,622.7893139276514
15101,,,,,,,,,Received Third Cut,THREE MILE BRANCH,ARDEN RD,,,NPJACKSON,1740667602000,,,ABENEFIELD,1765561561000,NORTH,DITCH,1742947200000,1752710400000,1758844800000,,N06,,,,592.7537108248349
15102,,,,,,,,,Received Second Cut,BALDWIN SLOUGH,BALDWIN SLOUGH,SOUTH,CATOMA CREEK,NPJACKSON,1740667602000,,,ABENEFIELD,1756407118000,CENTRAL,DITCH,1745280000000,1753920000000,,,C17,1711497600000,1714089600000,,3554.0901619986757
15103,,,,,,,,,Received Third Cut,BEAUVIOR GARDENS,E LINDA LN,,,NPJACKSON,1740667602000,,,ABENEFIELD,1756416707000,WEST,DITCH,1745452800000,1748908800000,1751932800000,,W71,1711584000000,1722470400000,,887.2285751671949
15104,,,,,,,,,Received Third Cut,CANEY BRANCH,GUILFORD RD,,,NPJACKSON,1740667602000,,,ABENEFIELD,1756416707000,WEST,DITCH,1745971200000,1749081600000,1752451200000,,W66,1712534400000,1719187200000,,736.6405870833331
15105,,,,,,,,,Received Third Cut,BALDWIN SLOUGH,BALDWIN SLOUGH,,,NPJACKSON,1740667602000,,,ABENEFIELD,1756416707000,TRACTOR,TRACTOR,1744761600000,1747180800000,1753833600000,,T02,1711497600000,1714089600000,,5898.964580915417
15106,,,,,,,,,Received Third Cut,CLOVERLAND DITCH,CLOVERLAND DITCH,,,NPJACKSON,1740667602000,,,ABENEFIELD,1756416707000,WEST,DITCH,1744848000000,1750896000000,1755043200000,,W44,1711324800000,1718236800000,1721692800000,1065.1179067643143
15107,,,,,,,,,Received Third Cut,GENETTA DITCH,FAIRVIEW OVERPASS,,,NPJACKSON,1740667602000,,,ABENEFIELD,1756416707000,WEST,DITCH,1748822400000,1751500800000,1754870400000,,W37,1710201600000,1712102400000,1720656000000,550.639811516594
15108,,,,,,,,,Received Third Cut,WHITES SLOUGH,WHISPERING PINE,,,NPJACKSON,1740667602000,,,ABENEFIELD,1765572284000,SOUTH,DITCH,1744761600000,1748995200000,1753833600000,,S42,1710115200000,1713225600000,1724889600000,825.4065187257067
15109,,,,,,,,,Received Third Cut,WHITES SLOUGH,PEABODY RD,,,NPJACKSON,1740667602000,,,ABENEFIELD,1765572304000,SOUTH,DITCH,1744156800000,1748995200000,1754265600000,,S43,1710201600000,1713225600000,1721779200000,1751.762238955332
15110,,,,,,,,,Received Third Cut,CANEY BRANCH,4128 PIEDMONT DR,,,NPJACKSON,1740667602000,,,ABENEFIELD,1756416707000,WEST,DITCH,1745971200000,1752451200000,1756252800000,,W70,1712534400000,,,190.1129608946818
15111,0,0,0,0,0,0.0,0.0,0.0,Received Second Cut,GENETTA DITCH,GENETTA DITCH,SOUTH,CATOMA CREEK,NPJACKSON,1740667602000,,,NPJACKSON,1752263333000,TRACTOR,TRACTOR,1744243200000,1747612800000,,,T05,,,,1816.360240523163
15112,,,,,,,,,Received Third Cut,WEST END DITCH,COUNCIL ST,,,NPJACKSON,1740667602000,,,ABENEFIELD,1756416707000,WEST,DITCH,1742428800000,1750118400000,1753228800000,,W74,1709683200000,1713312000000,1721001600000,137.55509417169978
15113,,,,,,,,,Received Third Cut,CLOVERLAND DITCH,OAK ST AT GASTON AVE,,,NPJACKSON,1740667602000,,,ABENEFIELD,1756416707000,WEST,DITCH,1743465600000,1750896000000,1753660800000,,W40,1709683200000,1725840000000,,1147.2145359242597
15114,,,,,,,,,Received Third Cut,THREE MILE BRANCH,OWENS ST,,,NPJACKSON,1740667602000,,,ABENEFIELD,1765402008000,EAST,DITCH,1742256000000,1750032000000,1756771200000,,E06,1708992000000,1714003200000,1725321600000,309.36556320669047
15115,,,,,,,,,Received Third Cut,GENETTA DITCH,S JACKSON ST,,,NPJACKSON,1740667602000,,,ABENEFIELD,1765570974000,SOUTH,DITCH,1742256000000,1747180800000,1751846400000,,S02,1711929600000,1720396800000,1724025600000,633.3095052460498
15116,,,,,,,,,Received Third Cut,CAMP CREEK,OLD POST LN,,,NPJACKSON,1740667602000,,,ABENEFIELD,1753202865000,SOUTH,DITCH,1743465600000,1748995200000,1752710400000,,S38,1712793600000,1716422400000,1721606400000,962.340777429245
15117,,,,,,,,,Received Third Cut,CAMP CREEK,BREWBAKER BLVD,,,NPJACKSON,1740667602000,,,ABENEFIELD,1765572203000,SOUTH,DITCH,1745452800000,1754352000000,1758153600000,,S39,1709769600000,1713225600000,1716422400000,2830.7285491808175
15118,,,,,,,,,Received Second Cut,PINEVIEW HOMES DITCH,WARBLER ST,,,NPJACKSON,1740667602000,,,ABENEFIELD,1756416663000,WEST,DITCH,1744675200000,1753920000000,,,W75,1708992000000,1712707200000,1715817600000,340.6369550971195
15119,,,,,,,,,Received Third Cut,CANEY BRANCH,103 SPAULDING,,,NPJACKSON,1740667602000,,,ABENEFIELD,1756416707000,WEST,DITCH,1745971200000,1749081600000,1752451200000,,W73,1712534400000,1719187200000,1722902400000,175.63368785782694
15120,,,,,,,,,Received Third Cut,PINEVIEW HOMES DITCH,HAYNEVILLE RD,,,NPJACKSON,1740667602000,,,ABENEFIELD,1756416707000,WEST,DITCH,1743033600000,1750118400000,1753228800000,,W67,1709769600000,1712188800000,1727308800000,1358.9531220730917
15121,,,,,,,,,Received Third Cut,CATOMA CREEK,DONNA DR,,,NPJACKSON,1740667602000,,,ABENEFIELD,1756416707000,WEST,DITCH,1742169600000,1750032000000,1753142400000,,W38,1712707200000,1715731200000,1720483200000,1289.8447311692278
15122,,,,,,,,,Received Third Cut,WEST END DITCH,THOMASON AVE,,,NPJACKSON,1740667602000,,,ABENEFIELD,1756416707000,WEST,DITCH,1742342400000,1746662400000,1754611200000,,W09,1709683200000,1713225600000,1720483200000,290.9371362956518
15123,,0,,,,,,,Received Third Cut,WEST END DITCH,SANDY ST,,,NPJACKSON,1740667602000,,,ABENEFIELD,1756416707000,WEST,DITCH,1742256000000,1749600000000,1753142400000,,W16,1713312000000,1720656000000,,376.7674078044495
15124,,,,,,,,,Received Third Cut,GENETTA DITCH,RIDGEMONT AVE,,,NPJACKSON,1740667602000,,,ABENEFIELD,1756416707000,WEST,DITCH,1742947200000,1750723200000,1754438400000,,W27,1717545600000,1725494400000,,238.4250117110145
15125,,,,,,0.10322996,,,Received Third Cut,GENETTA DITCH,SUWANEE DR,SOUTH,GENETTA DITCH,NPJACKSON,1740667602000,,,ABENEFIELD,1756416707000,WEST,DITCH,1742947200000,1750723200000,1754352000000,,W24,1710201600000,1721174400000,1725321600000,243.23701067924654
15126,,,,,,,,,Received Third Cut,WEST END DITCH,GIBBS CIR,,,NPJACKSON,1740667602000,,,ABENEFIELD,1756416707000,WEST,DITCH,1742342400000,1749600000000,1753142400000,,W39,1709683200000,1713312000000,1721001600000,638.9997075152975
15127,,,,,,,,,Received Third Cut,WEST END DITCH,WASHINGTON PARK TUNNEL,,,NPJACKSON,1740667602000,,,ABENEFIELD,1756416707000,WEST,DITCH,1742428800000,1747008000000,1753833600000,,W72,1713398400000,1721001600000,,88.38302764484278
15128,,,,,,,,,Received Third Cut,CANEY BRANCH,4103 SPAULDING,,,NPJACKSON,1740667602000,,,ABENEFIELD,1756416707000,WEST,DITCH,1745971200000,1749081600000,1752537600000,,W73,1712534400000,1719187200000,1722902400000,65.87059189469404
15129,4,0,0,0,0,0.3596172,0.0,0.0,Received Third Cut,MONTGOMERY EAST DITCH,FIELDBROOK DR, , ,NPJACKSON,1740667602000,,,ABENEFIELD,1766425071000,NORTH,DITCH,1747785600000,1756252800000,1761609600000,,N65,,,,302.25130660281803
15130,0,0,0,0,0,0.18889261,0.0,0.0,Received Third Cut,THREE MILE BRANCH,COTTONWOOD DR, , ,NPJACKSON,1740667602000,,,ABENEFIELD,1765404031000,EAST,DITCH,1743465600000,1752796800000,1757289600000,,E21,1709596800000,1715212800000,1721260800000,262.97179150543326
15132,0,0,0,0,0,0.94599329,0.0,0.0,Received Third Cut,OLIVER CREEK,MARKET PL, , ,ABENEFIELD,1746201757000,,,ABENEFIELD,1765405417000,EAST,DITCH,1744675200000,1752710400000,1757462400000,,E39,1710288000000,,,2392.677149231413
15136,,,,,,,,,Received First Cut,,GOODWYN,,,ABENEFIELD,1750705261000,,,NPJACKSON,1752263333000,CENTRAL,DITCH,1750118400000,,,,C21,,,,299.2431470744526
