OBJECTID,Fiscal_Year,Month,Date_of_Payment,Coins,Checks,Cash,Explaination_of_Checks___Cash,Total_Amount_Deposited
1,2025,01-OCT,2024/10/02 00:00:00+00,,220,,Paragon Services Reserved Meters,220
2,2025,01-OCT,2024/10/07 00:00:00+00,,100,,Renaissance Reserved Meters,100
3,2025,01-OCT,2024/10/08 00:00:00+00,,960,,Charlies Trophies On Street Parking FY 25,960
4,2025,01-OCT,2024/10/10 00:00:00+00,,360,,Davis Theatre ,360
5,2025,01-OCT,2024/10/15 00:00:00+00,,200,,Dad's Enterprises Reserved Meters (Sept),200
6,2025,01-OCT,2024/10/15 00:00:00+00,,5760,,Miller Rentals On Street Reserved Parking FY 25,5760
7,2025,01-OCT,2024/10/15 00:00:00+00,,700,,Marshall Design Construction Reserved Parking,700
8,2025,01-OCT,2024/10/22 00:00:00+00,,120,,Renaissance Reserved Meters,120
9,2025,01-OCT,2024/10/25 00:00:00+00,,220,,Medical Place Reserved Meters(August),220
10,2025,01-OCT,2024/10/25 00:00:00+00,,220,,Medical Place Reserved Meters(Sept),220
11,2025,01-OCT,2024/10/22 00:00:00+00,,3840,,WSFA On Street Reserved Parking FY 25,3840
12,2025,01-OCT,2024/10/22 00:00:00+00,,6720,,RSA On Street Reserved Parking FY 25,6720
13,2025,01-OCT,2024/10/25 00:00:00+00,"$4,581.30",,,Coins,4581.3
14,2025,01-OCT,2024/10/28 00:00:00+00,,600,,Danny Clements Reserved Meters (Sept),600
15,2025,01-OCT,2024/10/28 00:00:00+00,,705,,RF Pruett Construction Reserved Meters (Oct),705
16,2025,02-NOV,2024/11/01 00:00:00+00,,660,,Danny Clements Reserved Meters (August),660
17,2025,02-NOV,2024/11/04 00:00:00+00,,460,,Embassy Suites Reserved Parking Meters,460
18,2025,02-NOV,2024/11/04 00:00:00+00,,480,,Dexter Ave Development On Street Parking FY 25,480
19,2025,02-NOV,2024/11/12 00:00:00+00,,3840,,Aldridge Borden On Street Parking,3840
20,2025,02-NOV,2024/11/13 00:00:00+00,,15852.42,,ParkMobile(October),15852.42
21,2025,02-NOV,2024/11/13 00:00:00+00,,100,,Renaissance Reserved Meters,100
22,2025,02-NOV,2024/11/13 00:00:00+00,,560,,Embassy Suites Reserved Parking Meters,560
23,2025,02-NOV,2024/11/15 00:00:00+00,,200,,Paragon Services Reserved Meters (Nov),200
24,2025,02-NOV,2024/11/15 00:00:00+00,"$3,914.52",,,Coins,3914.52
25,2025,02-NOV,2024/11/18 00:00:00+00,,220,,Dads Enterprises Reserved Meters (Oct),220
26,2025,02-NOV,2024/11/18 00:00:00+00,,1000,,Raybren Contractors Reserved Meters (Oct),1000
27,2025,02-NOV,2024/11/21 00:00:00+00,,180,,C.W.Smith Decorating Reserved Meters,180
28,2025,02-NOV,2024/11/21 00:00:00+00,,220,,Medical Plaza Reserved Meters (Oct),220
29,2025,03-DEC,2024/12/17 00:00:00+00,,13926.07,,ParkMobile(November),13926.07
30,2025,03-DEC,2024/12/11 00:00:00+00,"$3,426.03",,,Coins,3426.03
31,2025,03-DEC,2024/12/18 00:00:00+00,,500,,Raybren Contractors Reserved Meters (Nov),500
32,2025,03-DEC,2024/12/18 00:00:00+00,,100,,DoubleTree Reserved Meters,100
33,2025,03-DEC,2024/12/18 00:00:00+00,,340,,Renaissance Reserved Meters,340
34,2025,03-DEC,2024/12/18 00:00:00+00,,180,,Davis Theatre ,180
35,2025,03-DEC,2024/12/18 00:00:00+00,,770,,Marshall Design Construction Reserved Parking,770
36,2025,04-JAN,2025/01/02 00:00:00+00,,400,,Renaissance Reserved Meters,400
37,2025,04-JAN,2025/01/07 00:00:00+00,,225,,Peraton Meter Hoods,225
38,2025,04-JAN,2025/01/07 00:00:00+00,,225,,Comfort Systems Meter Hoods,225
39,2025,04-JAN,2025/01/07 00:00:00+00,,450,,Copy Products Company Meter Hoods,450
40,2025,04-JAN,2025/01/08 00:00:00+00,,750,,Dixie Acoustical Meter Hoods,750
41,2025,04-JAN,2025/01/08 00:00:00+00,,2250,,Dixie Electric Meter Hoods,2250
42,2025,04-JAN,2025/01/08 00:00:00+00,,600,,Diversified Elevator Meter Hoods,600
43,2025,04-JAN,2025/01/08 00:00:00+00,,75,,Canon Meter Hood,75
44,2025,04-JAN,2025/01/10 00:00:00+00,,390,,Dad's Enterprises Reserved Meters (Nov and Dec),390
45,2025,04-JAN,2025/01/13 00:00:00+00,,13685.12,,ParkMobile(December),13685.12
46,2025,04-JAN,2025/01/13 00:00:00+00,,390,,Medical Plaza Reserved Meters (Nov and Dec),390
47,2025,04-JAN,2025/01/13 00:00:00+00,,1435,,Marshall Design Construction Reserved Parking,1435
48,2025,04-JAN,2025/01/13 00:00:00+00,,225,,LEK Technoloogy Meter Hood,225
49,2025,04-JAN,2025/01/14 00:00:00+00,,210,,Paragon Services Reserved Meters (Dec),210
50,2025,04-JAN,2025/01/14 00:00:00+00,,75,,Netelysis Meter Hood,75
51,2025,04-JAN,2025/01/15 00:00:00+00,,450,,Edwards Contractors Meter Hoods,450
52,2025,04-JAN,2025/01/15 00:00:00+00,,1025,,Rabren Contractors Reserved Meters,1025
53,2025,04-JAN,2025/01/15 00:00:00+00,,75,,Canon Meter Hood,75
54,2025,04-JAN,2025/01/16 00:00:00+00,,975,,Alabama Power Meter Hoods,975
55,2025,04-JAN,2025/01/16 00:00:00+00,,225,,Bradley Plumbing &Heating Meter Hoods,225
56,2025,04-JAN,2025/01/17 00:00:00+00,,525,,ABS Business Systems Meter Hoods,525
57,2025,04-JAN,2025/01/24 00:00:00+00,"$4,911.50",,,Coins,4911.5
58,2025,04-JAN,2025/01/23 00:00:00+00,,75,,Canon Meter Hood,75
59,2025,04-JAN,2025/01/28 00:00:00+00,,75,,Canon Meter Hood,75
60,2025,05-FEB,2025/02/05 00:00:00+00,,180,,Davis Theatre ,180
61,2025,05-FEB,2025/02/05 00:00:00+00,,425,,Alabama Commercial Construction Reserved Mtrs,425
62,2025,05-FEB,2025/02/06 00:00:00+00,"$4,501.62",,,Coins,4501.62
63,2025,05-FEB,2025/02/06 00:00:00+00,,1440,,Square Foot Consulting On Street Parking,1440
64,2025,05-FEB,2025/02/06 00:00:00+00,,75,,Alabama Grocers Association,75
65,2025,05-FEB,2025/02/07 00:00:00+00,,200,,Dad's Enterprises Reserved Meters (Jan),200
66,2025,05-FEB,2025/02/11 00:00:00+00,,14544,,ParkMobile (January),14544
67,2025,05-FEB,2025/02/25 00:00:00+00,,580,,"Renaissance Reserved Meters
",580
68,2025,05-FEB,2025/02/25 00:00:00+00,,960,,ASU On Street Parking FY 25,960
69,2025,05-FEB,2025/02/25 00:00:00+00,,1920,,PNC On Street Parking FY 25,1920
70,2025,05-FEB,2025/02/26 00:00:00+00,"$4,320.22 ",,,Coins,4320.22
71,2025,06-MAR,2025/03/03 00:00:00+00,,75,,Alabama Mountain Lakes Reserved Meters,75
72,2025,06-MAR,2025/03/03 00:00:00+00,,700,,Renaissance Reserved Meters,700
73,2025,06-MAR,2025/03/06 00:00:00+00,,960,,The Jones Group On Street Parking,960
74,2025,06-MAR,2025/03/10 00:00:00+00,,500,,Rabren Contractors Reserved Meters (Feb),500
75,2025,06-MAR,2025/03/11 00:00:00+00,,17600.26,,ParkMobile (Feb),17600.26
76,2025,06-MAR,2025/03/11 00:00:00+00,,720,,Davis Theatre ,720
77,2025,06-MAR,2025/03/11 00:00:00+00,,540,,Davis Theatre,540
78,2025,06-MAR,2025/03/11 00:00:00+00,,50,,Central Alabama Metal and Roofing Reserved ,50
79,2025,06-MAR,2025/03/14 00:00:00+00,"$3,510.53",0,,Coins,3510.53
80,2025,06-MAR,2025/03/17 00:00:00+00,,500,,Renaissance Reserved Meters,500
81,2025,06-MAR,2025/03/21 00:00:00+00,,525,,Rabren Contractors Reserved Meters (March),525
82,2025,06-MAR,2025/03/27 00:00:00+00,,200,,Renaissance Reserved Meters,200
83,2025,06-MAR,2025/03/27 00:00:00+00,,360,,Davis Theatre,360
84,2025,06-MAR,2025/03/27 00:00:00+00,,1920,,One Dexter Place On Street Parking,1920
85,2025,06-MAR,2025/03/27 00:00:00+00,,180,,Trilogy Hotel Bus Parking,180
86,2025,06-MAR,2025/03/27 00:00:00+00,"$3,427.91

",0,,Coins,3427.91
87,2025,06-MAR,2025/03/31 00:00:00+00,,240,,Embassy Suites Reserved Parking Meters,240
88,2025,06-MAR,2025/03/31 00:00:00+00,,100,,Embassy Suites Reserved Parking Meters,100
89,2025,07-APR,2025/04/01 00:00:00+00,,40,,Alabama Pharmacy Association Reserved MTRS,40
90,2025,07-APR,2025/04/08 00:00:00+00,,945,,R.F. Construction Reserved Meters,945
91,2025,07-APR,2025/04/08 00:00:00+00,,50,,Liberty Construction Reserved Meters,50
92,2025,07-APR,2025/04/08 00:00:00+00,,620,,DoubleTree Reserved Meters,620
93,2025,07-APR,2025/04/08 00:00:00+00,,18078.62,,ParkMobile (March),18078.62
94,2025,07-APR,2025/04/11 00:00:00+00,2759.18,0,,Coins,2759.18
95,2025,07-APR,2025/04/21 00:00:00+00,,400,,"Dads Enterprises Reserved Meters (Feb, March)",400
96,2025,07-APR,2025/04/21 00:00:00+00,,260,,Davis Theatre ,260
97,2025,07-APR,2025/04/21 00:00:00+00,,280,,Renaissance Reserved Meters,280
98,2025,07-APR,2025/04/24 00:00:00+00,,75,,Reserved Parking Bainbridge,75
99,2025,07-APR,2025/04/24 00:00:00+00,,75,,Homeschool Reserved Parking meters,75
100,2025,07-APR,2025/04/25 00:00:00+00,3938.27,0,,Coins,3938.27
101,2025,07-APR,2025/04/30 00:00:00+00,,115,,AEA Reserved Meters,115
102,2025,08-MAY,2025/05/06 00:00:00+00,,120,,Renaissance Reserved Meters,120
103,2025,08-MAY,2025/05/08 00:00:00+00,,19305.97,,ParkMobile(April),19305.97
104,2025,08-MAY,2025/05/09 00:00:00+00,2808.7,0,,Coins,2808.7
105,2025,08-MAY,2025/05/12 00:00:00+00,,220,,Dads Enterprises Reserved Meters(April),220
106,2025,08-MAY,2025/05/12 00:00:00+00,,80,,DoubleTree Reserved Meters,80
107,2025,08-MAY,2025/05/15 00:00:00+00,,240,,Davis Theatre ,240
108,2025,08-MAY,2025/05/19 00:00:00+00,,90,,AEA Reserved Meters,90
109,2025,08-MAY,2025/05/21 00:00:00+00,3147.91,0,,Coins,3147.91
110,2025,09-JUN,2025/06/02 00:00:00+00,,700,,Renaissance Reserved Meters,700
111,2025,09-JUN,2025/06/04 00:00:00+00,,260,,Embassy Suites Reserved Parking Meters,260
112,2025,09-JUN,2025/06/09 00:00:00+00,,17658.6,,ParkMobile (May),17658.6
113,2025,09-JUN,2025/06/11 00:00:00+00,,640,,Renaissance Reserved Meters,640
114,2025,09-JUN,2025/06/13 00:00:00+00,,210,,Dads Enterprises Reserved Meters (May),210
115,2025,09-JUN,2025/06/13 00:00:00+00,3555.1,,,Coins,3555.1
116,2025,09-JUN,2025/06/17 00:00:00+00,,70,,DoubleTree Reserved Meters,70
117,2025,09-JUN,2025/06/23 00:00:00+00,,115,,AEA Reserved Meters,115
118,2025,09-JUN,2025/06/30 00:00:00+00,,580,,Renaissance Reserved Meters,580
119,2025,09-JUN,2025/06/30 00:00:00+00,3876.31,,,Coins,3876.31
120,2025,10-JUL,2025/07/07 00:00:00+00,,16996.44,,ParkMobile (June),16996.44
121,2025,10-JUL,2025/07/16 00:00:00+00,,200,,Dads Enterprises Reserved Meters (June),200
122,2025,10-JUL,2025/07/31 00:00:00+00,4279.81,,,Coins,4279.81
123,2025,10-JUL,2025/07/31 00:00:00+00,,680,,I Am Roofing Reserved Meters,680
124,2025,10-JUL,2025/07/31 00:00:00+00,,80,,DoubleTree Reserved Meters,80
