OBJECTID,Count_,Date_Inspection,Date_Utilities,Type_Inspection,Inspection_Observation,FollowUp_Actions,Report_Type,Location,Type_Damaged,Comments,GlobalID,created_user,created_date,last_edited_user,last_edited_date,TrackingNo
1,,2018-03-27,,,BROKEN POLE; TRANSFERS NEEDED,,DAMAGED,HIGHLAND AVE ACROSS FROM HAIR STUDIO,BROKEN POLE; TRANSFERS NEEDED,5 ATTACHMENTS,{9B81BCCC-FF16-4088-A5A3-41EA42B12DDC},,,SDE,1752071691000,225
2,,2018-04-02,,,POLE REMOVAL NEEDED; TRANSFERS NEEDED,,LEANING,US-331 SOUTH OF HYUNDAI BLVD,POLE REMOVAL NEEDED; TRANSFERS NEEDED,2 ATTACHMENTS,{581F851C-46BD-4890-B5DB-8EF54484623B},,,SDE,1752071691000,228
3,,2018-04-02,,,BROKEN POLE REMOVAL NEEDED,,DAMAGED,CARTER HILL RD AT CARR CENTER,BROKEN POLE REMOVAL NEEDED,NO ATTACHMENTS,{74E12ADA-3129-4B67-B942-546F75CA8B7D},,,SDE,1752071691000,226
4,,2018-04-02,,,POLE TOP HANGING; TRANSFERS NEEDED,,DAMAGED,4347 NORMAN BRIDGE RD ACROSS FROM BURGESS CENTER,POLE TOP HANGING; TRANSFERS NEEDED,3 ATTACHMENTS,{0DD89A1C-48CD-44A2-B079-957D0F4D9838},,,SDE,1752071691000,229
5,,2018-04-09,,,POLE REMOVAL NEEDED; TRANSFERS NEEDED,,LEANING,CORNER OF COLUMBUS AND UNION ST,POLE REMOVAL NEEDED; TRANSFERS NEEDED,7 ATTACHMENTS,{07034798-DAFB-4C6A-9776-2D232C96B461},,,SDE,1752071691000,232
6,,2018-04-09,2018-04-09,,LOW HANGING WIRES,,LOW HANGING WIRES,ALONG BREWER ROAD NEAR PIEDMONT DRIVE,LOW HANGING WIRES,CHARTER AND WOW ATTACHED; NOTIFIED 4/30/18,{A0706F73-35F0-47C2-AAAA-A47C85B862A4},,,SDE,1752071691000,0
7,,2018-04-09,2018-04-09,,LOW HANGING WIRES,,LOW HANGING WIRES,THORNWOOD DR NEAR INTERSECTION SUNNYBROOK,LOW HANGING WIRES,CHARTER AND WOW ATTACHED; NOTIFIED 4/30/18,{645C8804-6DF6-476E-B5C7-6A4D20FF7097},,,SDE,1752071691000,0
8,,2018-04-09,2018-04-09,,POLE REMOVAL NEEDED; TRANSFERS NEEDED,,REMOVAL NEEDED,MOBILE HWY NEAR WEST EDGEMONT AVE,POLE REMOVAL NEEDED; TRANSFERS NEEDED,APC INSTALLED NEW AT&T POLE; AT&T NEEDS TO TRANSFER AND REMOVE OLD POLE,{2ACA4F58-A4DB-49ED-8FDE-40E9ABE67CC4},,,SDE,1752071691000,0
9,,2018-04-09,2018-04-09,,POLE REMOVAL NEEDED; TRANSFERS NEEDED,,REMOVAL NEEDED,MOBILE HWY AT CAPITAL RECYCLING,POLE REMOVAL NEEDED; TRANSFERS NEEDED,"AT&T, CHARTER AND WOW ATTACHED; NOTIFIED 5/1/18",{D6A4B8AD-ECA0-49F8-938B-A6F302E370D8},,,SDE,1752071691000,0
10,,2018-04-11,2018-04-13,,BROKEN POLE; TRANSFERS NEEDED,,DAMAGED,CORNER OF HOWE AND N DECATUR ST,BROKEN POLE; TRANSFERS NEEDED,"AT&T ATTACHED TO POLE; NOTIFIED 9/23/17, 1/30/18, 11/16: CATV STILL ATTACHED",{959E35B6-8A77-4957-B056-E0345E1E58B9},,,SDE,1752071691000,0
11,,2018-04-11,2018-04-13,,POLE REMOVAL NEEDED,,REMOVAL NEEDED,562 CLISBY PARK,POLE REMOVAL NEEDED,AT&T POLE; APC NOT ATTACHED,{88C3B347-FC2C-4413-B2E5-2E6D91E32A11},,,SDE,1752071691000,0
12,,2018-03-27,,,2-BROKEN POLE; TRANSFERS NEEDED,,DAMAGED,1733 S PERRY ST,2-BROKEN POLE; TRANSFERS NEEDED,"WOW, SPECTRUM, AT&T ATTACHED TO STUB POLE; NOTIFIED 12/13/17 NJUNS 3354913",{1913295A-C8FC-4BFE-933A-64DD78FE7FFD},,,SDE,1752071691000,0
13,,2018-04-12,2018-04-13,,POLE REMOVAL NEEDED; TRANSFERS NEEDED,,REMOVAL NEEDED,1409 FRENCH ST,POLE REMOVAL NEEDED; TRANSFERS NEEDED,"AT&T ATTACHED TO POLE; NOTIFIED 5/1/18, 11/16: AT&T TRANSFERED; NEED TO CHECK PULL POLE",{979F8A21-235F-4CE8-A4FD-64ACB56F2410},,,SDE,1752071691000,0
14,,2018-04-16,2018-04-23,,BROKEN POLE; TRANSFERS NEEDED,,DAMAGED,2900 PLUM ST,BROKEN POLE; TRANSFERS NEEDED,"AT&T, CHARTER AND WOW ATTACHED; NOTIFIED 5/8/18, 11/16/18: CATV STILL ATTACHED",{28918C53-0328-4481-9726-247924F4312D},,,SDE,1752071691000,0
15,,2018-04-20,2018-04-23,,2-BROKEN POLE; TRANSFERS NEEDED,,DAMAGED,3059 BILTMORE AVE,2-BROKEN POLE; TRANSFERS NEEDED,"APC INSTALLED NEW AT&T POLE 4/14/18; NOTIFIED ALL JU, 11/16/18: CATV STILL ATTACHED",{50CE9CDE-F725-469C-975F-E19E5DB42F65},,,SDE,1752071691000,0
16,,2018-04-19,,,BROKEN POLE; TRANSFERS NEEDED,,DAMAGED,1901 S COURT ST,BROKEN POLE; TRANSFERS NEEDED,AT&T INSTALLED NEW POLE; APC TRASFERRED TO NEW POLE;  DAMAGED POLE STILL THERE 3-26-19,{5AD3E5E0-7CB7-4C13-835E-FADD3D46D770},,,SDE,1752071691000,0
17,,2018-04-20,2018-04-23,,POLE REMOVAL NEEDED; TRANSFERS NEEDED,,REMOVAL NEEDED,2316 MCCARTER AVE,POLE REMOVAL NEEDED; TRANSFERS NEEDED,AT&T ATTACHED TO POLE; NOTIFIED 5/8/18,{048B539C-A4AC-47BA-9CE8-C37A72B2BB63},,,SDE,1752071691000,0
18,,2018-04-20,2018-04-23,,POLE REMOVAL NEEDED; TRANSFERS NEEDED,,REMOVAL NEEDED,571 N FLORIDA ST,POLE REMOVAL NEEDED; TRANSFERS NEEDED,TRANSMISSION STUB POLE; NOTIFIED 4/24/18,{2421003B-48D1-4826-8AE0-30732A864BCB},,,SDE,1752071691000,0
19,,2018-04-20,2018-04-23,,POLE REMOVAL NEEDED; TRANSFERS NEEDED,,REMOVAL NEEDED,217  N CALIFORNIA ST,POLE REMOVAL NEEDED; TRANSFERS NEEDED,TRANSMISSION STUB POLE; NOTIFIED 4/24/18,{18DDF55D-F965-44F9-8CA5-F260A1EED688},,,SDE,1752071691000,0
20,,2018-05-07,2018-05-07,,POLE TOP HANGING; TRANSFERS NEEDED,,DAMAGED,WOODLEY RD ACROSS FROM WILDWOOD DR ENTRANCE,POLE TOP HANGING; TRANSFERS NEEDED,AT&T POLE; APC NOT ATTACHED,{5B8D536D-5B22-4128-AE5A-18DFC7070FAB},,,SDE,1752071691000,0
21,,2018-05-11,,,POLE TOP HANGING; TRANSFERS NEEDED,,DAMAGED,3295 ON US-231 IN FRONT OF THE GARDEN CENTER,POLE TOP HANGING; TRANSFERS NEEDED,"AT&T, CHARTER AND WOW ATTACHED; NOTIFIED 12/8/17, 11/16/18: CATV STILL ATTACHED",{DBE467C0-983B-4AD8-A31B-60F931E95557},,,SDE,1752071691000,0
22,,2018-05-17,2018-05-18,,BROKEN POLE; TRANSFERS NEEDED,,DAMAGED,AT BEGINNING OF S UNION ST,BROKEN POLE; TRANSFERS NEEDED,CATV ATTACHED; NOTIFIED 5/23/18,{32560CE1-6927-4E08-9A06-91256C3BF898},,,SDE,1752071691000,0
23,,2018-05-17,2018-05-18,,2-BROKEN POLE; TRANSFERS NEEDED,,DAMAGED,INTERSECTION OF BILTMORE AVE AND COLISEUM BLVD,2-BROKEN POLE; TRANSFERS NEEDED,AT&T POLE; APC NOT ATTACHED AND OTHER POLE HAS TRAFFIC SIGNALS; ALL JU ATTACHED; NOTIFIED 7/16/18,{1BF50E2F-CB3D-4C08-AC64-1BAB5A00284C},,,SDE,1752071691000,0
24,,2018-04-20,,,2-POLE REMOVAL; TRANSFERS NEEDED,,REMOVAL NEEDED,610 PERRY HILL RD,2-POLE REMOVAL; TRANSFERS NEEDED,AT&T POLE; APC NOT ATTACHED,{441726D6-7E34-44A3-ABEA-A0B0B80BD69B},,,SDE,1752071691000,0
25,,2018-05-15,2018-05-18,,BROKEN POLE; TRANSFERS NEEDED,,DAMAGED,285 HUNTER LOOP RD,BROKEN POLE; TRANSFERS NEEDED,"AT&T ATTACHED TO POLE; NOTIFIED 5/24/18, 11/16/18: CATV STILL ATTACHED",{6AEEB0FF-792E-42C7-8E05-247F4940ABFB},,,SDE,1752071691000,0
26,,2018-05-17,2018-05-18,,POLE REMOVAL NEEDED; TRANSFERS NEEDED,,REMOVAL NEEDED,3456 BILTMORE AVE,POLE REMOVAL NEEDED; TRANSFERS NEEDED,AT&T POLE; APC NOT ATTACHED,{F7ADE0A7-43BB-4B0F-8035-B855ADDA50FF},,,SDE,1752071691000,0
27,,2018-05-15,2018-05-18,,BROKEN POLE; TRANSFERS NEEDED,,DAMAGED,1630 HUNTER LOOP RD,BROKEN POLE; TRANSFERS NEEDED,"AT&T, CHARTER AND WOW ATTACHED; NOTIFIED 5/25/18",{56CF5E98-51A1-4A54-880C-505B3D45C2FF},,,SDE,1752071691000,0
28,,2018-05-17,2018-05-18,,POLE TOP HANGING; TRANSFERS NEEDED,,DAMAGED,4131 HICKORY DR,POLE TOP HANGING; TRANSFERS NEEDED,POLE TOP LAYING ON GROUND NEXT TO NEW POLE 8-29-19,{B294F7CF-C509-46DE-8843-4C2C580A69FB},,,SDE,1752071691000,0
29,,2018-05-17,2018-05-18,,POLE REMOVAL NEEDED; TRANSFERS NEEDED,,REMOVAL NEEDED,924 HILLMAN ST,POLE REMOVAL NEEDED; TRANSFERS NEEDED,AT&T POLE; APC NOT ATTACHED,{FBD3BACB-E050-4BB2-8159-7BA198147293},,,SDE,1752071691000,0
30,,2018-05-23,2018-05-25,,2-BROKEN POLE; TRANSFERS NEEDED,,DAMAGED,CORNER OF NORMAN BRIDGE RD AND E EDGEMONT AVE,2-BROKEN POLE; TRANSFERS NEEDED,"AT&T, CHARTER AND WOW ATTACHED; NOTIFIED 6/20/18, 11/16: AT&T COMPLETE; CATV, TRAFFIC SIGNAL STILL ATTACHED",{701CA2BF-9449-4620-A051-878B4120942D},,,SDE,1752071691000,0
31,,2018-05-17,2018-05-18,,POLE REMOVAL NEEDED; TRANSFERS NEEDED,,REMOVAL NEEDED,4020 CAMELLIA DR,POLE REMOVAL NEEDED; TRANSFERS NEEDED,CHARTER ATTACHED; NOTIFIED 5/25/18,{A7BDF79F-52C6-4BF9-A8CF-4FB8307C1E48},,,SDE,1752071691000,0
32,,2018-05-17,2018-05-18,,POLE REMOVAL NEEDED; TRANSFERS NEEDED,,REMOVAL NEEDED,1249 HIGH POINT RD,POLE REMOVAL NEEDED; TRANSFERS NEEDED,AT&T POLE; APC NOT ATTACHED,{1A62A503-228E-4633-A514-6139F07A0B83},,,SDE,1752071691000,0
33,,2018-05-23,2018-05-25,,BROKEN POLE; TRANSFERS NEEDED,,DAMAGED,CORNER OF NORMAN BRIDGE RD AND BUCKINGHAM DR,BROKEN POLE; TRANSFERS NEEDED,"AT&T MESSENGER WIRE AND 2 JU ANCHORS ATTACHED; NOTIFIED 8/25/17, 11/16/18: AT&T CPX",{E77C9460-58D9-4F2C-A982-961C2A06C92F},,,SDE,1752071691000,0
34,,2018-05-18,2018-05-18,,POLE REMOVAL NEEDED; TRANSFERS NEEDED,,REMOVAL NEEDED,1730 N COURT ST,POLE REMOVAL NEEDED; TRANSFERS NEEDED,AT&T ATTACHED TO POLE; NOTIFIED 5/23/18,{B24074E1-71DF-4CA8-B083-E5E71BC60F62},,,SDE,1752071691000,0
35,,2018-05-23,2018-05-25,,BROKEN POLE; TRANSFERS NEEDED,,DAMAGED,3356 NORMAN BRIDGE RD,BROKEN POLE; TRANSFERS NEEDED,"AT&T, CHARTER AND WOW ATTACHED; NOTIFIED 6/13/17",{89396443-2A62-49ED-8ED2-9E55A5626F4F},,,SDE,1752071691000,0
36,,2018-06-12,2018-06-12,,POLE TOP HANGING; TRANSFERS NEEDED,,DAMAGED,1926 MT MEIGS RD,POLE TOP HANGING; TRANSFERS NEEDED,"AT&T ATTACHED TO POLE; NOTIFIED 6/20/18, 11/16/18: CATV STILL ATTACHED",{1B41B77D-BE36-4AD6-9452-1232AFB470CC},,,SDE,1752071691000,0
37,,2018-06-29,2018-07-13,,POLE TOP HANGING; TRANSFERS NEEDED,,DAMAGED,CORNER OF MONTCLAIR DR AND BROADWAY ST,POLE TOP HANGING; TRANSFERS NEEDED,"AT&T ATTACHED TO POLE; NOTIFIED 7/18/18, 11/16/18: CATV STILL ATTACHED",{D4A6D5B8-1E6B-4FCC-9578-42A0928DD65B},,,SDE,1752071691000,0
38,,2018-06-18,2018-06-18,,BROKEN POLE; TRANSFERS NEEDED,,DAMAGED,4650 WARES FERRY RD,BROKEN POLE; TRANSFERS NEEDED,AT&T POLE; APC NOT ATTACHED,{27B1E2D6-D64A-4A8F-9D69-B92614F5F02F},,,SDE,1752071691000,0
39,,2018-07-06,2018-07-13,,BROKEN POLE; TRANSFERS NEEDED,,DAMAGED,6677 VAUGHN RD,BROKEN POLE; TRANSFERS NEEDED,CITY TRAFFIC CABLE REMOVED; AT&T AND OTHERS STILL ATTACHED,{AFED51C7-19CD-4961-8A9C-84AA29ED5EAF},,,SDE,1752071691000,0
40,,2018-07-06,2018-07-13,,POLE REMOVAL NEEDED; TRANSFERS NEEDED,,LEANING,CORNER OF LOWER WETUMPKA RD AND GIBSON ST,POLE REMOVAL NEEDED; TRANSFERS NEEDED,AT&T POLE; APC NOT ATTACHED,{C47CFB79-4AFF-420E-8580-A63C31D85953},,,SDE,1752071691000,0
41,,2018-07-05,2018-07-13,,BROKEN POLE; TRANSFERS NEEDED,,DAMAGED,1734 FOREST AVE,BROKEN POLE; TRANSFERS NEEDED,"AT&T, CHARTER AND WOW ATTACHED; NOTIFIED 11/9/17 and 5/21/18, 11/16/18: CATV STILL ATTACHED",{7A505D61-9101-4859-99F9-5CDF45ACEAD0},,,SDE,1752071691000,0
42,,2018-07-12,2018-07-13,,POLE TOP HANGING; TRANSFERS NEEDED,,DAMAGED,CORNER OF VAUGHN RD AND HILLWOOD DR,POLE TOP HANGING; TRANSFERS NEEDED,CITY TRAFFIC CABLE REMOVED; OTHER UTILITIES STILL ATTACHED,{09601859-DEA2-4D52-B4EF-FF295716A511},,,SDE,1752071691000,0
43,,2018-07-06,2018-07-13,,BROKEN POLE; TRANSFERS NEEDED,,DAMAGED,4516 BELL RD CORNER OF BREWBAKER BLVD,BROKEN POLE; TRANSFERS NEEDED,"AT&T, CHARTER AND WOW ATTACHED; NOTIFIED 7/23/18; CATV NEEDS TO MOVE FIRST",{B3880A3B-EB16-4FCC-B2DF-199CC8B411BC},,,SDE,1752071691000,0
44,,2018-07-06,2018-07-13,,POLE REMOVAL NEEDED,,REMOVAL NEEDED,6670 VAUGHN RD IN FRONT OF LUTHERAN CHURCH,POLE REMOVAL NEEDED,NOTIFIED THAT TRAFFIC WAS NO LONGER ATTACHED 8-15-18,{9EDF7195-0029-4A46-BC88-AD5F87BA62AD},,,SDE,1752071691000,0
45,,2018-07-25,2018-08-03,,POLE REMOVAL NEEDED; TRANSFERS NEEDED,,REMOVAL NEEDED,CORNER OF KAREN DR AND MADOLYN LN,POLE REMOVAL NEEDED; TRANSFERS NEEDED,AT&T POLE; APC NOT ATTACHED,{9ACFD63A-38C8-4F0D-A78B-6EBE18B773D1},,,SDE,1752071691000,0
46,,2018-07-25,2018-08-03,,POLE REMOVAL NEEDED; TRANSFERS NEEDED,,REMOVAL NEEDED,CORNER OF GREEN RIDGE RD AND FRONTENAC ST,POLE REMOVAL NEEDED; TRANSFERS NEEDED,AT&T POLE; APC NOT ATTACHED,{15322338-EB6A-4994-AADF-7E863F696FF7},,,SDE,1752071691000,0
47,,2018-07-17,2018-08-03,,POLE REMOVAL NEEDED,,REMOVAL NEEDED,2950 SUSAN DR,POLE REMOVAL NEEDED,APC TO PULL STUB (NOTE FROM FORMAN),{59DEA950-864D-4193-9520-DC14CBEC4F1A},,,SDE,1752071691000,0
48,,2018-07-17,2018-08-03,,POLE REMOVAL NEEDED; TRANSFERS NEEDED,,REMOVAL NEEDED,3845 CHATWOOD ST,POLE REMOVAL NEEDED; TRANSFERS NEEDED,CATV ATTACHED; NOTIFIED 8/9/18,{9810214D-A511-4149-9E6D-D711CA182061},,,SDE,1752071691000,0
49,,2018-08-15,2018-08-23,,POLE REMOVAL NEEDED; TRANSFERS NEEDED,,REMOVAL NEEDED,CORNER OF MOLTON AND BIBB ST,POLE REMOVAL NEEDED; TRANSFERS NEEDED,CATV ATTACHED; NOTIFIED 8/27/18,{0331189C-14C4-40D0-B3AE-7ABA28E12CA4},,,SDE,1752071691000,0
50,,2018-09-17,2018-09-19,,POLE REMOVAL NEEDED; TRANSFERS NEEDED,,REMOVAL NEEDED,CORNER OF GOVERNORS DR AND MCGHEE RD,POLE REMOVAL NEEDED; TRANSFERS NEEDED, ,{F2686E5E-88F9-418B-A8A3-20971D7D4FB8},,,SDE,1752071691000,0
51,,2018-09-05,2018-09-19,,POLE TOP HANGING; TRANSFERS NEEDED,,DAMAGED,418 S DECATUR ST,POLE TOP HANGING; TRANSFERS NEEDED,POLE BROKEN 9/2 4 JU ATTACHMENTS; NOTIFIED 9/4 NJUNS 3654580,{FA8A989F-3EA0-4D52-891C-902E93057EA4},,,SDE,1752071691000,0
52,,2019-01-11,2019-01-31,,POLE REMOVAL NEEDED; TRANSFERS NEEDED,,REMOVAL NEEDED,399 GEORGENA CURVE,POLE REMOVAL NEEDED; TRANSFERS NEEDED,AT&T POLE; APC NOT ATTACHED,{432A70D2-EABE-4C34-8222-1AB2136C8B7D},,,SDE,1752071691000,0
53,,2019-01-25,2019-01-31,,POLE REMOVAL NEEDED; TRANSFERS NEEDED,,REMOVAL NEEDED,AT INTERSECTION OF MARYLAND ST AND UPPER WETUMPKA RD,POLE REMOVAL NEEDED; TRANSFERS NEEDED,CHARTER AND WOW ATTACHED; NOTIFIED 2/6/19,{21D1BAAA-6158-47AB-A973-2F5918A52BB2},,,SDE,1752071691000,0
54,,2019-01-25,2019-01-31,,BROKEN POLE; TRANSFERS NEEDED,,DAMAGED,2400 UPPER WETUMPKA RD,BROKEN POLE; TRANSFERS NEEDED,AT&T POLE; APC NOT ATTACHED,{91E7DD18-530A-4391-B9D5-D2C43CE476CC},,,SDE,1752071691000,0
55,,2019-01-30,2019-01-31,,POLE TOP HANGING; TRANSFERS NEEDED,,DAMAGED,INTERSECTION OF PARK PLACE AND MULBERRY ST,POLE TOP HANGING; TRANSFERS NEEDED,AT&T ATTACHED TO POLE; NOTIFIED 4/16/18,{2DDFA5DC-8670-45A6-B17C-6CBEA8F03203},,,SDE,1752071691000,0
56,,2019-01-25,2019-01-31,,POLE TOP HANGING; TRANSFERS NEEDED,,DAMAGED,2421 UPPER WETUMPKA RD,POLE TOP HANGING; TRANSFERS NEEDED,AT&T POLE; APC NOT ATTACHED,{7A3085CB-92EF-415E-9201-BD6620971D96},,,SDE,1752071691000,0
57,,2019-01-30,2019-01-31,,POLE TOP HANGING; TRANSFERS NEEDED,,DAMAGED,4365 VIRGINIA LOOP RD,POLE TOP HANGING; TRANSFERS NEEDED,AT&T POLE; APC NOT ATTACHED,{42DF5EFF-4DEC-40BA-B9C1-84B8CDE6BEA8},,,SDE,1752071691000,0
58,,2019-05-24,2019-01-31,,BROKEN POLE; TRANSFERS NEEDED,,DAMAGED,2900 SUSAN DR,BROKEN POLE; TRANSFERS NEEDED,CHARTER AND WOW ATTACHED; NOTIFIED 2/6/19,{FBD752CA-2A88-42F8-919D-A3FBB0EF7E90},,,SDE,1752071691000,0
59,,2019-05-24,2019-03-26,,POLE REMOVAL NEEDED; TRANSFERS NEEDED,,REMOVAL NEEDED,18 W VANDIVER BLVD,POLE REMOVAL NEEDED; TRANSFERS NEEDED,CHARTER AND AT&T ATTACHED; NOTIFIED 3/28/19,{2157413B-79E8-4C60-8D50-557411800428},,,SDE,1752071691000,0
60,,2019-05-10,2019-05-24,,BROKEN POLE; TRANSFERS NEEDED,,DAMAGED,INTERSECTION OF S PERRY ST AND SCOTT ST,BROKEN POLE; TRANSFERS NEEDED,NEW POLE WAS IN PLACE 5/23/19 POWER TRANSFERRED; OTHERS NEED TO TRANSFER,{681FE3F8-1973-47F7-8C44-45FDDFD27E2D},,,SDE,1752071691000,0
61,,2019-04-01,2019-04-19,,BROKEN POLE; TRANSFERS NEEDED,,DAMAGED,412 CHISHOLM ST,BROKEN POLE; TRANSFERS NEEDED,AT&T POLE; APC NOT ATTACHED,{F5B6340A-A151-4086-8D73-0AD07B92510C},,,SDE,1752071691000,0
62,,2019-05-14,2019-05-24,,POLE REMOVAL NEEDED; TRANSFERS NEEDED,,LEANING,INTERSECTION OF S UNION ST AND UNIVERSITY DR,POLE REMOVAL NEEDED; TRANSFERS NEEDED,3 JU CABLE ATTACHED; NOTIFIED 5/30/19 NJUNS3932847,{F6993B52-26FD-49DA-BB0E-1BBE4245AE97},,,SDE,1752071691000,0
63,,2019-04-01,2019-04-19,,POLE TOP HANGING; TRANSFERS NEEDED,,DAMAGED,3032 BAFFIN DR,POLE TOP HANGING; TRANSFERS NEEDED,WOW ATTACHED; NOTIFIED 5/3/19 NJUNS 3902343,{09B23E28-6963-4C4E-AF5B-AD98C3DDB4AB},,,SDE,1752071691000,0
64,,2019-04-10,2019-04-19,,POLE REMOVAL NEEDED; TRANSFERS NEEDED,,REMOVAL NEEDED,4380 WARES FERRY RD,POLE REMOVAL NEEDED; TRANSFERS NEEDED,AT&T POLE; APC NOT ATTACHED,{B1B56EA9-FB29-4B5F-933C-F0C260DB9CB2},,,SDE,1752071691000,0
65,,2019-05-10,2019-05-24,,POLE REMOVAL NEEDED,,REMOVAL NEEDED,43 N JACKSON ST,POLE REMOVAL NEEDED,CHECK UNDERGROUND BOX NEXT TO POLE NJUNS 3932895,{D6D8CC50-D0C9-4EB6-BFC2-D85293BFA2A9},,,SDE,1752071691000,0
66,,2019-05-24,2019-05-24,,POLE REMOVAL NEEDED,,REMOVAL NEEDED,682 JORYNE DR,POLE REMOVAL NEEDED,AT&T POLE; APC NOT ATTACHED,{91F90534-AB01-44B3-A9A3-E5FCEF33E6D1},,,SDE,1752071691000,0
67,,2019-07-16,2019-07-19,,POLE REMOVAL NEEDED,,REMOVAL NEEDED,ON THE CORNER OF FAIRVIEW AVE AND ELLEN ST,POLE REMOVAL NEEDED,AT&T POLE; APC NOT ATTACHED,{3800BB74-B088-4C0D-A43C-F0B1E6F625B5},,,SDE,1752071691000,0
68,,2019-08-23,2019-09-04,,POLE REMOVAL NEEDED; TRANSFERS NEEDED,,LEANING,INTERSECTION OF S COURT ST AND MILDRED ST,POLE REMOVAL NEEDED; TRANSFERS NEEDED, ,{3C58F2A9-EFA7-47C1-AC99-A805C00A7AFB},,,SDE,1752071691000,0
69,,2019-08-23,2019-09-04,,POLE REMOVAL NEEDED; TRANSFERS NEEDED,,LEANING,INTERSECTION OF S COURT ST AND MILDRED ST,POLE REMOVAL NEEDED; TRANSFERS NEEDED,THIS POLE IS SHOWNIG DISTRESS AND IS ANCHORING THE ONE LISTED ABOVE,{6E82CC14-E730-4E81-A436-4BA99197EA08},,,SDE,1752071691000,0
70,,2019-08-28,2019-09-04,,2-POLE REMOVAL NEEDED,,REMOVAL NEEDED,BEHIND THE BURLINGTON COAT FACTORY IN EAST CHASE,2-POLE REMOVAL NEEDED, ,{566B3A79-F1C0-4F30-B827-CC045FF1C76F},,,SDE,1752071691000,0
71,,2019-05-24,2019-05-24,,POLE REMOVAL NEEDED; TRANSFERS NEEDED,,REMOVAL NEEDED,2631 WHISPERING PINES DR,POLE REMOVAL NEEDED; TRANSFERS NEEDED,CHARTER AND WOW ATTACHED; NOTIFIED 5/28/19 NJUNS 3929543,{21415B92-B2D2-4E6F-A45E-E3199E957032},,,SDE,1752071691000,0
72,,2019-06-18,2019-07-19,,POLE REMOVAL NEEDED; TRANSFERS NEEDED,,LEANING,111 S HULL ST,POLE REMOVAL NEEDED; TRANSFERS NEEDED,AT&T POLE; APC NOT ATTACHED,{AF29ACC6-EB98-4C57-B3BF-FA00945D5F6E},,,SDE,1752071691000,0
73,,2019-08-23,2019-09-04,,POLE REMOVAL NEEDED,,REMOVAL NEEDED,647 S COURT ST,POLE REMOVAL NEEDED, ,{CD4F0D19-FDA7-4F2B-BF1F-8AE7FE17B68B},,,SDE,1752071691000,0
74,,2019-08-29,2019-09-04,,POLE REMOVAL NEEDED,,REMOVAL NEEDED,1932 WINDSOR AVE,POLE REMOVAL NEEDED, ,{F4231E18-67EB-4A34-85D4-005D563908BB},,,SDE,1752071691000,0
75,,2019-08-30,2019-09-04,,POLE REMOVAL NEEDED,,REMOVAL NEEDED,AT INTERSECTION OF FELDER AVE AND GALENA AVE,POLE REMOVAL NEEDED, ,{32138BE0-CD20-4833-A45B-8E7367EE3C1D},,,SDE,1752071691000,0
76,,2019-09-03,2019-09-04,,POLE REMOVAL NEEDED,,REMOVAL NEEDED,1319 MAGNOLIA CURVE,POLE REMOVAL NEEDED, ,{DE3849C6-3F7B-447D-8947-1F67967F23CA},,,SDE,1752071691000,0
77,,2019-09-03,2019-09-04,,POLE REMOVAL NEEDED,,REMOVAL NEEDED,2316 CLOVERDALE PARK,POLE REMOVAL NEEDED, ,{9151ED3F-0DDC-4CC0-82F5-C5C6CA2F3EC6},,,SDE,1752071691000,0
78,,2019-08-29,2019-09-04,,POLE TOP HANGING; TRANSFERS NEEDED,,DAMAGED,1662 N DECATUR ST,POLE TOP HANGING; TRANSFERS NEEDED, ,{5C89A8DB-17F5-4E5F-A355-A82390011ECC},,,SDE,1752071691000,0
79,,,2018-04-05,,POLE REMOVAL NEEDED; TRANSFERS NEEDED,,REMOVAL NEEDED,NARROW LANE RD AT WOODLEY RD INTERSECTION,POLE REMOVAL NEEDED; TRANSFERS NEEDED, ,{C28149B7-C60C-4A48-A38B-4272C30CE8B9},,,SDE,1752071691000,0
80,,2018-09-12,,,LOW HANGING WIRES,,LOW HANGING WIRES,733 FORESTDALE DR,LOW HANGING WIRES,APPEARS TO BE CABLE,{9B1640FB-4CF0-4003-AFB7-1EF86B8602B3},,,SDE,1752071691000,0
81,,2019-12-04,2019-12-06,,BROKEN POLE; TRANSFERS NEEDED,,DAMAGED,2647 LOWER WETUMPKA RD,BROKEN POLE; TRANSFERS NEEDED, ,{C1EF2789-295B-40C2-B096-4F32BD4519D6},,,SDE,1752071691000,2
82,,2019-12-06,2019-12-06,,POLE TOP HANGING; TRANSFERS NEEDED,,DAMAGED,300 S CAPITOL PKWY,POLE TOP HANGING; TRANSFERS NEEDED, ,{25A675D0-6CFB-4078-A8CB-48F8A78514C6},,,SDE,1752071691000,0
83,,2019-12-11,2019-12-12,,BROKEN POLE; TRANSFERS NEEDED,,DAMAGED,13 KELLY LN,BROKEN POLE; TRANSFERS NEEDED, ,{E20F8E5A-ECB3-4AD7-BBC9-5970332D2A23},,,SDE,1752071691000,11
84,,2019-12-11,2019-12-12,,STUB POLE REMOVAL NEEDED,,REMOVAL NEEDED,23 KELLY LN,STUB POLE REMOVAL NEEDED, ,{0750FCA1-7D0C-495F-BA98-FF47140D5C5C},,,SDE,1752071691000,12
85,,2019-12-12,2019-12-12,,BROKEN POLE; TRANSFERS NEEDED,,DAMAGED,1028 GLEN GRATTAN,BROKEN POLE; TRANSFERS NEEDED, ,{63C68C58-E5B3-4261-9435-EEDDF64790C9},,,SDE,1752071691000,14
86,,2020-02-05,2020-02-13,,POLE REMOVAL NEEDED; TRANSFERS NEEDED,,REMOVAL NEEDED,2329 WINIFRED ST,POLE REMOVAL NEEDED; TRANSFERS NEEDED,CITY REQUESTING REMOVAL OF UNUSED POLE; CABLE AND GUIDE WIRES ATTACHED,{525189BF-08D7-490A-BADF-9A4AA36D4ADF},,,SDE,1752071691000,19
87,,2020-02-21,2020-02-27,,POLE TOP HANGING; TRANSFERS NEEDED,,DAMAGED,1515 MULBERRY ST,POLE TOP HANGING; TRANSFERS NEEDED, ,{60FC07B4-E5A4-4DC9-934A-BBF344B7FCA4},,,SDE,1752071691000,23
88,,2020-02-28,2020-03-04,,BROKEN POLE; TRANSFERS NEEDED,,DAMAGED,4214 ROSA L PARKS AVE,BROKEN POLE; TRANSFERS NEEDED, ,{34A9F62D-A2C2-449B-8F18-49D07DF4551C},,,SDE,1752071691000,26
89,,2020-02-28,2020-03-04,,STUB POLE REMOVAL NEEDED,,REMOVAL NEEDED,4000 ROSA L PARKS AVE,STUB POLE REMOVAL NEEDED, ,{6F0388DD-72CC-495A-A27D-874CDFCA8477},,,SDE,1752071691000,27
90,,2020-02-28,2020-03-04,,STUB POLE REMOVAL NEEDED,,REMOVAL NEEDED,4000 ROSA L PARKS AVE,STUB POLE REMOVAL NEEDED, ,{07C1FCC2-BE4B-4262-AADD-14588B191A80},,,SDE,1752071691000,27
91,,2020-02-28,2020-03-04,,BROKEN POLE; TRANSFERS NEEDED,,DAMAGED,3658 ROSA PARKS AVE,BROKEN POLE; TRANSFERS NEEDED, ,{3627AFE1-4D2A-4DCD-A60F-698FBB8D6317},,,SDE,1752071691000,29
92,,2020-02-28,2020-03-04,,POLE REMOVAL NEEDED,,LEANING,218 W EDGEMONT AVE,POLE REMOVAL NEEDED, ,{290DA3BF-89EB-49ED-9317-7D0641051354},,,SDE,1752071691000,30
93,,2020-02-28,2020-03-04,,POLE REMOVAL NEEDED; TRANSFERS NEEDED,,LEANING,3128 ROSA PARKS AVE,POLE REMOVAL NEEDED; TRANSFERS NEEDED, ,{A7508F5C-908F-41DA-B3F7-55C5740DDED2},,,SDE,1752071691000,31
94,,2020-02-28,2020-03-04,,POLE REMOVAL NEEDED; TRANSFERS NEEDED,,LEANING,1807 EDGAR D NIXON AVE,POLE REMOVAL NEEDED; TRANSFERS NEEDED, ,{21084855-F7F4-4222-8AA7-02246FF97505},,,SDE,1752071691000,32
95,,2020-06-09,2020-06-11,,BROKEN POLE; TRANSFERS NEEDED,,DAMAGED,353 CHISHOLM ST,BROKEN POLE; TRANSFERS NEEDED, ,{34A5A296-3685-429D-B41F-9674A46621A0},,,SDE,1752071691000,36
96,,2020-06-10,2020-06-11,,LOW HANGING WIRES,,LOW HANGING WIRES,17 DUNN DR,LOW HANGING WIRES, ,{1159954B-29C8-4973-A37A-053FE5978C36},,,SDE,1752071691000,43
97,,2020-06-11,2020-06-11,,LOW HANGING WIRES,,LOW HANGING WIRES,4290 CARMICHAEL RD,LOW HANGING WIRES, ,{51FA96F3-32E3-46CD-8454-E8EC49653A70},,,SDE,1752071691000,46
98,,2020-06-11,2020-06-11,,BROKEN POLE REMOVAL NEEDED,,DAMAGED,730 GREEN RIDGE RD,BROKEN POLE REMOVAL NEEDED, ,{23A46652-106D-4E3F-973E-E4653ACDAF72},,,SDE,1752071691000,47
99,,2020-06-12,2020-07-14,,STUB POLE REMOVAL NEEDED,,REMOVAL NEEDED,FELDER TER AT WOODWARD AVE,STUB POLE REMOVAL NEEDED, ,{0A1E83E8-59CD-4F8B-A61B-0D10C6CD8E05},,,SDE,1752071691000,48
100,,2020-06-12,2020-07-14,,STUB POLE REMOVAL NEEDED,,REMOVAL NEEDED,1200-1212 WESTMORELAND AVE,STUB POLE REMOVAL NEEDED, ,{AD4574D2-774A-4F39-AAB4-4DEDD9CCFBD0},,,SDE,1752071691000,49
101,,2020-06-12,2020-07-14,,STUB POLE REMOVAL NEEDED,,REMOVAL NEEDED,1200-1212 WESTMORELAND AVE,STUB POLE REMOVAL NEEDED, ,{7E7E18A3-5B85-4A5C-9501-E3ED84E9D7A6},,,SDE,1752071691000,49
102,,2020-06-23,2020-07-14,,BROKEN POLE; TRANSFERS NEEDED,,DAMAGED,2000 NORMANDIE DR,BROKEN POLE; TRANSFERS NEEDED, ,{60489960-8ADC-41C4-9C83-2459CB0A9C85},,,SDE,1752071691000,51
103,,2020-06-23,2020-07-14,,STUB POLE REMOVAL NEEDED,,REMOVAL NEEDED,2710 E SOUTH BLVD,STUB POLE REMOVAL NEEDED, ,{5CE506B7-3072-4617-86B4-17C361713996},,,SDE,1752071691000,52
104,,2020-07-13,2020-07-14,,POLE REMOVAL NEEDED; TRANSFERS NEEDED,,REMOVAL NEEDED,4069 BONFIELD DR,POLE REMOVAL NEEDED; TRANSFERS NEEDED, ,{8536814E-1237-4FB1-857B-C0D7780DED2E},,,SDE,1752071691000,55
105,,2020-07-13,2020-07-14,,POLE REMOVAL NEEDED; TRANSFERS NEEDED,,REMOVAL NEEDED,WATERFORD RD AT BONFIELD DR,POLE REMOVAL NEEDED; TRANSFERS NEEDED, ,{2DC21CB6-7498-4ED7-8260-3B887DB542AE},,,SDE,1752071691000,56
106,,2020-07-13,2020-07-14,,POLE REMOVAL NEEDED; TRANSFERS NEEDED,,REMOVAL NEEDED,HURLSTON DR AND ERIC LN,POLE REMOVAL NEEDED; TRANSFERS NEEDED, ,{348B6CD9-FA2F-45E9-98D0-03C9D8D4911A},,,SDE,1752071691000,57
107,,2020-07-13,2020-07-14,,POLE REMOVAL NEEDED; TRANSFERS NEEDED,,REMOVAL NEEDED,HURLSTON DR AND ERIC LN,POLE REMOVAL NEEDED; TRANSFERS NEEDED, ,{62235604-E13C-4399-86D6-E576ACFBB65A},,,SDE,1752071691000,57
108,,2020-08-06,2020-08-07,,POLE TOP HANGING; TRANSFERS NEEDED,,DAMAGED,1709 W FOURTH ST,POLE TOP HANGING; TRANSFERS NEEDED, ,{588BE329-C386-4467-BC5A-F9EC2275B60F},,,SDE,1752071691000,60
109,,2020-08-27,2020-08-28,,STUB POLE REMOVAL NEEDED,,REMOVAL NEEDED,646 CLOVERDALE RD,STUB POLE REMOVAL NEEDED, ,{DA2BD98E-FDFE-4BF8-9CA5-FAEF265446E1},,,SDE,1752071691000,66
110,,2025-04-28,2025-06-13,Follow Up,POLE TOP HANGING; 2 LINES ATTACHED,Pole Removal(s) Needed;,REMOVAL NEEDED,215 DUNN DR,POLE TOP HANGING; TRANSFERS NEEDED, ,{14E8F1DD-3DF4-47BC-8CA4-EFB2B62281A1},,,CHRIS.WILLIAMS,1752263690000,405
111,,2020-08-27,2020-08-28,,POLE REMOVAL NEEDED; TRANSFERS NEEDED,,LEANING,211 DUNN DR,POLE REMOVAL NEEDED; TRANSFERS NEEDED, ,{90D906E7-4AD6-44C0-9E45-A4F612C1B3BC},,,SDE,1752071691000,68
112,,2020-08-27,2020-08-28,,LOW HANGING WIRES,,LOW HANGING WIRES,2023 MADISON AVE,LOW HANGING WIRES, ,{A6357C38-A788-4DD1-A98A-136C4FCA4E5C},,,SDE,1752071691000,69
114,,2020-10-23,2020-10-28,,BROKEN POLE REMOVAL NEEDED,,DAMAGED,2737 LOWER WETUMPKA RD,BROKEN POLE REMOVAL NEEDED,2 DAMAGED POLE LOCATIONS ON W SIDE OF LOWER WETUMPKA,{1BD1C448-6D21-498D-86E2-F40A233AA8F7},,,SDE,1752071691000,76
115,,2020-11-09,2020-11-19,,BROKEN POLE; TRANSFERS NEEDED,,DAMAGED,1448 BLAIRWOOD CT,BROKEN POLE; TRANSFERS NEEDED, ,{A6E20EBD-C78E-4AC8-9ED8-432123D8E3C0},,,SDE,1752071691000,84
116,,2020-11-12,2020-11-19,,POLE REMOVAL NEEDED; TRANSFERS NEEDED,,LEANING,1339 S PERRY ST,POLE REMOVAL NEEDED; TRANSFERS NEEDED, ,{D1F9EF92-2B2F-4014-B600-27CD42F8D64D},,,SDE,1752071691000,85
117,,2020-11-13,2020-11-19,,POLE TOP HANGING; TRANSFERS NEEDED,,DAMAGED,2038 MYRTLEWOOD DR,POLE TOP HANGING; TRANSFERS NEEDED, ,{6D87473B-1CF9-4326-A4A0-2A0D2250016D},,,SDE,1752071691000,87
118,,2020-11-13,2020-11-19,,BROKEN POLE; TRANSFERS NEEDED,,DAMAGED,2040 MYRTLEWOOD DR,BROKEN POLE; TRANSFERS NEEDED, ,{941C7C85-A699-4F49-838C-FB867D9E5C44},,,SDE,1752071691000,88
119,,2020-12-02,2020-12-09,,POLE TOP HANGING; TRANSFERS NEEDED,,DAMAGED,13 DUNN DR,POLE TOP HANGING; TRANSFERS NEEDED, ,{7C7C67F3-F08D-4D84-848E-D3B1AE30445A},,,SDE,1752071691000,90
120,,2020-12-07,2020-12-09,,2-STUB POLE REMOVAL NEEDED,,REMOVAL NEEDED,324 W DELANO AVE,2-STUB POLE REMOVAL NEEDED, ,{329FE67C-AB54-4149-B760-0B267566C361},,,SDE,1752071691000,91
121,,2020-12-07,2020-12-09,,BROKEN POLE; TRANSFERS NEEDED,,DAMAGED,312 W DELANO AVE,BROKEN POLE; TRANSFERS NEEDED, ,{BE430A2C-25B5-43CC-9397-B9DD3C7F1860},,,SDE,1752071691000,92
122,,2020-12-15,2021-01-05,,POLE TOP HANGING; TRANSFERS NEEDED,,DAMAGED,409 SOUTHLAWN DR,POLE TOP HANGING; TRANSFERS NEEDED, ,{99D7CAF9-DA87-4F4A-A878-FEA63416C8F8},,,SDE,1752071691000,95
123,,2020-12-22,2021-01-05,,STUB POLE REMOVAL NEEDED,,REMOVAL NEEDED,710 PONCE DE LEON AVE,STUB POLE REMOVAL NEEDED, ,{FCDE20BE-D986-47D7-8CD2-CB06139684BE},,,SDE,1752071691000,98
124,,2020-12-22,2021-01-05,,STUB POLE REMOVAL NEEDED,,REMOVAL NEEDED,3135 MONTEZUMA RD,STUB POLE REMOVAL NEEDED, ,{94451A74-EC20-46F0-A358-66F31603D779},,,SDE,1752071691000,101
125,,2020-12-22,2021-01-05,,LOW HANGING WIRES,,LOW HANGING WIRES,3175 MONTEZUMA RD,LOW HANGING WIRES, ,{C8D17694-3738-4F36-9126-2AEDFA86E5DB},,,SDE,1752071691000,102
126,,2020-12-28,2021-01-05,,BROKEN POLE; TRANSFERS NEEDED,,DAMAGED,717 BELVEDERE DR,BROKEN POLE; TRANSFERS NEEDED, ,{EDDC6841-38F3-4305-903A-59503B17F17F},,,SDE,1752071691000,104
127,,2021-02-03,2021-02-05,,POLE TOP HANGING; TRANSFERS NEEDED,,DAMAGED,127 COURTLAND DR,POLE TOP HANGING; TRANSFERS NEEDED, ,{CB611CA8-6E0A-415A-B54D-21B42BEF6483},,,SDE,1752071691000,108
128,,2021-02-04,2021-02-05,,POLE TOP HANGING; TRANSFERS NEEDED,,DAMAGED,3711 ATLANTA HWY,POLE TOP HANGING; TRANSFERS NEEDED, ,{5BB9EC02-2B61-418E-B5B2-25B502B1E0F4},,,SDE,1752071691000,112
129,,2021-02-04,2021-02-05,,BROKEN POLE; TRANSFERS NEEDED,,DAMAGED,3759 ATLANTA HWY,BROKEN POLE; TRANSFERS NEEDED, ,{7CC0B3CA-3EC9-4504-9848-D6BB1139777B},,,SDE,1752071691000,113
130,,2021-02-04,2021-02-05,,LOW HANGING WIRES,,LOW HANGING WIRES,3769 ATLANTA HWY,LOW HANGING WIRES, ,{E9FBDDC9-2945-40BF-A2ED-1AB63345D5A7},,,SDE,1752071691000,115
131,,2021-02-18,2021-02-25,,STUB POLE REMOVAL NEEDED,,REMOVAL NEEDED,1001 W SOUTH BLVD,STUB POLE REMOVAL NEEDED, ,{311F7BFD-53E1-4C99-9490-D9B0AB9A4E1C},,,SDE,1752071691000,116
132,,2021-02-23,2021-02-25,,BROKEN POLE; TRANSFERS NEEDED,,DAMAGED,PINELEAF ST; ACROSS FROM 1700 W FIFTH ST,BROKEN POLE; TRANSFERS NEEDED, ,{407696CC-45D7-4341-B143-E26EEC908072},,,SDE,1752071691000,118
133,,2021-02-23,2021-02-25,,BROKEN POLE; TRANSFERS NEEDED,,DAMAGED,1620 CARTER HILL RD,BROKEN POLE; TRANSFERS NEEDED, ,{54B326A9-439E-4666-A803-3322BE48F3A4},,,SDE,1752071691000,119
134,,2021-02-23,2021-02-25,,LOW HANGING WIRES,,LOW HANGING WIRES,1620 CARTER HILL RD,LOW HANGING WIRES, ,{0D5098D9-8DB0-4D2B-B465-9C630B7B9352},,,SDE,1752071691000,119
135,,2021-02-23,2021-02-25,,LOW HANGING WIRES,,LOW HANGING WIRES,1620 CARTER HILL RD,LOW HANGING WIRES, ,{DD6B7873-4667-4DBE-91FF-7ABD494E5E0A},,,SDE,1752071691000,119
136,,2021-02-23,2021-02-25,,STUB POLE REMOVAL NEEDED,,REMOVAL NEEDED,8422 VAUGHN RD,STUB POLE REMOVAL NEEDED, ,{37C90862-DCC9-4099-9FB8-E729286D0125},,,SDE,1752071691000,120
137,,2021-02-23,2021-02-25,,STUB POLE REMOVAL NEEDED,,REMOVAL NEEDED,VAUGHN RD ACROSS FROM RAY THORINGTON,STUB POLE REMOVAL NEEDED, ,{0DB10437-3894-4046-A441-177347D79C23},,,SDE,1752071691000,121
138,,2021-02-23,2021-06-17,,STUB POLE REMOVAL NEEDED,,REMOVAL NEEDED,1685 TAYLOR RD,STUB POLE REMOVAL NEEDED,INITIAL REPORT TO UTILITIES 2/25/2021; FOLLOW UP 6/17/2021,{003CB370-44FC-4EFF-9E4C-31C0AF0D5288},,,SDE,1752071691000,122
139,,2021-02-26,2021-03-08,,BROKEN POLE REMOVAL NEEDED,,DAMAGED,805 RIALTO DR,BROKEN POLE REMOVAL NEEDED, ,{6C4BB922-1442-4C6C-BA56-B4517F740BBD},,,SDE,1752071691000,123
140,,2021-02-26,2021-03-08,,2-BROKEN POLES REMOVAL NEEDED,,DAMAGED,5847 & 5903 WARES FERRY RD,2-BROKEN POLES REMOVAL NEEDED, ,{4BDABD57-6305-4B6E-A208-50C3AD1FFECD},,,SDE,1752071691000,124
141,,2021-02-26,2021-03-08,,2-BROKEN POLES REMOVAL NEEDED,,DAMAGED,5847 & 5903 WARES FERRY RD,2-BROKEN POLES REMOVAL NEEDED, ,{4C109246-D926-4201-8165-F59BAE58180C},,,SDE,1752071691000,124
142,,2021-02-26,2021-03-08,,POLE TOP HANGING; TRANSFERS NEEDED,,DAMAGED,1973 RIGBY ST,POLE TOP HANGING; TRANSFERS NEEDED, ,{45CD7A99-2B49-4F67-842D-679860CE3C4F},,,SDE,1752071691000,126
143,,2021-02-26,2021-03-08,,POLE TOP HANGING; TRANSFERS NEEDED,,DAMAGED,1949 RIGBY ST,POLE TOP HANGING; TRANSFERS NEEDED, ,{D83B0C1E-5F75-46ED-A954-3923F76A2817},,,SDE,1752071691000,127
144,,2021-03-04,2021-03-08,,BROKEN POLE; TRANSFERS NEEDED,,DAMAGED,4000 AMBERLY RD,BROKEN POLE; TRANSFERS NEEDED, ,{31D1E38E-8C14-44DF-B93D-D14011FF84DC},,,SDE,1752071691000,129
145,,2021-03-04,2021-03-08,,POLE TOP HANGING; TRANSFERS NEEDED,,DAMAGED,4000 MONTEREY DR,POLE TOP HANGING; TRANSFERS NEEDED, ,{45F93BCE-3028-43C8-8ABD-A3F6CFAB7E83},,,SDE,1752071691000,132
146,,2021-03-04,2021-03-08,,2-POLE TOP HANGING; TRANSFERS NEEDED,,DAMAGED,3112 & 3116 MONTWOOD DR,2-POLE TOP HANGING; TRANSFERS NEEDED, ,{67E1ED35-36C2-4D7A-BAD3-59ACA5DE3151},,,SDE,1752071691000,133
147,,2021-03-04,2021-03-08,,2-POLE TOP HANGING; TRANSFERS NEEDED,,DAMAGED,3112 & 3116 MONTWOOD DR,2-POLE TOP HANGING; TRANSFERS NEEDED, ,{98665E2B-7364-446C-AF6F-AD2F5826C0CC},,,SDE,1752071691000,133
148,,2021-03-04,2021-03-08,,POLE TOP HANGING; TRANSFERS NEEDED,,DAMAGED,4725 VIRGINIA LOOP RD,POLE TOP HANGING; TRANSFERS NEEDED, ,{50EB9E70-3E70-4650-AF79-7681D55D6BCE},,,SDE,1752071691000,134
149,,2021-03-09,2021-03-31,,2-BROKEN POLE; TRANSFERS NEEDED,,DAMAGED,1731 ROBISON HILL RD,2-BROKEN POLE; TRANSFERS NEEDED,2 BROKEN POLES; 6 ATTACHMENTS,{0C4B7BF7-039F-4024-9F31-9D97C8C4B0F5},,,SDE,1752071691000,135
150,,2021-03-09,2021-03-31,,POLE TOP HANGING; TRANSFERS NEEDED,,DAMAGED,1512 WEST ST,POLE TOP HANGING; TRANSFERS NEEDED, ,{C5994272-DA2E-4EE9-ABC4-109FC10CCD83},,,SDE,1752071691000,136
151,,2021-03-09,2021-03-31,,POLE TOP HANGING; TRANSFERS NEEDED,,DAMAGED,1507 MULBERRY ST,POLE TOP HANGING; TRANSFERS NEEDED, ,{02C13271-1139-46A7-AF46-E644D712933A},,,SDE,1752071691000,137
152,,2021-03-16,2021-03-31,,POLE TOP HANGING; TRANSFERS NEEDED,,DAMAGED,98 W DELANO AVE,POLE TOP HANGING; TRANSFERS NEEDED, ,{0A1F1D21-BAFB-409E-9EE3-1E44E410EF0A},,,SDE,1752071691000,138
153,,2021-03-16,2021-03-31,,POLE TOP HANGING WITH LOW HANGING WIRES,,LOW HANGING WIRES,98 W DELANO AVE,POLE TOP HANGING WITH LOW HANGING WIRES, ,{EBC4A213-7FA1-406C-989D-8EAF6B584558},,,SDE,1752071691000,138
154,,2021-03-25,2021-03-31,,POLE TOP HANGING; TRANSFERS NEEDED,,DAMAGED,1756 S COURT ST,POLE TOP HANGING; TRANSFERS NEEDED, ,{83035644-9328-49F6-8B76-3192D727ED93},,,SDE,1752071691000,139
155,,2021-03-25,2021-03-31,,STUB POLE; TRANSFERS NEEDED,,REMOVAL NEEDED,205 KELLY LN,STUB POLE; TRANSFERS NEEDED, ,{ECC26F52-AD00-4B11-8C4E-5F812479B9D7},,,SDE,1752071691000,140
156,,2021-03-25,2021-03-31,,STUB POLE; TRANSFERS NEEDED,,REMOVAL NEEDED,3132 BOXWOOD DR,STUB POLE; TRANSFERS NEEDED, ,{E5B664DF-DBFA-4A98-A177-BE4E56002E35},,,SDE,1752071691000,142
157,,2021-03-25,2021-03-31,,BROKEN POLE; TRANSFERS NEEDED,,DAMAGED,1802 MT MEIGS RD,BROKEN POLE; TRANSFERS NEEDED, ,{E9FE0BF1-3586-4DEA-886B-AF4E6C1A94EA},,,SDE,1752071691000,143
158,,2021-03-30,2021-03-31,,POLE TOP HANGING; TRANSFERS NEEDED,,DAMAGED,ACROSS FROM 1935 NORMAN BRIDGE RD,POLE TOP HANGING; TRANSFERS NEEDED, ,{1367D690-BAFF-4268-8F71-65E026C11CBB},,,SDE,1752071691000,145
159,,2021-04-08,2021-04-19,,STUB POLE REMOVAL NEEDED,,REMOVAL NEEDED,3566 GAYLORD PL,STUB POLE REMOVAL NEEDED, ,{47A220B5-C42B-4143-93E9-A727F4A37D88},,,SDE,1752071691000,147
160,,2021-04-08,2021-04-19,,POLE TOP HANGING; TRANSFERS NEEDED,,DAMAGED,S SIDE OF CAPITOL HEIGHTS MIDDLE SCHOOL,POLE TOP HANGING; TRANSFERS NEEDED, ,{F321AAB0-D8A5-464E-AF32-193E88568F16},,,SDE,1752071691000,150
161,,2021-04-12,2021-04-19,,POLE TOP HANGING; TRANSFERS NEEDED,,DAMAGED,1749 S PERRY ST,POLE TOP HANGING; TRANSFERS NEEDED, ,{3F933961-9DDA-47EB-AA2C-BEEDBC169AF7},,,SDE,1752071691000,151
162,,2021-04-21,2021-05-07,,POLE TOP HANGING; TRANSFERS NEEDED,,DAMAGED,WOODMERE BLVD NEAR STONEHENGE PLACE APTS,POLE TOP HANGING; TRANSFERS NEEDED, ,{1282F50D-DE59-4050-B728-DAEFDCE787FA},,,SDE,1752071691000,152
163,,2021-04-21,2021-05-07,,POLE TOP HANGING; TRANSFERS NEEDED,,DAMAGED,1004 OAK ST,POLE TOP HANGING; TRANSFERS NEEDED, ,{18FE0165-57DC-4F16-BF04-B4AD287E5FA9},,,SDE,1752071691000,153
164,,2021-04-28,2021-05-07,,BROKEN POLE; TRANSFERS NEEDED,,DAMAGED,203 DALRAIDA RD,BROKEN POLE; TRANSFERS NEEDED, ,{1E0AC7F3-D1D5-47B4-BDAF-5F54880C999E},,,SDE,1752071691000,154
165,,2021-04-28,2021-05-07,,BROKEN POLE; TRANSFERS NEEDED,,DAMAGED,WARES FERRY RD AT 410 NORTHWESTERN RD,BROKEN POLE; TRANSFERS NEEDED, ,{B4AE844F-4A50-4088-A5A9-9FFBF80665B3},,,SDE,1752071691000,155
166,,2021-04-28,2021-05-07,,POLE TOP HANGING; TRANSFERS NEEDED,,DAMAGED,SE CORNER OF GROVE ST AT S DECATUR ST,POLE TOP HANGING; TRANSFERS NEEDED, ,{D6165BA7-7E9D-4F49-A9A2-0EE416474855},,,SDE,1752071691000,156
167,,2021-04-30,2021-05-07,,POLE TOP HANGING; TRANSFERS NEEDED,,DAMAGED,1341 ADRIAN LN,POLE TOP HANGING; TRANSFERS NEEDED, ,{ACD9F3E6-B47E-4E78-BA12-ADBC41847748},,,SDE,1752071691000,158
168,,2021-05-07,2021-05-07,,POLE TOP HANGING; TRANSFERS NEEDED,,DAMAGED,NE CORNER OF EDGAR D NIXON AVE AT EARLY ST,POLE TOP HANGING; TRANSFERS NEEDED, ,{9BE64A34-C89B-4992-89F2-4A550386C274},,,SDE,1752071691000,160
169,,2021-04-30,2021-05-07,,BROKEN POLE; TRANSFERS NEEDED,,DAMAGED,SE CORNER OF THOMAS AVE AT GLEN GRATTAN,BROKEN POLE; TRANSFERS NEEDED, ,{E2D99380-E193-4677-BE89-C37D505A6AA8},,,SDE,1752071691000,159
170,,2021-05-25,2021-06-11,,BROKEN POLE; TRANSFERS NEEDED,,DAMAGED,831 BYRNE DR,BROKEN POLE; TRANSFERS NEEDED, ,{AB5EE32C-14C7-4C66-A941-38D94B791794},,,SDE,1752071691000,162
171,,2021-06-09,2021-06-11,,POLE TOP HANGING; TRANSFERS NEEDED,,DAMAGED,2006 MULBERRY ST,POLE TOP HANGING; TRANSFERS NEEDED, ,{C941063D-1194-4AEA-9653-48162B338009},,,SDE,1752071691000,163
172,,2021-06-09,2021-06-11,,BROKEN POLE; TRANSFERS NEEDED,,DAMAGED,2002 MULBERRY ST,BROKEN POLE; TRANSFERS NEEDED, ,{5028212B-F3D4-4F09-A7F0-018047A2A199},,,SDE,1752071691000,163
173,,2021-06-17,2021-07-15,,POLE TOP HANGING; TRANSFERS NEEDED,,DAMAGED,1235 MARLOWE DR,POLE TOP HANGING; TRANSFERS NEEDED, ,{4E042C9E-C0B4-4031-AC96-D557F7B76745},,,SDE,1752071691000,164
174,,2021-06-17,2021-07-15,,BROKEN POLE; TRANSFERS NEEDED,,DAMAGED,724 RYEBURN CT,BROKEN POLE; TRANSFERS NEEDED, ,{985B7D75-E954-4F0B-B92E-12047C2915C3},,,SDE,1752071691000,165
175,,2021-06-28,2021-07-15,,STUB POLE REMOVAL NEEDED,,REMOVAL NEEDED,S LEWIS ST AT 1600 E WASHINGTON ST,STUB POLE REMOVAL NEEDED, ,{F88885D8-1F7B-4151-A86F-0E4DD85A1BE2},,,SDE,1752071691000,166
176,,2021-07-26,2021-07-28,,POLE TOP HANGING; TRANSFERS NEEDED,,DAMAGED,2140 UPPER WETUMPKA RD,POLE TOP HANGING; TRANSFERS NEEDED, ,{78C69CCD-8647-47B9-BA40-1BC78AD60249},,,SDE,1752071691000,168
177,,2021-07-27,2021-07-28,,STUB POLE REMOVAL NEEDED,,REMOVAL NEEDED,2035 MOBILE RD,STUB POLE REMOVAL NEEDED, ,{30FE6C34-54F9-4E57-BA4C-F252DA79ABFC},,,SDE,1752071691000,171
178,,2021-07-27,2021-07-28,,STUB POLE REMOVAL NEEDED,,REMOVAL NEEDED,SW INTERSECTION OF SANDY ST AND MOBILE RD,STUB POLE REMOVAL NEEDED, ,{1D9B04EB-C8FE-4750-8CC6-5BCEA1FF12BB},,,SDE,1752071691000,171
179,,2021-07-28,2021-07-28,,2-BROKEN POLE; TRANSFERS NEEDED,,DAMAGED,1853 WENTWORTH DR,2-BROKEN POLE; TRANSFERS NEEDED, ,{972DCE1D-3DE1-4DE7-88B4-2DB53930A083},,,SDE,1752071691000,173
180,,2021-08-04,2021-08-11,,BROKEN POLE; TRANSFERS NEEDED,,DAMAGED,1235 FOREST AVE,BROKEN POLE; TRANSFERS NEEDED, ,{A3484974-BC65-426D-BA6F-24492FF63202},,,SDE,1752071691000,175
181,,2021-08-06,2021-08-11,,STUB POLE REMOVAL NEEDED,,REMOVAL NEEDED,2245 ALLENDALE RD,STUB POLE REMOVAL NEEDED, ,{64A2BC3E-C653-4B30-B921-95CB240E5B58},,,SDE,1752071691000,177
182,,2021-08-06,2021-08-11,,STUB POLE REMOVAL NEEDED,,REMOVAL NEEDED,1800 WEST ST,STUB POLE REMOVAL NEEDED, ,{5F434A2A-FFAD-4638-BEC1-EBD448247B52},,,SDE,1752071691000,178
183,,2021-08-06,2021-08-11,,2-DAMAGED POLE; TRANSFERS NEEDED,,DAMAGED,2030 & 2036 E FIFTH ST,2-DAMAGED POLE; TRANSFERS NEEDED, ,{EA0DCA76-7D5B-409F-B4E2-CD54B2555C97},,,SDE,1752071691000,179
184,,2021-08-06,2021-08-11,,2-DAMAGED POLE; TRANSFERS NEEDED,,DAMAGED,2030 & 2036 E FIFTH ST,2-DAMAGED POLE; TRANSFERS NEEDED, ,{ECBB896F-D8C5-4C2E-917C-5E9C8ABEAB9F},,,SDE,1752071691000,179
185,,2021-08-06,2021-08-11,,STUB POLE REMOVAL NEEDED,,REMOVAL NEEDED,500 N FLORIDA ST AT WINDSOR AVE,STUB POLE REMOVAL NEEDED, ,{45638710-8C1E-4957-B2AB-D6D3310E8AFF},,,SDE,1752071691000,180
186,,2021-08-06,2021-08-11,,LEANING POLE; TRANSFERS NEEDED,,REMOVAL NEEDED,2121 GLENDALE AVE,LEANING POLE; TRANSFERS NEEDED, ,{5B2A28B8-6273-4ACA-BBD3-C126C786316C},,,SDE,1752071691000,181
187,,2021-08-06,2021-08-11,,POLE REMOVAL NEEDED; TRANSFERS NEEDED,,REMOVAL NEEDED,524 N MARYLAND ST,POLE REMOVAL NEEDED; TRANSFERS NEEDED, ,{E1D23B4E-0A7D-4AC6-B634-B1B48564C469},,,SDE,1752071691000,182
188,,2021-08-09,2021-08-11,,POLE TOP HANGING; TRANSFERS NEEDED,,DAMAGED,NORMAN BRIDGE RD AT THORN PL,POLE TOP HANGING; TRANSFERS NEEDED, ,{970BFEB5-FFDA-409B-AC4C-25043C542070},,,SDE,1752071691000,183
189,,2021-08-09,2021-08-11,,POLE TOP HANGING; TRANSFERS NEEDED,,DAMAGED,NORMAN BRIDGE RD AT THORN PL,POLE TOP HANGING; TRANSFERS NEEDED, ,{70DA6DE1-BED1-4CBD-A884-864BE693B050},,,SDE,1752071691000,183
190,,2021-08-09,2021-08-11,,LEANING POLE; TRANSFERS NEEDED,,LEANING,NORMAN BRIDGE RD AT THORN PL,LEANING POLE; TRANSFERS NEEDED, ,{9F93A070-44E5-4848-99A3-55EBD83C7BD0},,,SDE,1752071691000,183
191,,2021-08-09,2021-08-11,,LOW HANGING WIRES,,LOW HANGING WIRES,NORMAN BRIDGE RD AT THORN PL,LOW HANGING WIRES, ,{0186219A-2758-4C26-8F0F-424A2031A3C9},,,SDE,1752071691000,183
192,,2021-08-30,2021-09-17,,2-BROKEN POLE; TRANSFERS NEEDED,,DAMAGED,S COURT ST AT 16 E FLEMING RD,2-BROKEN POLE; TRANSFERS NEEDED, ,{F584195B-150C-47E2-90E7-8DDF468BB21E},,,SDE,1752071691000,196
193,,2021-09-08,2021-09-17,,STUB POLE REMOVAL NEEDED,,REMOVAL NEEDED,6621 ATLANTA HWY AT MCLEMORE DR,STUB POLE REMOVAL NEEDED, ,{07FB1094-DA7C-4523-99EB-39A21B9AE36A},,,SDE,1752071691000,199
194,,2021-09-30,2021-10-05,,BROKEN POLE; TRANSFERS NEEDED,,DAMAGED,1700 MULBERRY ST,BROKEN POLE; TRANSFERS NEEDED, ,{7FCCB82B-88C8-4086-A398-26B213E2D6CE},,,SDE,1752071691000,200
195,,2021-10-01,2021-10-05,,POLE TOP HANGING; TRANSFERS NEEDED,,DAMAGED,3900 BIRMINGHAM HWY,POLE TOP HANGING; TRANSFERS NEEDED, ,{A3553620-7178-4584-9ADE-2A5602CD22C6},,,SDE,1752071691000,201
196,,2021-10-05,2021-10-05,,BROKEN POLE REMOVAL NEEDED,,DAMAGED,ATLANTA HWY AT 1 W WAREINGWOOD DR,BROKEN POLE REMOVAL NEEDED,ALL ATTACHMENTS DISCONNECTED; REMOVAL NEEDED,{8E1C4E6F-840F-4836-92EE-8143D926E184},,,SDE,1752071691000,203
197,,2021-10-07,2021-10-21,,STUB POLE REMOVAL NEEDED,,REMOVAL NEEDED,1400 ANN ST,STUB POLE REMOVAL NEEDED, ,{6D02F1AC-AC28-4B4A-8D85-5DC47B0BA00E},,,SDE,1752071691000,204
198,,2021-10-14,2021-10-21,,BROKEN POLE; TRANSFERS NEEDED,,DAMAGED,624 OAKBROOK DR,BROKEN POLE; TRANSFERS NEEDED, ,{66C9B626-94F9-4F59-BCE0-0F525DAF5373},,,SDE,1752071691000,205
199,,2021-10-14,2021-10-21,,STUB POLE REMOVAL NEEDED,,REMOVAL NEEDED,1009 OAKBROOK DR,STUB POLE REMOVAL NEEDED, ,{33844655-1FEA-4443-A7B7-1B87766BE216},,,SDE,1752071691000,206
200,,2021-10-18,2021-10-21,,STUB POLE REMOVAL NEEDED,,REMOVAL NEEDED,1510 EASTERN BLVD,STUB POLE REMOVAL NEEDED, ,{3339FDED-8545-4E62-B01B-56D5F83A5165},,,SDE,1752071691000,207
201,,2021-10-19,2021-10-21,,POLE TOP HANGING; TRANSFERS NEEDED,,DAMAGED,441 HIGH ST,POLE TOP HANGING; TRANSFERS NEEDED,SIDEWALK AND CURB DAMAGED AT NEW POLE LOCATION,{E1B1C617-38F6-4C60-8D62-9B733CEF2A63},,,SDE,1752071691000,209
202,,2021-10-25,2021-11-12,,STUB POLE REMOVAL NEEDED,,REMOVAL NEEDED,1015 W SOUTH BLVD,STUB POLE REMOVAL NEEDED,STUB POLE WITH NO ATTACHMENTS,{B4B8DAFC-D867-41FE-A9F2-4F31B89E0E0E},,,SDE,1752071691000,211
203,,2021-10-27,2021-11-12,,STUB POLE REMOVAL NEEDED,,REMOVAL NEEDED,703 E PATTON AVE,STUB POLE REMOVAL NEEDED,DAMAGED POLE BOTTOM WITH NO ATTACHMENTS,{DF0F9B18-098D-4A73-BB20-8D81714E024B},,,SDE,1752071691000,212
204,,2021-11-08,2021-11-12,,POLE TOP HANGING; TRANSFERS NEEDED,,DAMAGED,13 S HOPPER ST AT MADISON AVE,POLE TOP HANGING; TRANSFERS NEEDED,3 ATTACHMENTS,{AEE08D09-437B-4B94-833C-E2ACF2EEF376},,,SDE,1752071691000,214
205,,2021-11-08,2021-11-12,,POLE TOP HANGING; TRANSFERS NEEDED,,DAMAGED,1215 UPPER WETUMPKA RD,POLE TOP HANGING; TRANSFERS NEEDED,2 ATTACHMENTS,{F2461434-D59A-4CA6-9366-D2F0286548E2},,,SDE,1752071691000,216
206,,2021-11-10,2021-11-12,,STUB POLE REMOVAL NEEDED,,REMOVAL NEEDED,4781 MOBILE HWY AT WINDYWOOD DR,STUB POLE REMOVAL NEEDED,POLE BOTTOM WITH NO ATTACHMENTS,{D767E558-954F-41D7-BD3A-8BEB819A9467},,,SDE,1752071691000,217
207,,2021-11-10,2021-11-12,,2-POLE TOP HANGING; TRANSFERS NEEDED,,DAMAGED,4705 MOBILE HWY AT KIMGSWOOD RD,2-POLE TOP HANGING; TRANSFERS NEEDED,2 STUB POLES AND 2 POLE TOPS HANGING WITH ATTACHMENTS,{FD2D537E-5E97-412C-9E20-484BA9926049},,,SDE,1752071691000,218
208,,2021-11-10,2021-11-12,,2-POLE TOP HANGING; TRANSFERS NEEDED,,DAMAGED,4705 MOBILE HWY AT KIMGSWOOD RD,2-POLE TOP HANGING; TRANSFERS NEEDED,2 STUB POLES AND 2 POLE TOPS HANGING WITH ATTACHMENTS,{C5F33E7D-0F56-44FD-9E7F-F7714E481012},,,SDE,1752071691000,218
209,,2021-11-10,2021-11-12,,2-STUB POLE REMOVAL NEEDED,,REMOVAL NEEDED,EASTBOUND ENTRANCE RAMP OFF MOBILE HWY ONTO SELMA HWY,2-STUB POLE REMOVAL NEEDED,2 STUB POLES WITH NO ATTACHMENTS,{4AF70A6D-B854-4D55-A25A-89852DF91AB6},,,SDE,1752071691000,219
210,,2021-11-12,2021-11-12,,POLE TOP HANGING; TRANSFERS NEEDED,,DAMAGED,1824 MIDWAY ST,POLE TOP HANGING; TRANSFERS NEEDED,4 ATTACHMENTS,{D75CF171-84E3-421E-A81C-38512A5E5D5D},,,SDE,1752071691000,221
211,,2021-11-12,2021-11-12,,POLE TOP HANGING; TRANSFERS NEEDED,,DAMAGED,874 W FAIRVIEW AVE AT OAK ST,POLE TOP HANGING; TRANSFERS NEEDED,4 ATTACHMENTS,{BABE1FB1-C6E7-4F6B-82BE-051468B39327},,,SDE,1752071691000,222
212,,2021-08-24,2021-08-27,,2-STUB POLE REMOVAL NEEDED,,REMOVAL NEEDED,CLANTON AVE AT S HULL ST,2-STUB POLE REMOVAL NEEDED,2 STUB POLES WITH NO ATTACHMENTS,{A7795C51-DEC5-4853-A0F9-976CBB1CD6E5},,,SDE,1752071691000,185
213,,2021-08-24,2021-08-27,,2-STUB POLE REMOVAL NEEDED,,REMOVAL NEEDED,CLANTON AVE AT S HULL ST,2-STUB POLE REMOVAL NEEDED,2 STUB POLES WITH NO ATTACHMENTS,{5320F6F4-519A-4253-96A1-67D876785EFF},,,SDE,1752071691000,185
214,,2021-08-24,2021-08-27,,STUB POLE REMOVAL NEEDED,,REMOVAL NEEDED,919 CLOVERDALE RD,STUB POLE REMOVAL NEEDED,STUB POLE WITH NO ATTACHMENTS,{723E6CDB-42DE-458C-A23D-79437FE9AF71},,,SDE,1752071691000,188
215,,2021-08-24,2021-08-27,,BROKEN POLE REMOVAL NEEDED,,DAMAGED,1200 WESTMORELAND,BROKEN POLE REMOVAL NEEDED,PREVIOUS REPORT #49: STUB POLE WITH NO ATTACHMENTS,{907C5F5C-7D55-4B21-A0EF-D5C557E9E3FD},,,SDE,1752071691000,189
216,,2021-08-24,2021-08-27,,STUB POLE REMOVAL NEEDED,,REMOVAL NEEDED,1960 RIDGE AVE,STUB POLE REMOVAL NEEDED,STUB POLE WITH NO ATTACHMENTS,{D64FBBF6-DAB4-4C97-847E-A9B33AF14CBA},,,SDE,1752071691000,190
217,,2021-08-24,2021-08-27,,POLE TOP HANGING; TRANSFERS NEEDED,,DAMAGED,ACROSS FROM 2255 S FORBES DR,POLE TOP HANGING; TRANSFERS NEEDED,3 ATTACHMENTS,{45FF9A71-3BF2-4337-88F8-1582B2FA94A1},,,SDE,1752071691000,193
218,,2021-08-24,2021-08-27,,BROKEN POLE; TRANSFERS NEEDED,,DAMAGED,126 CONLEY CT,BROKEN POLE; TRANSFERS NEEDED,2 ATTACHMENTS,{51EE358E-EFFD-452C-8721-52240699A46F},,,SDE,1752071691000,194
219,,2021-08-24,2021-08-27,,BROKEN POLE; TRANSFERS NEEDED,,DAMAGED,104 LONGBROOK DR,BROKEN POLE; TRANSFERS NEEDED,1 ATTACHMENT,{B381380D-5B47-426A-BE1A-7172E09E1C29},,,SDE,1752071691000,195
220,,2021-12-02,2021-12-03,,STUB POLE REMOVAL NEEDED,,REMOVAL NEEDED,3077 CARTER HILL RD,STUB POLE REMOVAL NEEDED,NO ATTACHMENTS,{62BC8402-C3BA-42AC-8D8D-279911CF6E4C},,,SDE,1752071691000,233
221,,2021-12-02,2021-12-03,,STUB POLE REMOVAL NEEDED,,REMOVAL NEEDED,255 S JACKSON ST,STUB POLE REMOVAL NEEDED,NO ATTACHMENTS,{41DC1158-5E86-4896-9CA9-9E30FF88E6AE},,,SDE,1752071691000,234
222,,2021-12-22,2022-01-07,,BROKEN POLE; TRANSFERS NEEDED,,DAMAGED,2911 DAY ST,BROKEN POLE; TRANSFERS NEEDED,8 ATTACHMENTS,{2CB346B2-95E8-4A4D-93E4-7FFDA1EF6EAE},,,SDE,1752071691000,235
223,,2021-12-30,2022-01-07,,POLE TOP HANGING; TRANSFERS NEEDED,,DAMAGED,3718 ROSA L PARKS AVE,POLE TOP HANGING; TRANSFERS NEEDED,5 ATTACHMENTS,{361FEFF8-6A51-4A1A-B822-0438BA7CA435},,,SDE,1752071691000,236
224,,2022-01-03,2022-01-07,,POLE TOP HANGING; TRANSFERS NEEDED,,DAMAGED,500 AUGUSTA AVE,POLE TOP HANGING; TRANSFERS NEEDED,3 ATTACHMENTS,{A846CF8C-31CD-41A6-8219-963B955942FB},,,SDE,1752071691000,237
225,,2022-01-06,2022-01-07,,POLE TOP HANGING; TRANSFERS NEEDED,,DAMAGED,2915 BILTMORE AVE,POLE TOP HANGING; TRANSFERS NEEDED,5 ATTACHMENTS,{A2DAE00D-BB6F-4F81-8760-573CD849423E},,,SDE,1752071691000,240
226,,2022-01-14,2022-01-31,,POLE TOP HANGING; TRANSFERS NEEDED,,DAMAGED,4819 SUNSHINE DR,POLE TOP HANGING; TRANSFERS NEEDED,3 ATTACHMENTS,{FECA1FD8-E110-4A23-9FE0-1788F8781152},,,SDE,1752071691000,241
227,,2021-12-02,2022-01-31,,2-STUB POLE REMOVAL NEEDED,,REMOVAL NEEDED,3708 & 3716 FIELDCREST DR,2-STUB POLE REMOVAL NEEDED,NO ATTACHMENTS,{6058A34D-005D-4120-A9CC-24387261CA99},,,SDE,1752071691000,242
228,,2021-12-02,2022-01-31,,2-STUB POLE REMOVAL NEEDED,,REMOVAL NEEDED,3708 & 3716 FIELDCREST DR,2-STUB POLE REMOVAL NEEDED,NO ATTACHMENTS,{4DDA635E-C15B-4A77-B14B-C173A1B0BDF4},,,SDE,1752071691000,242
229,,2021-12-02,2022-01-31,,LEANING POLE REPLACEMENT NEEDED; TRANSFERS NEEDED,,LEANING,S RIPLEY ST AT NW CORNER OF WASHINGTON AVE,LEANING POLE REPLACEMENT NEEDED; TRANSFERS NEEDED,MULTIPLE ATTACHMENTS,{5775C290-94BB-42B6-901D-6BE4800B60AA},,,SDE,1752071691000,243
230,,2018-04-09,2022-01-31,,LOW HANGING WIRES,,LOW HANGING WIRES,4307 THORINGTON DR,LOW HANGING WIRES,MULTIPLE ATTACHMENTS,{EE4717E7-ED7B-4757-B325-CF14947A044B},,,SDE,1752071691000,244
231,,2018-04-09,2022-01-31,,BROKEN POLE; TRANSFERS NEEDED,,DAMAGED,3824 MOBILE HWY,BROKEN POLE; TRANSFERS NEEDED,3 ATTACHMENTS,{EF32BF1E-57CA-45E5-9FFF-EF69D8FA2D80},,,SDE,1752071691000,245
232,,2018-04-09,2022-01-31,,BROKEN POLE REMOVAL NEEDED,,DAMAGED,3175MOBILE HWY,BROKEN POLE REMOVAL NEEDED,NO ATTACHMENTS,{620598FA-B784-4337-90DA-A2AA419C904F},,,SDE,1752071691000,246
233,,2018-04-11,2022-01-31,,BROKEN POLE; TRANSFERS NEEDED,,DAMAGED,NE CORNER OF HOWE ST AND N DECATUR ST,BROKEN POLE; TRANSFERS NEEDED,3 ATTACHMENTS,{152497AD-18F9-486D-99C4-4AFFAE3F4EC2},,,SDE,1752071691000,247
234,,2018-04-11,2022-01-31,,STUB POLE REMOVAL NEEDED,,REMOVAL NEEDED,CLISBY PARK AT 1339 N DECATUR ST,STUB POLE REMOVAL NEEDED,NO ATTACHMENTS,{C6487428-CFFA-4B8A-A471-12D037FF979F},,,SDE,1752071691000,248
235,,2018-05-23,2018-05-25,,LOW HANGING WIRES,,LOW HANGING WIRES,3518 NORMAN BRIDGE RD,LOW HANGING WIRES,HANGING POLE TOP REMOVED; LOW HANGING WIRE REMAINS,{A683CEA5-854C-46D0-B046-B52D62D2B902},,,SDE,1752071691000,0
236,,2018-08-13,2018-08-23,,BROKEN POLE; TRANSFERS NEEDED,,DAMAGED,HIGHLAND AVE AT MAGGIE ST,BROKEN POLE; TRANSFERS NEEDED, ,{5F4E8B34-9F04-4703-866F-C04EAB78D121},,,SDE,1752071691000,0
237,,2018-08-13,2018-08-23,,STUB POLE REMOVAL NEEDED,,REMOVAL NEEDED,1432 WOODLEY RD,STUB POLE REMOVAL NEEDED, ,{5ACC79BB-6B2C-41FA-B93D-FA0E68E238C3},,,SDE,1752071691000,0
238,,2019-10-07,2019-11-01,,POLE TOP HANGING; TRANSFERS NEEDED,,DAMAGED,CARTER HILL RD AT MCGEHEE RD,POLE TOP HANGING; TRANSFERS NEEDED, ,{ECB973FE-04EA-48FD-9115-2B2F6D1F58DD},,,SDE,1752071691000,0
239,,2019-11-01,2019-11-01,,STUB POLE REMOVAL NEEDED; TRANSFERS NEEDED,,REMOVAL NEEDED,550 GREEN RIDGE RD,STUB POLE REMOVAL NEEDED; TRANSFERS NEEDED, ,{AA0FE641-2C87-4840-88DA-8A760A9B06DC},,,SDE,1752071691000,0
240,,2019-11-01,2019-11-01,,STUB POLE REMOVAL NEEDED; TRANSFERS NEEDED,,REMOVAL NEEDED,KAREN RD AT PLEASANT RIDGE RD,STUB POLE REMOVAL NEEDED; TRANSFERS NEEDED, ,{BB2957A6-F913-49F4-BDA6-BA2BDC5EFD7A},,,SDE,1752071691000,0
241,,2019-11-04,2019-11-08,,STUB POLE REMOVAL NEEDED; TRANSFERS NEEDED,,REMOVAL NEEDED,3022 TEXAS ST,STUB POLE REMOVAL NEEDED; TRANSFERS NEEDED, ,{ACBBF8E5-3BF6-4252-85C1-0825F73FA04B},,,SDE,1752071691000,0
242,,2019-11-04,2019-11-08,,STUB POLE REMOVAL NEEDED; TRANSFERS NEEDED,,REMOVAL NEEDED,N HOPPER ST AT FLINT ST,STUB POLE REMOVAL NEEDED; TRANSFERS NEEDED, ,{9CA52A33-7855-43CF-A85E-F9CB5B0996D7},,,SDE,1752071691000,0
243,,2019-11-04,2019-11-08,,STUB POLE REMOVAL NEEDED; TRANSFERS NEEDED,,REMOVAL NEEDED,S COURT ST AT WILSON ST,STUB POLE REMOVAL NEEDED; TRANSFERS NEEDED, ,{D6751D36-2ECD-4AD0-8A33-B57D4C3AE250},,,SDE,1752071691000,0
244,,2019-11-06,2019-11-08,,POLE TOP HANGING; TRANSFERS NEEDED,,DAMAGED,1310 ADRIAN LN,POLE TOP HANGING; TRANSFERS NEEDED, ,{7A539B72-D1A6-47BD-B256-E889ABCA4991},,,SDE,1752071691000,0
245,,2019-11-04,2019-11-08,,STUB POLE REMOVAL NEEDED,,REMOVAL NEEDED,3809 NARROW LANE RD,STUB POLE REMOVAL NEEDED, ,{65361A40-DE27-48E1-9239-25F4477270BE},,,SDE,1752071691000,0
246,,2019-11-04,2019-11-08,,POLE REMOVAL NEEDED; TRANSFERS NEEDED,,REMOVAL NEEDED,3855 NARROW LANE RD,POLE REMOVAL NEEDED; TRANSFERS NEEDED, ,{C282B9A1-1A30-467C-B620-12A27A5B7E28},,,SDE,1752071691000,0
247,,2019-11-19,2019-11-25,,BROKEN POLE; TRANSFERS NEEDED,,DAMAGED,2280 E SOUTH BLVD,BROKEN POLE; TRANSFERS NEEDED, ,{5583B76E-410E-41F1-B082-057CF1788282},,,SDE,1752071691000,0
248,,2019-11-22,2019-11-25,,BROKEN POLE; TRANSFERS NEEDED,,DAMAGED,2600 MCGEHEE RD,BROKEN POLE; TRANSFERS NEEDED, ,{A6E5C4F0-729B-4EBA-B0D4-CE9C04A524EE},,,SDE,1752071691000,0
249,,2019-11-19,2019-11-25,,BROKEN POLE; TRANSFERS NEEDED,,DAMAGED,W FLEMING RD AT BURGWYN RD,BROKEN POLE; TRANSFERS NEEDED, ,{B5AFD355-5800-4414-A126-49FCF00BCD9A},,,SDE,1752071691000,0
250,,2019-11-19,2019-11-25,,BROKEN POLE; TRANSFERS NEEDED,,DAMAGED,WOODLEY RD AT WAVERLY DR,BROKEN POLE; TRANSFERS NEEDED, ,{0E309525-DAD7-4A9E-ABCA-CB82E1FAB24E},,,SDE,1752071691000,0
251,,2019-11-19,2019-11-25,,STUB POLE REMOVAL NEEDED,,REMOVAL NEEDED,520 E SOUTH BLVD,STUB POLE REMOVAL NEEDED, ,{2248D9BD-85AA-4159-9DBE-809D47095523},,,SDE,1752071691000,0
252,,2019-11-22,2019-11-25,,POLE REMOVAL NEEDED; TRANSFERS NEEDED,,REMOVAL NEEDED,3019 WOODLEY TER,POLE REMOVAL NEEDED; TRANSFERS NEEDED, ,{4132565A-413A-46AC-A9CD-83356C3990AD},,,SDE,1752071691000,0
253,,2019-11-22,2019-11-25,,POLE REMOVAL NEEDED; TRANSFERS NEEDED,,REMOVAL NEEDED,3039 WOODLEY TER,POLE REMOVAL NEEDED; TRANSFERS NEEDED, ,{3478F6D5-E73A-4B4E-89A7-02A8BBFD0E79},,,SDE,1752071691000,0
254,,2019-11-19,2019-11-25,,STUB POLE REMOVAL NEEDED,,REMOVAL NEEDED,SUNSHINE DR AT E SOUTH BLVD SERV RD,STUB POLE REMOVAL NEEDED, ,{8B73D26B-EADD-47C8-B118-BB02F18C5E2E},,,SDE,1752071691000,0
255,,2019-11-19,2019-11-25,,POLE REMOVAL NEEDED; TRANSFERS NEEDED,,REMOVAL NEEDED,4408 NARROW LANE RD,POLE REMOVAL NEEDED; TRANSFERS NEEDED, ,{09BC6C47-6DDC-4CE4-94F3-0B5B184140D3},,,SDE,1752071691000,0
256,,2019-11-22,2019-11-25,,POLE REMOVAL NEEDED; TRANSFERS NEEDED,,REMOVAL NEEDED,OLD POST LN AT BELL RD,POLE REMOVAL NEEDED; TRANSFERS NEEDED, ,{DB670087-B198-4578-880A-B69E51769F2D},,,SDE,1752071691000,0
257,,2019-11-19,2019-11-25,,POLE TOP HANGING; TRANSFERS NEEDED,,DAMAGED,2144 WOODLEY RD,POLE TOP HANGING; TRANSFERS NEEDED, ,{3DB357AB-269D-43A1-988C-72BDC45BE1EF},,,SDE,1752071691000,0
258,,2022-03-01,2022-03-15,,POLE TOP HANGING; TRANSFERS NEEDED,,DAMAGED,SE INTERSECTION OF FISK RD AT N COLONIAL DR,POLE TOP HANGING; TRANSFERS NEEDED,4 ATTACHMENTS,{5832CEBD-6BD5-4FC7-8AB3-2AA1EDBB31D8},,,SDE,1752071691000,249
259,,2022-03-04,2022-03-15,,POLE TOP HANGING; TRANSFERS NEEDED,,DAMAGED,NE INTERSECTION OF OAK ST AT TRAVIS ST,POLE TOP HANGING; TRANSFERS NEEDED,4 ATTACHMENTS,{B5268414-446D-4752-9AC3-751DA298A75C},,,SDE,1752071691000,250
260,,2022-03-04,2022-03-15,,STUB POLE REMOVAL NEEDED,,REMOVAL NEEDED,NE INTERSECTION OF BRAGG ST AT MILL ST,STUB POLE REMOVAL NEEDED,NO ATTACHMENTS,{17FE8285-AE03-4C6B-B7DF-4B428440DC86},,,SDE,1752071691000,251
261,,2022-03-15,2022-03-15,,STUB POLE REMOVAL NEEDED,,REMOVAL NEEDED,KIRKSEY AVE AT 4001 MOBILE HWY,STUB POLE REMOVAL NEEDED,BROKEN POLE; NO ATTACHMENTS,{FE7A8F25-763A-40F1-9E03-00A077D9A0D8},,,SDE,1752071691000,252
262,,2022-03-17,2022-04-27,,BROKEN POLE; TRANSFERS NEEDED,,DAMAGED,4223 STRATHMORE DR,BROKEN POLE; TRANSFERS NEEDED,1 ATTACHMENT WITH ANCHOR,{3F76488C-D09F-4D30-AEF8-B358A74EB9C8},,,SDE,1752071691000,253
263,,2022-03-17,2022-04-27,,BROKEN POLE REMOVAL NEEDED,,REMOVAL NEEDED,4210 STRATHMORE DR AT TENNIS COURT,BROKEN POLE REMOVAL NEEDED,NO ATTACHMENTS,{966B9224-3FB6-439B-917C-62D09AFDB52C},,,SDE,1752071691000,254
264,,2022-03-22,2022-04-27,,BROKEN POLE; TRANSFERS NEEDED,,DAMAGED,HIGHLAND AVE AT PUTNAM ST,BROKEN POLE; TRANSFERS NEEDED,20 ATTACHMENTS,{4441B1CF-6474-476C-AB60-E3D23C534088},,,SDE,1752071691000,255
265,,2022-04-08,2022-04-27,,LOW HANGING WIRES,,LOW HANGING WIRES,4402 BELL CHASE DR,LOW HANGING WIRES,WIRE ON GROUND BETWEEN 4402 AND 4396,{B5F99072-062F-4095-85E3-95C29B83E061},,,SDE,1752071691000,256
266,,2022-04-27,2022-04-27,,POLE TOP HANGING; TRANSFERS NEEDED,,DAMAGED,3855 WOODLEY RD,POLE TOP HANGING; TRANSFERS NEEDED,2 ATTACHMENTS,{E0FE49A4-DED1-4ECD-84EE-56655FC3443D},,,SDE,1752071691000,258
267,,2022-04-27,2022-04-27,,POLE TOP HANGING; TRANSFERS NEEDED,,DAMAGED,371 YESTERHOUSE DR AT WARES FERRY RD,POLE TOP HANGING; TRANSFERS NEEDED,2 ATTACHMENTS,{8BFF9E4C-7E4B-441E-B7EF-1D4149CAF600},,,SDE,1752071691000,259
268,,2022-05-03,2022-06-02,,LOW HANGING WIRES,,LOW HANGING WIRES,6229 WARES FERRY RD,LOW HANGING WIRES, ,{6DC37EF6-BB2A-4D8B-80CD-D6D075E382A6},,,SDE,1752071691000,260
269,,2022-05-26,2022-06-02,,POLE TOP HANGING; TRANSFERS NEEDED,,DAMAGED,1373 BEAUMONT DR,POLE TOP HANGING; TRANSFERS NEEDED,4 ATTACHMENTS,{B0808823-7316-4B2F-BC3D-70116FD51CEB},,,SDE,1752071691000,261
270,,2022-06-02,2022-06-02,,BROKEN POLE; TRANSFERS NEEDED,,DAMAGED,W CROMWELL ST AT EDGAR D NIXON AVE,BROKEN POLE; TRANSFERS NEEDED,2 ATTACHMENTS,{BF58B69A-96F4-4216-BE46-B9234DA928DD},,,SDE,1752071691000,263
271,,2022-06-02,2022-06-02,,POLE TOP HANGING; TRANSFERS NEEDED,,DAMAGED,FELDER AVE S OF SANFORD ST,POLE TOP HANGING; TRANSFERS NEEDED,4 ATTACHMENTS,{C4A1771A-F9F0-489D-B0C4-ADDEAABF19E4},,,SDE,1752071691000,265
272,,2022-06-22,2022-07-12,,POLE TOP HANGING; TRANSFERS NEEDED,,DAMAGED,3069 TEXAS ST,POLE TOP HANGING; TRANSFERS NEEDED,2 ATTACHMENTS,{B7250BDA-ADA2-4565-9AF4-5A586A5B97D0},,,SDE,1752071691000,267
273,,2022-07-06,2022-07-12,,STUB POLE REMOVAL NEEDED,,REMOVAL NEEDED,3035 E SOUTH BLVD,STUB POLE REMOVAL NEEDED,NO ATTACHMENTS,{BF2ECC35-2F06-419D-937B-B2519B18B35F},,,SDE,1752071691000,269
274,,2022-07-06,2022-07-12,,BROKEN POLE; TRANSFERS NEEDED,,DAMAGED,123 COLUMBUS ST,BROKEN POLE; TRANSFERS NEEDED,3 ATTACHMENTS,{D5BCAAF5-33F2-4789-AB80-4C1FF9DDF282},,,SDE,1752071691000,270
275,,2022-08-01,2022-08-05,,STUB POLE REMOVAL NEEDED,,REMOVAL NEEDED,MALABAR RD AT WOODLEY PARK DR,STUB POLE REMOVAL NEEDED,NO ATTACHMENTS,{607906C3-1A3B-4B78-B5F0-9B1944830D44},,,SDE,1752071691000,275
276,,2022-08-01,2022-08-05,,STUB POLE REMOVAL NEEDED,,REMOVAL NEEDED,3209 RIDER WOOD DR,STUB POLE REMOVAL NEEDED,NO ATTACHMENTS,{C9722158-1725-49B5-9427-08D1F2842AD0},,,SDE,1752071691000,276
277,,2022-08-01,2022-08-05,,POLE TOP HANGING; TRANSFERS NEEDED,,DAMAGED,3229 CAPWOOD CURVE,POLE TOP HANGING; TRANSFERS NEEDED,3 ATTACHMENTS,{F685668B-38C3-4E86-9D36-7B9354D28257},,,SDE,1752071691000,277
278,,2022-08-02,2022-08-05,,POLE TOP HANGING; TRANSFERS NEEDED,,DAMAGED,LARCHMONT DR AT BURGWYN RD,POLE TOP HANGING; TRANSFERS NEEDED,5 ATTACHMENTS,{48146150-7D81-48DC-81BB-6E688BE87FA4},,,SDE,1752071691000,278
279,,2022-08-02,2022-08-05,,POLE TOP HANGING; TRANSFERS NEEDED,,DAMAGED,361 KEMPTON DR,POLE TOP HANGING; TRANSFERS NEEDED,4 ATTACHMENTS,{B3C9F7F7-63B3-4A92-BC84-C5581107B970},,,SDE,1752071691000,279
280,,2022-08-19,2022-09-26,,BROKEN POLE; TRANSFERS NEEDED,,DAMAGED,MCMILLAN ST AT OLD SELMA RD,BROKEN POLE; TRANSFERS NEEDED,7 Attachments,{9AFF70C0-B880-4F83-BA76-325B8C1FD43C},,,SDE,1752071691000,282
281,,2022-09-20,2022-09-26,,POLE TOP HANGING; TRANSFERS NEEDED,,DAMAGED,3313 MCGHEE RD,POLE TOP HANGING; TRANSFERS NEEDED,4 Attachments,{0A1C470D-7406-4AA4-976C-ED3656007D62},,,SDE,1752071691000,283
282,,2022-09-20,2022-09-26,,BROKEN POLE; TRANSFERS NEEDED,,DAMAGED,1314 HIGHLAND AVE,BROKEN POLE; TRANSFERS NEEDED,5 Attachments,{A3B689FE-DD84-4788-A812-69C35C2BE8AC},,,SDE,1752071691000,284
283,,2024-05-31,2024-06-06,,POLE TOP HANGING; TRANSFERS NEEDED,,DAMAGED,5101 VAUGHN RD,POLE TOP HANGING; TRANSFERS NEEDED,5 ATTACHMENTS,{AF69426B-6487-494A-9833-14D21F89B569},,,SDE,1752071691000,357
284,,2024-05-28,2024-06-06,,STUB POLE REMOVAL NEEDED,,REMOVAL NEEDED,BOZEMAN DR; E SIDE; ACROSS FROM 3144,STUB POLE REMOVAL NEEDED,BROKEN POLE; NO TRANSFERS NEEDED,{17A7C932-6D86-44C9-8A72-5414B031FE35},,,SDE,1752071691000,356
285,,2024-04-03,2024-06-06,,POLE TOP HANGING; TRANSFERS NEEDED,,DAMAGED,3875 WARES FERRY RD,POLE TOP HANGING; TRANSFERS NEEDED,NEW POLE IN PLACE; CABLE BLOCKING SIDEWALK,{1EDAE828-FA00-429F-B4A3-7F8E39B30F18},,,SDE,1752071691000,355
286,,2024-06-04,2024-06-06,,BROKEN POLE; TRANSFERS NEEDED,,DAMAGED,1235 BRAGG ST,BROKEN POLE; TRANSFERS NEEDED,POLE TOP HANGING; 4 ATTACHMENTS,{E6A3B987-3DAA-4A75-8D58-A9D98501284D},,,SDE,1752071691000,358
287,,2023-08-29,2024-06-06,,2-POLE TOP HANGING; TRANSFERS NEEDED,,DAMAGED,1460 ANN ST,2-POLE TOP HANGING; TRANSFERS NEEDED,2 POLES HANGING WITH ATTACHMENTS,{0311491D-3BD2-4D1E-BC9B-4DA2216F215D},,,SDE,1752071691000,334
288,,2023-08-29,2024-06-06,,2-POLE TOP HANGING; TRANSFERS NEEDED,,DAMAGED,1460 ANN ST,2-POLE TOP HANGING; TRANSFERS NEEDED,2 POLES HANGING WITH ATTACHMENTS,{29B0391A-5F85-416B-8614-09730F27ABF4},,,SDE,1752071691000,334
289,,2023-10-17,2023-11-17,,STUB POLE; TRANSFERS NEEDED,,DAMAGED,1813 E TRINITY BLVD,STUB POLE; TRANSFERS NEEDED,3 ATTACHMENTS,{70987F9D-8249-439B-B58B-644930AA0228},,,SDE,1752071691000,354
290,,2023-10-17,2023-11-17,,POLE TOP HANGING; TRANSFERS NEEDED,,DAMAGED,1813 E TRINITY BLVD,POLE TOP HANGING; TRANSFERS NEEDED,6 ATTACHMENTS,{DC2591BB-46FA-4A12-BE8F-F5E762A20D58},,,SDE,1752071691000,353
291,,2023-10-17,2023-11-17,,2-POLE TOP HANGING; TRANSFERS NEEDED,,DAMAGED,3474 GILMER AVE,2-POLE TOP HANGING; TRANSFERS NEEDED,2 POLE TOPS; 3 ATTACHMENTS,{28A71B06-0A17-4AC9-B04E-BCD06808B30C},,,SDE,1752071691000,352
292,,2023-10-17,2023-11-17,,STUB POLE REMOVAL NEEDED,,REMOVAL NEEDED,NE CORNER E FAIRVIEW AVE AT S PERRY ST,STUB POLE REMOVAL NEEDED,BROKEN POLE ON GROUND,{2CB57A7D-1E9D-4C1E-B801-E84F5E7EEB33},,,SDE,1752071691000,351
293,,2023-11-16,2023-11-17,,POLE TOP HANGING; TRANSFERS NEEDED,,DAMAGED,NW CORNER WOODLEY RD AT WOODLEY TERRACE,POLE TOP HANGING; TRANSFERS NEEDED,6 ATTACHMENTS,{8BFBDF4E-E5A4-4B77-A913-4639AC0A3445},,,SDE,1752071691000,350
294,,2023-11-16,2023-11-17,,2-STUB POLE REMOVAL NEEDED,,REMOVAL NEEDED,4490 VIRGINIA LOOP RD,2-STUB POLE REMOVAL NEEDED,LEANING POLE; STUB POLE,{19676A1A-D8A7-493C-967D-CEF2A1D7CFF0},,,SDE,1752071691000,349
295,,2023-11-16,2023-11-17,,2-STUB POLE REMOVAL NEEDED,,REMOVAL NEEDED,4490 VIRGINIA LOOP RD,2-STUB POLE REMOVAL NEEDED,LEANING POLE; STUB POLE,{42F98C77-DE69-4518-9870-EBF60D2EED3B},,,SDE,1752071691000,349
296,,2023-11-16,2023-11-17,,POLE TOP HANGING; TRANSFERS NEEDED,,DAMAGED,4307 VIRGINIA LOOP RD,POLE TOP HANGING; TRANSFERS NEEDED,3 ATTACHMENTS,{20A991DA-2CFD-4B95-871B-036AA18B9A61},,,SDE,1752071691000,348
297,,2023-11-16,2023-11-17,,STUB POLE REMOVAL NEEDED; TRANSFERS NEEDED,,REMOVAL NEEDED,712 PARK AVE,STUB POLE REMOVAL NEEDED; TRANSFERS NEEDED,2 ATTACHMENTS,{D66493A7-4C84-447E-B3F1-B3A5E8B21907},,,SDE,1752071691000,347
298,,2023-11-16,2023-11-17,,LOW HANGING WIRES,,LOW HANGING WIRES,3450 NORMAN BRIDGE RD,LOW HANGING WIRES,LOW HANGING WIRES,{86AC4F69-89C1-44F3-AED5-2C5ADC8C41ED},,,SDE,1752071691000,346
299,,2023-10-04,2023-10-04,,BROKEN POLE; TRANSFERS NEEDED,,DAMAGED,CARTER HILL RD; S SIDE; ACROSS FROM PINELEAF ST,BROKEN POLE; TRANSFERS NEEDED,4 ATTACHMENTS,{467EC11F-3460-4C42-B413-56FF1A14FAC5},,,SDE,1752071691000,344
300,,2023-09-19,2023-10-04,,POLE TOP HANGING; TRANSFERS NEEDED,,DAMAGED,NW CORNER OF E SOUTH ST AND S DECATUR ST,POLE TOP HANGING; TRANSFERS NEEDED,3 ATTACHMENTS,{C032C106-6C2F-4841-BF80-95C05CF801F2},,,SDE,1752071691000,342
301,,2023-09-19,2023-10-04,,POLE TOP HANGING; TRANSFERS NEEDED,,DAMAGED,NE CORNER OF HERRON ST AND N HOLT ST,POLE TOP HANGING; TRANSFERS NEEDED,4 ATTACHMENTS,{87440CBB-1A7B-4145-AE88-2567D1AAA0EB},,,SDE,1752071691000,343
302,,2023-09-12,2023-10-04,,BROKEN POLE; TRANSFERS NEEDED,,DAMAGED,3100 ATLANTA HWY,BROKEN POLE; TRANSFERS NEEDED,4 ATTACHMENTS,{4C5C9E5A-5075-49DA-8F20-B200B226F8B0},,,SDE,1752071691000,341
303,,2023-09-13,2023-10-04,,POLE TOP HANGING; TRANSFERS NEEDED,,DAMAGED,ANN ST; W SIDE AT CAPITOL HEIGHTS BAPTIST CHURCH,POLE TOP HANGING; TRANSFERS NEEDED,4 ATTACHMENTS,{6E15A658-1AD8-4863-97D5-A01B2C98DBBB},,,SDE,1752071691000,340
304,,2023-09-12,2023-10-04,,POLE TOP HANGING; TRANSFERS NEEDED,,DAMAGED,SW CORNER OF S COURT ST AND E HANNON ST,POLE TOP HANGING; TRANSFERS NEEDED,4 ATTACHMENTS,{6135C392-0CE4-4C39-9283-C93AF70774F7},,,SDE,1752071691000,339
305,,2023-08-25,2023-08-29,,POLE TOP HANGING; TRANSFERS NEEDED,,DAMAGED,3525 WOODLEY RD,POLE TOP HANGING; TRANSFERS NEEDED,4 ATTACHMENTS,{A718E847-E235-43A4-8D6F-AB7CEDFF038B},,,SDE,1752071691000,338
306,,2023-08-25,2023-08-29,,LOW HANGING WIRES,,LOW HANGING WIRES,3525 WOODLEY RD,LOW HANGING WIRES,LOW HANGING WIRES AND DAMAGED CABINET,{2094F8E7-B4F0-40F6-A39C-5E8B4FE2248A},,,SDE,1752071691000,338
307,,2023-08-25,2023-08-29,,BROKEN POLE; TRANSFERS NEEDED,,DAMAGED,224 CONRAD ST,BROKEN POLE; TRANSFERS NEEDED,4 ATTACHMENTS,{40993517-0D1D-4079-81EA-CD848526A1A4},,,SDE,1752071691000,337
308,,2023-08-24,2023-08-29,,POLE TOP HANGING; TRANSFERS NEEDED,,DAMAGED,2035 RIGBY ST,POLE TOP HANGING; TRANSFERS NEEDED,3 ATTACHMENTS,{0000048F-CBE3-4BE2-9537-340754A7F93B},,,SDE,1752071691000,336
309,,2023-08-23,2023-08-29,,POLE TOP HANGING; TRANSFERS NEEDED,,DAMAGED,1038 GLEN GRATTAN,POLE TOP HANGING; TRANSFERS NEEDED,4 ATTACHMENTS,{F97C8A91-A5AF-4CAD-8621-F63C2B84B005},,,SDE,1752071691000,335
310,,2023-08-23,2023-08-29,,BROKEN POLE REMOVAL NEEDED,,REMOVAL NEEDED,1038 GLEN GRATTAN,BROKEN POLE REMOVAL NEEDED,NO ATTACHMENTS,{5DFA2E77-BC73-4293-9018-4B950019C268},,,SDE,1752071691000,333
311,,2023-08-23,2023-08-29,,BROKEN POLE REMOVAL NEEDED,,REMOVAL NEEDED,3751 THOMAS AVE,BROKEN POLE REMOVAL NEEDED,NO ATTACHMENTS,{A3D31762-1298-42E5-B40D-39E17867CA37},,,SDE,1752071691000,332
312,,2023-08-23,2023-08-29,,BROKEN POLE; TRANSFERS NEEDED,,DAMAGED,3721 THOMAS AVE,BROKEN POLE; TRANSFERS NEEDED,ATTACHMENTS,{9C98591F-9FB1-4420-8D0F-2E0BD2176350},,,SDE,1752071691000,331
313,,2023-08-23,2023-08-29,,LOW HANGING WIRES,,LOW HANGING WIRES,708 E SOUTH BLVD,LOW HANGING WIRES,LOW HANGING WIRES,{08598B22-9923-41FB-8559-0037136D6D46},,,SDE,1752071691000,330
314,,2023-07-25,2023-08-29,,PEDESTAL DAMAGE,,DAMAGED,6211 CHAPARRAL DR,PEDESTAL DAMAGE,PEDESTAL DAMAGE,{343F1E5B-A66B-4595-B1AA-84F329C9D631},,,SDE,1752071691000,328
315,,2023-07-25,2023-08-29,,LOW HANGING WIRES,,LOW HANGING WIRES,632 UNDERWOOD ST,LOW HANGING WIRES,LOW HANGING WIRES,{5D94FAD4-1E2A-4A76-B9ED-8C39A3EF91E3},,,SDE,1752071691000,327
316,,2023-07-06,2023-07-06,,LOW HANGING WIRES,,LOW HANGING WIRES,"N HOPPER ST; E SIDE, ACROSS FROM 27 N HOPPER ST",LOW HANGING WIRES,LOW HANGING WIRES,{BC70BFC3-B903-48A0-ADF3-93154426BF9A},,,SDE,1752071691000,325
317,,2023-07-05,2023-07-06,,STUB POLE REMOVAL NEEDED,,REMOVAL NEEDED,4400 WHITE ACRES RD,STUB POLE REMOVAL NEEDED,NO ATTACHMENTS,{464F5D6D-6452-4ACE-A45B-C13B2D8004CB},,,SDE,1752071691000,324
318,,2023-06-28,2023-07-06,,POLE TOP HANGING; TRANSFERS NEEDED,,DAMAGED,612 GREEN RIDGE RD,POLE TOP HANGING; TRANSFERS NEEDED,3 ATTACHMENTS,{902066A4-98CC-4907-9371-3AD08B66A2F4},,,SDE,1752071691000,323
319,,2023-06-26,2023-07-06,,BROKEN POLE; TRANSFERS NEEDED,,DAMAGED,TAYLOR ROAD ROW; BEHIND 5900 DEAN TRACE,BROKEN POLE; TRANSFERS NEEDED,1 ATTACHMENT,{591DA191-AAFE-4F93-8F6C-B858FA8BAC55},,,SDE,1752071691000,322
320,,2023-05-23,2023-07-06,,BROKEN POLE; TRANSFERS NEEDED,,DAMAGED,SW CORNER OF S COURT ST AND E FRED D GRAY AVE,BROKEN POLE; TRANSFERS NEEDED,4 ATTACHMENTS,{F6A74981-2525-4F54-B402-8782F359010B},,,SDE,1752071691000,320
321,,2023-05-03,2023-07-06,,POLE TOP HANGING; TRANSFERS NEEDED,,DAMAGED,NW CORNER OF N BAINBRIDGE ST AND RANDOLPH ST,POLE TOP HANGING; TRANSFERS NEEDED,4 ATTACHMENTS,{0BD133CC-0B57-4176-AD36-92CE338D2B0F},,,SDE,1752071691000,319
322,,2023-05-03,2023-07-06,,LOW HANGING WIRES,,LOW HANGING WIRES,N SIDE OF RANDOLPH ST; W OF N BAINBRIDGE ST,LOW HANGING WIRES,LOW HANGING WIRES,{821B830B-0ED1-4B73-9CDB-3AD9FFBEEA02},,,SDE,1752071691000,319
323,,2023-05-02,2023-05-02,,POLE TOP HANGING; TRANSFERS NEEDED,,DAMAGED,467 MOBILE ST,POLE TOP HANGING; TRANSFERS NEEDED,4 ATTACHMENTS,{8BAB7818-6874-4A36-BE95-5C15B11C632C},,,SDE,1752071691000,318
324,,2023-05-01,2023-05-02,,STUB POLE REMOVAL NEEDED,,REMOVAL NEEDED,CENTER MEDIAN N BURBANK DR AND EASTDALE DR,STUB POLE REMOVAL NEEDED,NO ATTACHMENTS,{59B0BEE8-AD97-45D3-9D45-8202C16F630D},,,SDE,1752071691000,317
325,,2023-04-24,2023-05-02,,BROKEN POLE REMOVAL NEEDED,,REMOVAL NEEDED,"5888 CHERRY HILL RD, SW CORNER",BROKEN POLE REMOVAL NEEDED,POLE BOTTOM REMOVAL NEEDED,{3AD473AB-5A5F-4D60-B373-824B47472742},,,SDE,1752071691000,316
326,,2023-04-17,2023-05-02,,POLE TOP HANGING; TRANSFERS NEEDED,,DAMAGED,1948 SPEIGLE ST,POLE TOP HANGING; TRANSFERS NEEDED,3 ATTACHMENTS,{6BD93B76-1CC1-4A28-95C7-8C6BA2EA77CC},,,SDE,1752071691000,315
327,,2023-01-27,2023-03-02,,BROKEN POLE; TRANSFERS NEEDED,,DAMAGED,1921 MT MEIGS RD,BROKEN POLE; TRANSFERS NEEDED,3 ATTACHMENTS,{1BF50033-F7FA-4FF5-B2F3-3AC9F3F56BF1},,,SDE,1752071691000,312
328,,2023-01-27,2023-03-02,,BROKEN POLE; TRANSFERS NEEDED,,DAMAGED,NORMAN BRIDGE RD AT 402 CLOVERDALE RD,BROKEN POLE; TRANSFERS NEEDED,3 ATTACHMENTS,{638BC183-E154-40CF-AF9C-C2CEBA0A3648},,,SDE,1752071691000,311
329,,2023-01-27,2023-03-02,,2-STUB POLE REMOVAL NEEDED,,REMOVAL NEEDED,1835 and 1845 ROBISON HILL RD,2-STUB POLE REMOVAL NEEDED,NO ATTACHMENTS,{91405227-D921-406B-B15E-136C4047C2E6},,,SDE,1752071691000,310
330,,2023-01-27,2023-03-02,,2-STUB POLE REMOVAL NEEDED,,REMOVAL NEEDED,1835 and 1845 ROBISON HILL RD,2-STUB POLE REMOVAL NEEDED,NO ATTACHMENTS,{7937B02E-DA26-431F-83A7-5272459FC383},,,SDE,1752071691000,310
331,,2023-01-18,2023-01-19,,POLE TOP HANGING; TRANSFERS NEEDED,,DAMAGED,ANTHONY ST; W SIDE ACROSS FROM 51,POLE TOP HANGING; TRANSFERS NEEDED,2 ATTACHMENTS,{51A3D249-B5D5-4318-901D-E563631D42E1},,,SDE,1752071691000,309
332,,2023-01-11,2023-01-19,,BROKEN POLE; TRANSFERS NEEDED,,DAMAGED,616 SMYTHE ST,BROKEN POLE; TRANSFERS NEEDED,4 ATTACHMENTS,{31B90A97-E369-4E7F-9A27-DEABD9FE908F},,,SDE,1752071691000,308
333,,2023-01-03,2023-01-19,,BROKEN POLE; TRANSFERS NEEDED,,DAMAGED,3808 QUENBY DR,BROKEN POLE; TRANSFERS NEEDED,8 ATTACHMENTS,{3CAE57A1-8D7E-4F0D-A383-7710968D50A2},,,SDE,1752071691000,307
334,,2022-12-06,2022-12-06,,BROKEN POLE; TRANSFERS NEEDED,,DAMAGED,1828 ALDERPOINT DR,BROKEN POLE; TRANSFERS NEEDED,15 attachments,{1BEA3B61-4BAF-44C5-B783-5CEF206A5CA6},,,SDE,1752071691000,305
335,,2022-12-06,2022-12-06,,POLE TOP HANGING; TRANSFERS NEEDED,,DAMAGED,SE CORNER OF S COURT ST AND E SOUTH BLVD SERVICE RD,POLE TOP HANGING; TRANSFERS NEEDED,5 ATTACHMENTS,{2BDB9DFC-4CD7-45E1-84A1-2799DA40F9BC},,,SDE,1752071691000,304
336,,2022-12-06,2022-12-06,,POLE REMOVAL; TRANSFERS NEEDED,,DAMAGED,1522 S COURT ST,POLE REMOVAL; TRANSFERS NEEDED,4 ATTACHMENTS,{4FF4F2CA-7818-463A-ADBB-ACA5E02832CD},,,SDE,1752071691000,303
337,,2022-12-06,2022-12-06,,BROKEN POLE; TRANSFERS NEEDED,,DAMAGED,770 S COURT ST,BROKEN POLE; TRANSFERS NEEDED,3 ATTACHMENTS,{CAB093BB-9C51-4253-9256-46C67373E342},,,SDE,1752071691000,302
338,,2022-10-27,2023-12-06,,STUB POLE REMOVAL NEEDED,,REMOVAL NEEDED,SMYTHE ST AT 1200 LAKE ST,STUB POLE REMOVAL NEEDED,NO ATTACHMENTS,{C901AC98-9DDC-4ADE-ACE9-F12B7FBC73DC},,,SDE,1752071691000,300
339,,2022-10-26,2022-12-06,,POLE TOP HANGING; TRANSFERS NEEDED,,DAMAGED,FAIRGROUND RD; E SIDE ACROSS FROM 3131,POLE TOP HANGING; TRANSFERS NEEDED,3 ATTACHMENTS,{8C1451A5-73E8-4949-848C-1A61EC55204B},,,SDE,1752071691000,299
340,,2022-10-24,2022-12-06,,STUB POLE REMOVAL NEEDED,,REMOVAL NEEDED,1225 HUTCHINSON ST,STUB POLE REMOVAL NEEDED,NO ATTACHMENTS,{127C77BE-D7CB-40B2-AC83-EB48F6C73EC4},,,SDE,1752071691000,298
341,,2022-10-24,2022-12-06,,DAMAGED POLE; TRANSFERS NEEDED,,DAMAGED,1225 HUTCHINSON ST,DAMAGED POLE; TRANSFERS NEEDED,ATTACHMENTS,{F1975FD5-AF1E-4D25-AD80-4174A970FFE1},,,SDE,1752071691000,295
342,,2022-10-24,2022-12-06,,LOW HANGING WIRES,,LOW HANGING WIRES,1225 HUTCHINSON ST,LOW HANGING WIRES,ATTACHMENTS,{79052AEC-E95F-4428-A7B5-94840A07B0F0},,,SDE,1752071691000,295
343,,2022-10-21,2022-10-21,,STUB POLE REMOVAL NEEDED,,REMOVAL NEEDED,1010 LINCOLN RD,STUB POLE REMOVAL NEEDED,NO ATTACHMENTS,{54CBEDCE-3646-4A59-92E4-921223BFFF93},,,SDE,1752071691000,294
344,,2022-10-21,2022-10-21,,BROKEN POLE; TRANSFERS NEEDED,,DAMAGED,SW CORNER OF N DECATUR ST AND COLUMBUS ST,BROKEN POLE; TRANSFERS NEEDED,5 ATTACHMENTS,{B60A953D-0621-4ABF-8975-C8395B76A8E1},,,SDE,1752071691000,293
345,,2022-10-21,2022-10-21,,POLE TOP HANGING; TRANSFERS NEEDED,,DAMAGED,1338 BRAGG ST,POLE TOP HANGING; TRANSFERS NEEDED,3 ATTACHMENTS,{4F96477C-41C9-4636-91DF-1E1866ABFD07},,,SDE,1752071691000,292
346,,2022-10-12,2022-10-21,,STUB POLE REMOVAL NEEDED,,REMOVAL NEEDED,1338 ZEPHYR HILLS DR,STUB POLE REMOVAL NEEDED,NO ATTACHMENTS,{2040304E-3130-41EF-B9A9-D6E762A3F0B8},,,SDE,1752071691000,290
347,,2022-10-12,2022-10-21,,STUB POLE REMOVAL NEEDED,,REMOVAL NEEDED,1360 ZEPHYR HILLS DR,STUB POLE REMOVAL NEEDED,NO ATTACHMENTS,{E970AC70-FCB9-4D9E-B44B-A9709891F295},,,SDE,1752071691000,289
348,,2022-10-11,2022-10-21,,POLE TOP HANGING; TRANSFERS NEEDED,,DAMAGED,NW CORNER OF GREEN RIDGE RD AND WILLOW LANE DR,POLE TOP HANGING; TRANSFERS NEEDED,3 ATTACHMENTS,{80F32D17-8823-46B6-AE8A-D66E2C68933D},,,SDE,1752071691000,287
349,,2024-09-09,2024-09-27,,POLE TOP HANGING; TRANSFERS NEEDED,,DAMAGED,4035 FAIRGROUND ROAD,POLE TOP HANGING; TRANSFERS NEEDED,4 ATTACHMENTS,{ECBB72AD-E153-40E0-B8D0-9495DE110570},,,SDE,1752071691000,363
350,,2024-09-09,2024-09-27,,BROKEN POLE; TRANSFERS NEEDED,,DAMAGED,4035 FAIRGROUND ROAD,BROKEN POLE; TRANSFERS NEEDED,4 ATTACHMENTS,{5A627C9A-D73B-4833-AF22-985AF0477AFA},,,SDE,1752071691000,363
351,,2024-09-16,2024-09-27,,POLE TOP HANGING; TRANSFERS NEEDED,,DAMAGED,2101 WINDSOR AVE,POLE TOP HANGING; TRANSFERS NEEDED,4 ATTACHMENTS,{A8E095F2-CB72-406D-8BD1-09EEC1BD72EC},,,SDE,1752071691000,364
352,,2024-09-17,2024-09-27,,POLE TOP HANGING; TRANSFERS NEEDED,,DAMAGED,3807 Windsor Ave,POLE TOP HANGING; TRANSFERS NEEDED,4 ATTACHMENTS,{BF9A3A1B-31E2-4381-B4CA-40BC2FE3550C},,,SDE,1752071691000,365
353,,2024-09-19,2024-09-27,,POLE TOP HANGING; REMOVAL NEEDED,,DAMAGED,1322 South Decatur St,POLE TOP HANGING; REMOVAL NEEDED,3 ATTACHMENTS,{A155B66E-38D6-4448-8F1A-9247A5CA2D17},,,SDE,1752071691000,366
354,,2024-09-26,2024-09-27,,POLE TOP HANGING; REMOVAL NEEDED,,DAMAGED,3864 West April St,POLE TOP HANGING; REMOVAL NEEDED,1 ATTACHMENT,{226CEF35-82B6-4F8D-9751-2EA36B0E837B},,,SDE,1752071691000,367
355,,2024-09-27,2024-09-27,,BROKEN POLE; REMOVAL NEEDED,,REMOVAL NEEDED,1001 North Court St,BROKEN POLE; REMOVAL NEEDED,NO ATTACHMENTS,{13A09121-4A1E-4D53-8BB2-70C344ED1E20},,,SDE,1752071691000,368
356,,2024-09-27,2024-09-27,,POLE TOP HANGING; REMOVAL NEEDED,,DAMAGED,2332 Narrow Lane Rd,POLE TOP HANGING; REMOVAL NEEDED,1 ATTACHMENT,{798C9C34-2518-449E-B83A-3038A0BA084D},,,SDE,1752071691000,369
357,,2024-06-12,2024-08-05,,POLE TOP HANGING; TRANSFERS NEEDED,,DAMAGED,932 East Fairview Ave,POLE TOP HANGING; TRANSFERS NEEDED,4 ATTACHMENTS,{07E866D9-48EF-43CB-B793-10FA00AC2A69},,,SDE,1752071691000,359
358,,2024-06-12,2024-08-05,,LOW HANGING WIRES,,LOW HANGING WIRES,932 East Fairview Ave,LOW HANGING WIRES,Cable hanging to the ground,{31A7725C-D43B-48D5-AC2B-FEEE4719091B},,,SDE,1752071691000,359
359,,2024-06-13,2024-08-05,,STUB POLE REMOVAL NEEDED,,REMOVAL NEEDED,1840 Cairnbrook Dr,STUB POLE REMOVAL NEEDED,NO ATTACHMENTS,{9943EC0C-155A-4671-9C5A-0B9430DD1A7B},,,SDE,1752071691000,360
360,,2024-06-14,2024-08-05,,BROKEN POLE REMOVAL NEEDED,,REMOVAL NEEDED,1200 Lenora St,BROKEN POLE REMOVAL NEEDED,NO ATTACHMENTS,{2EA23B0C-0BEC-4AFC-B49A-FF2F908075D0},,,SDE,1752071691000,361
361,,2025-03-04,2025-03-04,,Broken Pole Transfers needed,,DAMAGED,638 Day St,Broken Pole Transfers needed, ,{C6CF45A6-9C16-4345-9D5B-E4E957F57B30},,,SDE,1752071691000,396
362,,2025-02-26,2025-03-04,,Pole Busting,,DAMAGED,642 S Holt St,Pole Busting, ,{4571D645-AB16-4278-B76E-B829589BB274},,,SDE,1752071691000,392
363,,2025-03-04,2025-03-04,,Leaning Pole,,LEANING,2183 Vaughn Rd,Leaning Pole, ,{57EC7FE7-2DCB-401A-B27A-BE75204C86B2},,,SDE,1752071691000,395
364,,2025-02-25,2025-03-04,,Leaning,,LEANING,Int of Randolph St & N McDonough St,Leaning,"Poles Broken, Poles Leaning, 4 attachments",{7CEB5C6F-C87B-469D-BE77-0ED8B0950E61},,,SDE,1752071691000,391
365,,2025-02-27,2025-03-04,,Poles Broken & Leaning,,REMOVAL NEEDED,E Fairview near S Court St,Poles Broken & Leaning,"Poles Broken, Poles Leaning, 1 attachment",{99DAEB40-8C18-4BF6-9021-DC922EE402EC},,,SDE,1752071691000,393
366,,2025-03-04,2025-03-04,,"Broken Pole, Pole Top Hanging",,REMOVAL NEEDED,516 N Mdonough St,"Broken Pole, Pole Top Hanging",Pole Removal Needed,{6764E944-3C02-4B7B-9583-9C2B90F2F674},,,SDE,1752071691000,391
367,,2025-03-04,2025-03-04,,Pole(s) Broken Light Pole Struck by car,,REMOVAL NEEDED,3060 Fieldcrest Dr,Pole(s) Broken Light Pole Struck by car,Pole Removal Needed. May be a City Owned Pole,{01A13F3C-4A4B-4BFF-B9BF-7D1965115D04},,,SDE,1752071691000,394
368,,2025-03-04,2025-03-04,,Pole(s) Broken Light Pole Struck by car,,REMOVAL NEEDED,3060 Fieldcrest Dr,Pole(s) Broken Light Pole Struck by car,Pole Removal Needed. May be a City Owned Pole,{90D69B4B-2313-4F40-A910-055780CD5671},,,SDE,1752071691000,394
369,,2025-04-14,2025-04-17,,Pole Top(s) Hanging,,REMOVAL NEEDED,6646 Pinebrook Dr,Pole Top(s) Hanging,Pole Removal(s) Needed,{0626C29E-A1A8-4D96-8943-F553AF34F90A},,,SDE,1752071691000,401
370,,2025-04-14,2025-04-17,,Pole(s) Broken,,REMOVAL NEEDED,6650 Pinebrook Dr,Pole(s) Broken,Pole Removal(s) Needed,{77FF7E9A-3191-4DDF-8A27-9278D17DC3D4},,,SDE,1752071691000,402
371,,2025-03-26,2025-04-17,,AT&T Box Broken,,REMOVAL NEEDED,513 Madison Ave,AT&T Box Broken,AT&T Box Broken,{AB82C36B-6EF4-4FA5-BA27-28E6C87917B7},,,SDE,1752071691000,399
372,,2025-03-26,2025-04-17,,AT&T Box Broken,,REMOVAL NEEDED,513 Madison Ave,AT&T Box Broken,AT&T Box Broken,{9A71AF0A-6D15-4613-9BED-21D7BB28C9D4},,,SDE,1752071691000,399
373,,2025-03-26,2025-04-17,,Cable Box Is Broken,,DAMAGED,9424 Colleton Ct,Cable Box Is Broken,AT&T Box Broken,{D300FF45-1784-484C-BA8A-C3782B890CD7},,,SDE,1752071691000,397
376,,2025-07-01,2025-07-03,Initial,"Pole(s) Broken; ,Low Hanging Wires; Pole is busted into two pieces metals on the ground, and the line is laying on the ground","Pole Removal(s) Needed; ,Wire Repair",REMOVAL NEEDED,Medical Plaza to 350 Taylor Rd.,,,{6D4F9585-796C-4A78-AE98-8351DA3F3B4E},CHRIS.WILLIAMS,1752073222000,CHRIS.WILLIAMS,1752073222000,412-A
377,,2025-07-03,2025-07-03,Initial,Pole(S) Busting;,Removal Needed,REMOVAL NEEDED,902 E Fairview,,,{C32C3886-ECB1-41D9-8957-A498087165E0},CHRIS.WILLIAMS,1752073920000,CHRIS.WILLIAMS,1752073920000,415
378,,2025-07-03,2025-07-03,Initial,Low Hanging Wires,Wire Repair,LOW HANGING WIRES,"9100 Atlanta Highway, Dixie electric company",,,{50370F4A-9EA7-4C59-8C48-4825D8C9F9F7},CHRIS.WILLIAMS,1752074152000,CHRIS.WILLIAMS,1752074152000,418
379,,2025-07-03,2025-07-03,Follow Up from old report list,Pole(S) Busting; Needs replacing,Pole needs to be replaced,REMOVAL NEEDED,1400 Highland Avenue @ Maggie Street,,,{6B97BEFE-B463-480B-BC45-754238C19D26},CHRIS.WILLIAMS,1752074637000,CHRIS.WILLIAMS,1752074637000,413
381,,2025-07-03,2025-07-03,Initial,"Pole Top(s) Hanging; ,Low Hanging Wires","Pole Removal(s) Needed; ,Wire Repair",REMOVAL NEEDED,1450 Ann Street,,,{B12951ED-B114-4BEC-BFF0-E983E9B19227},CHRIS.WILLIAMS,1752075078000,CHRIS.WILLIAMS,1752075078000,416
382,,2025-07-03,2025-07-03,Follow Up,Pole(S) Busting,Replacement needed,REMOVAL NEEDED,1800 Highland @ Putnam Street,,,{71173E9B-DCFB-4B7B-9578-79F8D38076D3},CHRIS.WILLIAMS,1752075388000,CHRIS.WILLIAMS,1752075388000,255-A
383,,2025-07-01,2025-07-03,Initial,Pole(s) Broken; The pole is broken and laying on the ground there are no wires attached,Pole Removal(s) Needed;,REMOVAL NEEDED,Medical Plaza TWO 350 Taylor Rd.,,,{1B66BA9A-2CC9-4F88-8B82-B13AEAB30B41},CHRIS.WILLIAMS,1752075602000,CHRIS.WILLIAMS,1752075602000,412
384,,2025-07-03,2025-07-03,Initial,Low Hanging Wires,Wire Repair; Three locations in this one vicinity needs wires replaced or removed,LOW HANGING WIRES,1757 Highland Avenue,,,{C0B01633-F751-4265-BF51-518ED7147D73},CHRIS.WILLIAMS,1752075905000,CHRIS.WILLIAMS,1752075905000,414
385,,2025-07-03,2025-07-03,Initial,Low Hanging Wires; In front of Vaughn Park Church,Wire Repair,LOW HANGING WIRES,3800 Vaughn Road @ Fieldcrest Dr,,,{35DC1F36-C75D-4FA9-BA79-88C06694AF32},CHRIS.WILLIAMS,1752076104000,CHRIS.WILLIAMS,1752076104000,417
386,,2025-07-03,2025-07-03,Initial,Low Hanging Wires,Wire Repair,LOW HANGING WIRES,1025 Federal Drive @ Biltmore Ave,,,{BA494AA9-2D78-4D7B-95D4-2B7A53451152},CHRIS.WILLIAMS,1752076343000,CHRIS.WILLIAMS,1752076343000,419
387,,2025-06-13,2025-06-13,Initial,"Pole(s) Broken; ,Leaning Pole(s)","Follow-up Actions
Transfer(s) Needed; Replacement needed.",REMOVAL NEEDED,,,,{C76A2359-762F-4313-9BF5-A3C60C4606F7},CHRIS.WILLIAMS,1752262454000,CHRIS.WILLIAMS,1752262454000,411
391,,2025-04-28,2025-06-13,Initial,Pole(s) Broken;,Pole Removal(s) Needed;,REMOVAL NEEDED,Federal Dr & Winona Ave,,,{D6967414-A8F8-421A-A625-560CE737395B},CHRIS.WILLIAMS,1752264048000,CHRIS.WILLIAMS,1752264048000,408
392,,2025-04-24,2025-06-13,Initial,Pole Top(s) Hanging; 2 attachments,"Transfer(s) Needed; ,Wire Repair; Wires hanging down",DAMAGED,,,,{DF7BE839-DFE9-43B6-BEA4-5AB2FA81B5DD},CHRIS.WILLIAMS,1752264426000,CHRIS.WILLIAMS,1752264426000,403
397,,2025-08-18,2025-08-29,Follow Up To Report 76,"Pole(s) Broken; ,Pole Bottom(s); ,Pole(s) Busting; ,Low Hanging Wires; ,Leaning Pole(s); 2 broken poles with 4 attachments","Pole Removal(s) Needed; ,Transfer(s) Needed; ,Pole Bottom Removal(s) Needed; ,Wire Repair; Wires are hanging down new pole is in place",REMOVAL,2735 LOWER WETUMPKA RD,,,{07E277AD-09EC-4C2D-8E71-E60BEFA3842D},CHRIS.WILLIAMS,1756494617000,CHRIS.WILLIAMS,1756496527000,428
398,,2025-07-21,2025-08-29,Initial,Pole(s) Broken;,Pole Removal(s) Needed;,REMOVAL NEEDED,Across the street from 709 Coliseum Blvd,,,{9F7F5AB8-B521-49CA-BDFF-CF11360AB13A},CHRIS.WILLIAMS,1756496138000,CHRIS.WILLIAMS,1756496138000,421
399,,2025-07-23,2025-08-29,Initial,Pole Top(s) Hanging; 6 attachments new pole is in place,Transfer(s) Needed; Removal needed,REMOVAL NEEDED,1900 ROSA L PARKS ,,INTERSECTING WITH LIBERTY ST,{67F8224F-2147-459E-85B1-04998707CD5D},CHRIS.WILLIAMS,1756496432000,CHRIS.WILLIAMS,1756496432000,423
400,,2025-07-24,2025-08-29,Initial,Pole(s) Broken;,"Pole Removal(s) Needed; ,Wire Repair;",REMOVAL NEEDED,5319 YOUNG BARN RD,,CENTRAL PARKWAY,{5AA80A1E-6DB7-466F-B7DB-CDDF077D3B12},CHRIS.WILLIAMS,1756496724000,CHRIS.WILLIAMS,1756496724000,425
401,,2025-08-18,2025-08-29,Initial,Pole Top(s) Hanging; 3 attachments,Transfer(s) Needed; New pole is in place,LOW HANGING WIRES,2800 LOWER WETUMPKA RD,,INTERSECTS CEDAR ST,{99DD4C5D-6DC6-40EF-81A4-0AF773C2BCF4},CHRIS.WILLIAMS,1756497051000,CHRIS.WILLIAMS,1756497051000,427
402,,2025-07-15,2025-08-29,Initial,Pole Top(s) Hanging; Removal needed. 4 attachments,Transfer(s) Needed; New pole is in place,LOW HANGING WIRES,2800 LOWER WETUMPKA RD,,INTERSECTS CEDAR ST,{99826C96-99CA-40AC-B294-42D6C9078BB8},CHRIS.WILLIAMS,1756497381000,CHRIS.WILLIAMS,1756497381000,420
403,,2025-07-21,2025-08-29,Initial,Pole(s) Broken;,Pole Removal(s) Needed;,REMOVAL NEEDED,,,,{9DB85573-66F1-4A5E-8F46-C98F87997554},CHRIS.WILLIAMS,1756499769000,CHRIS.WILLIAMS,1756499769000,422
404,,2025-07-24,2025-08-29,Initial,Pole(s) Broken;,HOA NOTIFIED,REMOVAL NEEDED,Intersection of Wiltshire and Bristol Way,,,{8360B4DD-0BE0-4B84-8F62-92993A3E151B},CHRIS.WILLIAMS,1756500466000,CHRIS.WILLIAMS,1756500466000,424
405,,2025-07-24,2025-08-29,Initial,Pole(s) Broken;,HOA NOTIFIED,REMOVAL NEEDED,Intersection of Wiltshire and Bristol Way,,,{191A86C4-8B28-4F95-AFC0-C484F2BEC1B4},CHRIS.WILLIAMS,1756500713000,CHRIS.WILLIAMS,1756500713000,424
406,,2025-10-06,2025-10-06,Initial,Pole(s) Broken; Pole is down,"Pole Removal(s) Needed; ,Pole Bottom Removal(s) Needed; ,Wire Repair; Removal needed",REMOVAL NEEDED,845 WEST SOUTH BLVD,,,{8EA82247-C61F-4BED-9217-2C4DD18A2C28},CHRIS.WILLIAMS,1760024520000,CHRIS.WILLIAMS,1760024520000,433
407,,2025-09-08,2025-10-06,Initial,Pole Top(s) Hanging; 4 attachments,"Transfer(s) Needed; ,Wire Repair; Cables running down pole",LOW HANGING WIRES,2959 FAIRMONT DRIVE,,,{2E1FF963-B218-454F-851B-9879B98467F3},CHRIS.WILLIAMS,1760024980000,CHRIS.WILLIAMS,1760024980000,429
408,,2025-09-15,2025-10-06,Initial,"Pole(s) Broken; ,Pole(S) Busting; ,Leaning Pole(s); Recently hit and damaged","Pole Removal(s) Needed; ,Wire Repair; Anchor broken 1 attachment",REMOVAL NEEDED,,3421 McGHEE RD,,{71A35963-BFCE-40A6-9CE5-BCDD7DFE9F6A},CHRIS.WILLIAMS,1760025409000,CHRIS.WILLIAMS,1760025409000,430
409,,2025-10-03,2025-10-06,,,,LOW HANGING WIRES,,,,{33A8A349-50FD-4FC9-B701-10BCA10BD147},CHRIS.WILLIAMS,1760026389000,CHRIS.WILLIAMS,1760026389000,431
410,,2025-10-03,2025-10-06,Initial,Pole Bottom(s); Old stub pole 1 attachment,Pole Removal(s) Needed;,REMOVAL NEEDED,4406 ESMOND DRIVE,,,{9BCEE3DB-AEDB-46A1-A0EF-2BA1EF083FDB},CHRIS.WILLIAMS,1760027953000,CHRIS.WILLIAMS,1760027953000,432
